[32moverriding node [1m[32mverbosity[0m[32m with value from ROS!
[0mSetting printing level to: INFO
[32moverriding node [1m[32mcalib_cam_extrinsics[0m[32m with value from ROS!
[0m[32moverriding node [1m[32mcalib_cam_intrinsics[0m[32m with value from ROS!
[0m[32moverriding node [1m[32mcalib_cam_timeoffset[0m[32m with value from ROS!
[0m[32moverriding node [1m[32mmax_cameras[0m[32m with value from ROS!
[0m[32moverriding node [1m[32mmax_cameras[0m[32m with value from ROS!
[0m[32moverriding node [1m[32muse_stereo[0m[32m with value from ROS!
[0m[32moverriding node [1m[32mrecord_timing_information[0m[32m with value from ROS!
[0m[32moverriding node [1m[32mrecord_timing_filepath[0m[32m with value from ROS!
[0m[32moverriding node [1m[32muse_stereo[0m[32m with value from ROS!
[0m[32moverriding node [1m[32mnum_opencv_threads[0m[32m with value from ROS!
[0m[32moverriding node [1m[32mmulti_threading_pubs[0m[32m with value from ROS!
[0m[32moverriding node [1m[32mmulti_threading_subs[0m[32m with value from ROS!
[0m[34m[TIME]: 0.0056 seconds total (177.7 hz, 0.50 ms behind)
[0m[33m[init]: not enough feats to compute disp: 0,0 < 15
[0m[34m[TIME]: 0.0019 seconds total (519.2 hz, 0.50 ms behind)
[0m[33m[init]: not enough feats to compute disp: 0,0 < 15
[0m[34m[TIME]: 0.0015 seconds total (671.6 hz, 0.50 ms behind)
[0m[33m[init]: not enough feats to compute disp: 0,82 < 15
[0m[34m[TIME]: 0.0014 seconds total (726.2 hz, 0.50 ms behind)
[0m[33m[init]: not enough feats to compute disp: 0,82 < 15
[0m[34m[TIME]: 0.0011 seconds total (914.9 hz, 0.50 ms behind)
[0m[33m[init]: not enough feats to compute disp: 0,82 < 15
[0m[34m[TIME]: 0.0011 seconds total (939.0 hz, 0.50 ms behind)
[0m[33m[init]: not enough feats to compute disp: 0,82 < 15
[0m[34m[TIME]: 0.0011 seconds total (948.8 hz, 0.50 ms behind)
[0m[33m[init]: not enough feats to compute disp: 0,82 < 15
[0m[34m[TIME]: 0.0010 seconds total (962.5 hz, 0.50 ms behind)
[0m[33m[init]: not enough feats to compute disp: 0,82 < 15
[0m[34m[TIME]: 0.0011 seconds total (932.0 hz, 0.50 ms behind)
[0m[33m[init]: not enough feats to compute disp: 0,82 < 15
[0m[34m[TIME]: 0.0011 seconds total (942.5 hz, 0.50 ms behind)
[0m[33m[init]: not enough feats to compute disp: 0,82 < 15
[0m[34m[TIME]: 0.0011 seconds total (914.1 hz, 0.50 ms behind)
[0m[33m[init]: not enough feats to compute disp: 0,82 < 15
[0m[34m[TIME]: 0.0011 seconds total (927.6 hz, 0.50 ms behind)
[0m[33m[init]: not enough feats to compute disp: 0,82 < 15
[0m[34m[TIME]: 0.0012 seconds total (813.7 hz, 0.50 ms behind)
[0m[33m[init]: not enough feats to compute disp: 0,82 < 15
[0m[34m[TIME]: 0.0011 seconds total (871.8 hz, 0.50 ms behind)
[0m[33m[init]: not enough feats to compute disp: 0,82 < 15
[0m[34m[TIME]: 0.0011 seconds total (948.8 hz, 0.50 ms behind)
[0m[33m[init]: not enough feats to compute disp: 0,82 < 15
[0m[34m[TIME]: 0.0011 seconds total (931.1 hz, 0.50 ms behind)
[0m[33m[init]: not enough feats to compute disp: 0,82 < 15
[0m[34m[TIME]: 0.0011 seconds total (918.3 hz, 0.50 ms behind)
[0m[33m[init]: not enough feats to compute disp: 0,82 < 15
[0m[34m[TIME]: 0.0011 seconds total (924.2 hz, 0.50 ms behind)
[0m[33m[init]: not enough feats to compute disp: 0,82 < 15
[0m[34m[TIME]: 0.0011 seconds total (944.3 hz, 0.50 ms behind)
[0m[33m[init]: not enough feats to compute disp: 0,82 < 15
[0m[34m[TIME]: 0.0011 seconds total (933.7 hz, 0.50 ms behind)
[0m[33m[init]: not enough feats to compute disp: 0,82 < 15
[0m[34m[TIME]: 0.0011 seconds total (939.0 hz, 0.50 ms behind)
[0m[33m[init]: not enough feats to compute disp: 0,82 < 15
[0m[34m[TIME]: 0.0011 seconds total (889.7 hz, 0.50 ms behind)
[0m[33m[init]: not enough feats to compute disp: 0,82 < 15
[0m[34m[TIME]: 0.0011 seconds total (944.3 hz, 0.50 ms behind)
[0m[33m[init]: disparity is 0.106,1.581 (10.00 thresh)
[0m[33m[init]: failed static init: no accel jerk detected
[0m[34m[TIME]: 0.0010 seconds total (956.9 hz, 0.50 ms behind)
[0m[33m[init]: disparity is 0.124,1.556 (10.00 thresh)
[0m[33m[init]: failed static init: no accel jerk detected
[0m[34m[TIME]: 0.0011 seconds total (925.1 hz, 0.50 ms behind)
[0m[33m[init]: disparity is 0.265,1.488 (10.00 thresh)
[0m[33m[init]: failed static init: no accel jerk detected
[0m[34m[TIME]: 0.0011 seconds total (944.3 hz, 0.50 ms behind)
[0m[33m[init]: disparity is 0.401,1.617 (10.00 thresh)
[0m[33m[init]: failed static init: no accel jerk detected
[0m[34m[TIME]: 0.0011 seconds total (912.4 hz, 0.50 ms behind)
[0m[33m[init]: disparity is 0.454,1.537 (10.00 thresh)
[0m[33m[init]: failed static init: no accel jerk detected
[0m[34m[TIME]: 0.0020 seconds total (499.3 hz, 0.50 ms behind)
[0m[33m[init]: disparity is 0.464,1.612 (10.00 thresh)
[0m[33m[init]: failed static init: no accel jerk detected
[0m[34m[TIME]: 0.0011 seconds total (918.3 hz, 0.50 ms behind)
[0m[33m[init]: disparity is 0.379,1.769 (10.00 thresh)
[0m[33m[init]: failed static init: no accel jerk detected
[0m[34m[TIME]: 0.0011 seconds total (945.2 hz, 0.50 ms behind)
[0m[33m[init]: disparity is 0.083,1.776 (10.00 thresh)
[0m[33m[init]: failed static init: no accel jerk detected
[0m[34m[TIME]: 0.0011 seconds total (913.2 hz, 0.50 ms behind)
[0m[33m[init]: disparity is 0.056,1.015 (10.00 thresh)
[0m[33m[init]: failed static init: no accel jerk detected
[0m[34m[TIME]: 0.0010 seconds total (957.9 hz, 0.50 ms behind)
[0m[33m[init]: disparity is 0.069,0.405 (10.00 thresh)
[0m[33m[init]: failed static init: no accel jerk detected
[0m[34m[TIME]: 0.0011 seconds total (912.4 hz, 0.50 ms behind)
[0m[33m[init]: disparity is 1.829,0.096 (10.00 thresh)
[0m[33m[init]: failed static init: no accel jerk detected
[0m[34m[TIME]: 0.0011 seconds total (926.8 hz, 0.50 ms behind)
[0m[33m[init]: disparity is 1.472,0.237 (10.00 thresh)
[0m[33m[init]: failed static init: no accel jerk detected
[0m[34m[TIME]: 0.0011 seconds total (903.3 hz, 0.50 ms behind)
[0m[33m[init]: disparity is 1.640,0.299 (10.00 thresh)
[0m[33m[init]: failed static init: no accel jerk detected
[0m[34m[TIME]: 0.0011 seconds total (925.9 hz, 0.50 ms behind)
[0m[33m[init]: disparity is 1.577,0.146 (10.00 thresh)
[0m[33m[init]: failed static init: no accel jerk detected
[0m[34m[TIME]: 0.0011 seconds total (899.3 hz, 0.50 ms behind)
[0m[33m[init]: disparity is 1.611,0.093 (10.00 thresh)
[0m[33m[init]: failed static init: no accel jerk detected
[0m[34m[TIME]: 0.0011 seconds total (920.8 hz, 0.50 ms behind)
[0m[33m[init]: disparity is 1.794,0.125 (10.00 thresh)
[0m[33m[init]: failed static init: no accel jerk detected
[0m[34m[TIME]: 0.0011 seconds total (905.0 hz, 0.50 ms behind)
[0m[33m[init]: disparity is 1.824,0.129 (10.00 thresh)
[0m[33m[init]: failed static init: no accel jerk detected
[0m[34m[TIME]: 0.0011 seconds total (895.3 hz, 0.50 ms behind)
[0m[33m[init]: disparity is 1.774,0.111 (10.00 thresh)
[0m[33m[init]: failed static init: no accel jerk detected
[0m[34m[TIME]: 0.0011 seconds total (915.8 hz, 0.50 ms behind)
[0m[33m[init]: disparity is 1.823,0.084 (10.00 thresh)
[0m[33m[init]: failed static init: no accel jerk detected
[0m[34m[TIME]: 0.0011 seconds total (926.8 hz, 0.50 ms behind)
[0m[33m[init]: disparity is 1.735,0.278 (10.00 thresh)
[0m[33m[init]: failed static init: no accel jerk detected
[0m[34m[TIME]: 0.0011 seconds total (890.5 hz, 0.50 ms behind)
[0m[33m[init]: disparity is 1.800,0.203 (10.00 thresh)
[0m[33m[init]: failed static init: no accel jerk detected
[0m[34m[TIME]: 0.0011 seconds total (928.5 hz, 0.50 ms behind)
[0m[33m[init]: disparity is 1.735,0.503 (10.00 thresh)
[0m[33m[init]: failed static init: no accel jerk detected
[0m[34m[TIME]: 0.0011 seconds total (905.0 hz, 0.50 ms behind)
[0m[33m[init]: disparity is 1.513,0.177 (10.00 thresh)
[0m[33m[init]: failed static init: no accel jerk detected
[0m[34m[TIME]: 0.0011 seconds total (887.3 hz, 0.50 ms behind)
[0m[33m[init]: disparity is 1.585,0.455 (10.00 thresh)
[0m[33m[init]: failed static init: no accel jerk detected
[0m[34m[TIME]: 0.0011 seconds total (941.6 hz, 0.50 ms behind)
[0m[33m[init]: disparity is 1.621,0.170 (10.00 thresh)
[0m[33m[init]: failed static init: no accel jerk detected
[0m[34m[TIME]: 0.0011 seconds total (936.3 hz, 0.50 ms behind)
[0m[33m[init]: disparity is 1.510,0.297 (10.00 thresh)
[0m[33m[init]: failed static init: no accel jerk detected
[0m[34m[TIME]: 0.0020 seconds total (493.3 hz, 0.50 ms behind)
[0m[33m[init]: disparity is 1.514,0.129 (10.00 thresh)
[0m[33m[init]: failed static init: no accel jerk detected
[0m[34m[TIME]: 0.0020 seconds total (501.0 hz, 0.50 ms behind)
[0m[33m[init]: disparity is 1.749,0.242 (10.00 thresh)
[0m[33m[init]: failed static init: no accel jerk detected
[0m[34m[TIME]: 0.0015 seconds total (669.8 hz, 0.50 ms behind)
[0m[33m[init]: disparity is 1.723,0.242 (10.00 thresh)
[0m[33m[init]: failed static init: no accel jerk detected
[0m[34m[TIME]: 0.0011 seconds total (913.2 hz, 0.50 ms behind)
[0m[33m[init]: disparity is 1.807,0.236 (10.00 thresh)
[0m[33m[init]: failed static init: no accel jerk detected
[0m[34m[TIME]: 0.0010 seconds total (953.3 hz, 0.50 ms behind)
[0m[33m[init]: disparity is 0.903,0.151 (10.00 thresh)
[0m[33m[init]: failed static init: no accel jerk detected
[0m[34m[TIME]: 0.0011 seconds total (900.1 hz, 0.50 ms behind)
[0m[33m[init]: disparity is 0.370,0.229 (10.00 thresh)
[0m[33m[init]: failed static init: no accel jerk detected
[0m[34m[TIME]: 0.0011 seconds total (903.3 hz, 0.50 ms behind)
[0m[33m[init]: disparity is 0.152,0.157 (10.00 thresh)
[0m[33m[init]: failed static init: no accel jerk detected
[0m[34m[TIME]: 0.0011 seconds total (896.1 hz, 0.50 ms behind)
[0m[33m[init]: disparity is 0.255,0.228 (10.00 thresh)
[0m[33m[init]: failed static init: no accel jerk detected
[0m[34m[TIME]: 0.0011 seconds total (908.3 hz, 0.50 ms behind)
[0m[33m[init]: disparity is 0.290,0.162 (10.00 thresh)
[0m[33m[init]: failed static init: no accel jerk detected
[0m[34m[TIME]: 0.0011 seconds total (905.8 hz, 0.50 ms behind)
[0m[33m[init]: disparity is 0.122,0.164 (10.00 thresh)
[0m[33m[init]: failed static init: no accel jerk detected
[0m[34m[TIME]: 0.0011 seconds total (913.2 hz, 0.50 ms behind)
[0m[33m[init]: disparity is 0.116,0.133 (10.00 thresh)
[0m[33m[init]: failed static init: no accel jerk detected
[0m[34m[TIME]: 0.0011 seconds total (917.4 hz, 0.50 ms behind)
[0m[33m[init]: disparity is 0.119,0.396 (10.00 thresh)
[0m[33m[init]: failed static init: no accel jerk detected
[0m[34m[TIME]: 0.0019 seconds total (521.1 hz, 0.50 ms behind)
[0m[33m[init]: disparity is 0.118,0.134 (10.00 thresh)
[0m[33m[init]: failed static init: no accel jerk detected
[0m[34m[TIME]: 0.0019 seconds total (516.5 hz, 0.50 ms behind)
[0m[33m[init]: disparity is 0.315,0.368 (10.00 thresh)
[0m[33m[init]: failed static init: no accel jerk detected
[0m[34m[TIME]: 0.0023 seconds total (441.3 hz, 0.50 ms behind)
[0m[33m[init]: disparity is 0.103,0.229 (10.00 thresh)
[0m[33m[init]: failed static init: no accel jerk detected
[0m[34m[TIME]: 0.0013 seconds total (776.4 hz, 0.50 ms behind)
[0m[33m[init]: disparity is 0.453,0.221 (10.00 thresh)
[0m[33m[init]: failed static init: no accel jerk detected
[0m[34m[TIME]: 0.0011 seconds total (888.9 hz, 0.50 ms behind)
[0m[33m[init]: disparity is 0.258,0.293 (10.00 thresh)
[0m[33m[init]: failed static init: no accel jerk detected
[0m[34m[TIME]: 0.0011 seconds total (885.7 hz, 0.50 ms behind)
[0m[33m[init]: disparity is 0.351,0.236 (10.00 thresh)
[0m[33m[init]: failed static init: no accel jerk detected
[0m[34m[TIME]: 0.0011 seconds total (903.3 hz, 0.50 ms behind)
[0m[33m[init]: disparity is 0.183,0.190 (10.00 thresh)
[0m[33m[init]: failed static init: no accel jerk detected
[0m[34m[TIME]: 0.0011 seconds total (897.7 hz, 0.50 ms behind)
[0m[33m[init]: disparity is 0.426,0.223 (10.00 thresh)
[0m[33m[init]: failed static init: no accel jerk detected
[0m[34m[TIME]: 0.0011 seconds total (895.3 hz, 0.50 ms behind)
[0m[33m[init]: disparity is 0.108,0.221 (10.00 thresh)
[0m[33m[init]: failed static init: no accel jerk detected
[0m[34m[TIME]: 0.0011 seconds total (934.6 hz, 0.50 ms behind)
[0m[33m[init]: disparity is 0.288,0.147 (10.00 thresh)
[0m[33m[init]: failed static init: no accel jerk detected
[0m[34m[TIME]: 0.0011 seconds total (939.8 hz, 0.50 ms behind)
[0m[33m[init]: disparity is 0.128,0.165 (10.00 thresh)
[0m[33m[init]: failed static init: no accel jerk detected
[0m[34m[TIME]: 0.0011 seconds total (930.2 hz, 0.50 ms behind)
[0m[33m[init]: disparity is 0.200,0.266 (10.00 thresh)
[0m[33m[init]: failed static init: no accel jerk detected
[0m[34m[TIME]: 0.0011 seconds total (933.7 hz, 0.50 ms behind)
[0m[33m[init]: disparity is 0.255,0.266 (10.00 thresh)
[0m[33m[init]: failed static init: no accel jerk detected
[0m[34m[TIME]: 0.0011 seconds total (946.1 hz, 0.50 ms behind)
[0m[33m[init]: disparity is 0.233,0.248 (10.00 thresh)
[0m[33m[init]: failed static init: no accel jerk detected
[0m[34m[TIME]: 0.0011 seconds total (934.6 hz, 0.50 ms behind)
[0m[33m[init]: disparity is 0.180,0.387 (10.00 thresh)
[0m[33m[init]: failed static init: no accel jerk detected
[0m[34m[TIME]: 0.0012 seconds total (836.8 hz, 0.50 ms behind)
[0m[33m[init]: disparity is 0.212,0.326 (10.00 thresh)
[0m[33m[init]: failed static init: no accel jerk detected
[0m[34m[TIME]: 0.0011 seconds total (947.9 hz, 0.50 ms behind)
[0m[33m[init]: disparity is 0.140,0.338 (10.00 thresh)
[0m[33m[init]: failed static init: no accel jerk detected
[0m[34m[TIME]: 0.0010 seconds total (958.8 hz, 0.50 ms behind)
[0m[33m[init]: disparity is 0.185,0.374 (10.00 thresh)
[0m[33m[init]: failed static init: no accel jerk detected
[0m[34m[TIME]: 0.0011 seconds total (905.8 hz, 0.50 ms behind)
[0m[33m[init]: disparity is 0.204,0.381 (10.00 thresh)
[0m[33m[init]: failed static init: no accel jerk detected
[0m[34m[TIME]: 0.0011 seconds total (949.7 hz, 0.50 ms behind)
[0m[33m[init]: disparity is 0.153,0.553 (10.00 thresh)
[0m[33m[init]: failed static init: no accel jerk detected
[0m[34m[TIME]: 0.0011 seconds total (942.5 hz, 0.50 ms behind)
[0m[33m[init]: disparity is 0.153,0.697 (10.00 thresh)
[0m[33m[init]: failed static init: no accel jerk detected
[0m[34m[TIME]: 0.0011 seconds total (901.7 hz, 0.50 ms behind)
[0m[33m[init]: disparity is 0.373,0.769 (10.00 thresh)
[0m[33m[init]: failed static init: no accel jerk detected
[0m[34m[TIME]: 0.0010 seconds total (952.4 hz, 0.50 ms behind)
[0m[33m[init]: disparity is 0.190,0.825 (10.00 thresh)
[0m[33m[init]: failed static init: no accel jerk detected
[0m[34m[TIME]: 0.0010 seconds total (958.8 hz, 0.50 ms behind)
[0m[33m[init]: disparity is 0.349,0.862 (10.00 thresh)
[0m[33m[init]: failed static init: no accel jerk detected
[0m[34m[TIME]: 0.0012 seconds total (865.1 hz, 0.50 ms behind)
[0m[33m[init]: disparity is 0.300,1.006 (10.00 thresh)
[0m[33m[init]: failed static init: no accel jerk detected
[0m[34m[TIME]: 0.0011 seconds total (912.4 hz, 0.50 ms behind)
[0m[33m[init]: disparity is 0.256,1.028 (10.00 thresh)
[0m[33m[init]: failed static init: no accel jerk detected
[0m[34m[TIME]: 0.0011 seconds total (941.6 hz, 0.50 ms behind)
[0m[33m[init]: disparity is 0.214,0.996 (10.00 thresh)
[0m[33m[init]: failed static init: no accel jerk detected
[0m[34m[TIME]: 0.0011 seconds total (935.5 hz, 0.50 ms behind)
[0m[33m[init]: disparity is 0.248,0.942 (10.00 thresh)
[0m[33m[init]: failed static init: no accel jerk detected
[0m[34m[TIME]: 0.0011 seconds total (939.8 hz, 0.50 ms behind)
[0m[33m[init]: disparity is 0.205,1.102 (10.00 thresh)
[0m[33m[init]: failed static init: no accel jerk detected
[0m[34m[TIME]: 0.0011 seconds total (949.7 hz, 0.50 ms behind)
[0m[33m[init]: disparity is 0.181,0.991 (10.00 thresh)
[0m[33m[init]: failed static init: no accel jerk detected
[0m[34m[TIME]: 0.0011 seconds total (947.9 hz, 0.50 ms behind)
[0m[33m[init]: disparity is 0.209,1.040 (10.00 thresh)
[0m[33m[init]: failed static init: no accel jerk detected
[0m[34m[TIME]: 0.0012 seconds total (851.1 hz, 0.50 ms behind)
[0m[33m[init]: disparity is 0.271,1.097 (10.00 thresh)
[0m[33m[init]: failed static init: no accel jerk detected
[0m[34m[TIME]: 0.0010 seconds total (959.7 hz, 0.50 ms behind)
[0m[33m[init]: disparity is 0.291,1.019 (10.00 thresh)
[0m[33m[init]: failed static init: no accel jerk detected
[0m[34m[TIME]: 0.0011 seconds total (906.6 hz, 0.50 ms behind)
[0m[33m[init]: disparity is 0.265,1.043 (10.00 thresh)
[0m[33m[init]: failed static init: no accel jerk detected
[0m[34m[TIME]: 0.0011 seconds total (905.8 hz, 0.50 ms behind)
[0m[33m[init]: disparity is 0.384,1.162 (10.00 thresh)
[0m[33m[init]: failed static init: no accel jerk detected
[0m[34m[TIME]: 0.0011 seconds total (934.6 hz, 0.50 ms behind)
[0m[33m[init]: disparity is 0.337,0.977 (10.00 thresh)
[0m[33m[init]: failed static init: no accel jerk detected
[0m[34m[TIME]: 0.0011 seconds total (941.6 hz, 0.50 ms behind)
[0m[33m[init]: disparity is 0.369,1.230 (10.00 thresh)
[0m[33m[init]: failed static init: no accel jerk detected
[0m[34m[TIME]: 0.0011 seconds total (903.3 hz, 0.50 ms behind)
[0m[33m[init]: disparity is 0.391,1.236 (10.00 thresh)
[0m[33m[init]: failed static init: no accel jerk detected
[0m[34m[TIME]: 0.0011 seconds total (927.6 hz, 0.50 ms behind)
[0m[33m[init]: disparity is 0.390,1.288 (10.00 thresh)
[0m[33m[init]: failed static init: no accel jerk detected
[0m[34m[TIME]: 0.0011 seconds total (928.5 hz, 0.50 ms behind)
[0m[33m[init]: disparity is 0.532,1.523 (10.00 thresh)
[0m[33m[init]: failed static init: no accel jerk detected
[0m[34m[TIME]: 0.0011 seconds total (888.9 hz, 0.50 ms behind)
[0m[33m[init]: disparity is 0.732,1.568 (10.00 thresh)
[0m[33m[init]: failed static init: no accel jerk detected
[0m[34m[TIME]: 0.0011 seconds total (930.2 hz, 0.50 ms behind)
[0m[33m[init]: disparity is 0.795,1.710 (10.00 thresh)
[0m[33m[init]: failed static init: no accel jerk detected
[0m[34m[TIME]: 0.0011 seconds total (936.3 hz, 0.50 ms behind)
[0m[33m[init]: disparity is 0.909,1.659 (10.00 thresh)
[0m[33m[init]: failed static init: no accel jerk detected
[0m[34m[TIME]: 0.0011 seconds total (901.7 hz, 0.50 ms behind)
[0m[33m[init]: disparity is 0.935,1.860 (10.00 thresh)
[0m[33m[init]: failed static init: no accel jerk detected
[0m[34m[TIME]: 0.0011 seconds total (917.4 hz, 0.50 ms behind)
[0m[33m[init]: disparity is 0.964,2.465 (10.00 thresh)
[0m[33m[init]: failed static init: no accel jerk detected
[0m[34m[TIME]: 0.0011 seconds total (936.3 hz, 0.50 ms behind)
[0m[33m[init]: disparity is 1.013,2.743 (10.00 thresh)
[0m[33m[init]: failed static init: no accel jerk detected
[0m[34m[TIME]: 0.0011 seconds total (949.7 hz, 0.50 ms behind)
[0m[33m[init]: disparity is 1.018,2.750 (10.00 thresh)
[0m[33m[init]: failed static init: no accel jerk detected
[0m[34m[TIME]: 0.0011 seconds total (897.7 hz, 0.50 ms behind)
[0m[33m[init]: disparity is 0.973,2.910 (10.00 thresh)
[0m[33m[init]: failed static init: no accel jerk detected
[0m[34m[TIME]: 0.0011 seconds total (885.0 hz, 0.50 ms behind)
[0m[33m[init]: disparity is 1.098,5.318 (10.00 thresh)
[0m[33m[init]: failed static init: no accel jerk detected
[0m[34m[TIME]: 0.0012 seconds total (865.8 hz, 0.50 ms behind)
[0m[33m[init]: disparity is 1.066,10.721 (10.00 thresh)
[0m[32m[init]: successful initialization in 0.0003 seconds
[0m[32m[init]: orientation = -0.7943, 0.0165, -0.6069, 0.0216
[0m[32m[init]: bias gyro = -0.0040, 0.0215, 0.0802
[0m[32m[init]: velocity = 0.0000, 0.0000, 0.0000
[0m[32m[init]: bias accel = -0.0525, 0.0030, 0.0143
[0m[32m[init]: position = 0.0000, 0.0000, 0.0000
[0m[34m[TIME]: 0.0014 seconds total (721.0 hz, 0.50 ms behind)
[0m[34m[TIME]: 0.0041 seconds total (243.8 hz, 0.50 ms behind)
[0m[34m[TIME]: 0.0031 seconds total (326.9 hz, 0.50 ms behind)
[0m[34m[TIME]: 0.0019 seconds total (530.8 hz, 0.50 ms behind)
[0m[34m[TIME]: 0.0018 seconds total (563.4 hz, 0.50 ms behind)
[0mq_GtoI = -0.811,0.022,-0.585,0.007 | p_IinG = -0.040,-0.045,0.003 | dist = 0.00 (meters)
bg = -0.0007,0.0322,0.0847 | ba = -0.0437,0.0022,0.0128
[34m[TIME]: 0.0029 seconds total (342.8 hz, 0.50 ms behind)
[0mq_GtoI = -0.809,0.015,-0.588,0.007 | p_IinG = -0.027,-0.046,-0.007 | dist = 0.01 (meters)
bg = -0.0109,0.0209,0.0839 | ba = -0.0431,0.0021,0.0137
[34m[TIME]: 0.0046 seconds total (217.5 hz, 0.50 ms behind)
[0mq_GtoI = -0.806,0.014,-0.591,0.005 | p_IinG = -0.025,-0.050,-0.009 | dist = 0.02 (meters)
bg = -0.0106,0.0179,0.0827 | ba = -0.0452,0.0018,0.0154
[34m[TIME]: 0.0045 seconds total (224.6 hz, 0.50 ms behind)
[0mq_GtoI = 0.808,-0.009,0.588,0.001 | p_IinG = -0.031,-0.057,-0.009 | dist = 0.03 (meters)
bg = -0.0103,0.0173,0.0817 | ba = -0.0443,0.0019,0.0151
[34m[TIME]: 0.0056 seconds total (177.0 hz, 0.50 ms behind)
[0mq_GtoI = 0.811,-0.006,0.585,0.006 | p_IinG = -0.038,-0.064,-0.007 | dist = 0.04 (meters)
bg = -0.0103,0.0169,0.0805 | ba = -0.0439,0.0018,0.0152
[34m[TIME]: 0.0027 seconds total (366.2 hz, 0.50 ms behind)
[0mq_GtoI = 0.815,-0.001,0.580,0.013 | p_IinG = -0.046,-0.072,-0.004 | dist = 0.05 (meters)
bg = -0.0100,0.0168,0.0797 | ba = -0.0455,0.0012,0.0163
[34m[TIME]: 0.0031 seconds total (318.0 hz, 0.50 ms behind)
[0mq_GtoI = 0.819,0.003,0.574,0.019 | p_IinG = -0.055,-0.079,0.001 | dist = 0.06 (meters)
bg = -0.0095,0.0173,0.0794 | ba = -0.0482,-0.0000,0.0180
[34m[TIME]: 0.0028 seconds total (352.4 hz, 0.50 ms behind)
[0mq_GtoI = 0.823,0.006,0.568,0.023 | p_IinG = -0.065,-0.085,0.008 | dist = 0.08 (meters)
bg = -0.0089,0.0179,0.0794 | ba = -0.0517,-0.0021,0.0206
[34m[TIME]: 0.0051 seconds total (196.0 hz, 0.50 ms behind)
[0mq_GtoI = 0.826,0.008,0.562,0.026 | p_IinG = -0.074,-0.090,0.017 | dist = 0.09 (meters)
bg = -0.0083,0.0187,0.0799 | ba = -0.0551,-0.0044,0.0229
[34m[TIME]: 0.0056 seconds total (178.9 hz, 0.50 ms behind)
[0mq_GtoI = 0.830,0.009,0.558,0.026 | p_IinG = -0.083,-0.094,0.029 | dist = 0.11 (meters)
bg = -0.0079,0.0193,0.0798 | ba = -0.0560,-0.0062,0.0240
[34m[TIME]: 0.0038 seconds total (264.4 hz, 0.50 ms behind)
[0mq_GtoI = 0.831,0.006,0.556,0.022 | p_IinG = -0.091,-0.097,0.043 | dist = 0.12 (meters)
bg = -0.0078,0.0196,0.0795 | ba = -0.0560,-0.0076,0.0248
[34m[TIME]: 0.0030 seconds total (331.6 hz, 0.50 ms behind)
[0mq_GtoI = 0.830,0.004,0.557,0.019 | p_IinG = -0.096,-0.099,0.057 | dist = 0.14 (meters)
bg = -0.0071,0.0197,0.0798 | ba = -0.0576,-0.0096,0.0268
[34m[TIME]: 0.0029 seconds total (342.9 hz, 0.50 ms behind)
[0mq_GtoI = 0.828,0.002,0.560,0.016 | p_IinG = -0.102,-0.101,0.072 | dist = 0.16 (meters)
bg = -0.0072,0.0197,0.0797 | ba = -0.0578,-0.0105,0.0274
[34m[TIME]: 0.0029 seconds total (344.8 hz, 0.50 ms behind)
[0mq_GtoI = 0.827,0.001,0.563,0.014 | p_IinG = -0.107,-0.100,0.086 | dist = 0.17 (meters)
bg = -0.0067,0.0210,0.0802 | ba = -0.0558,-0.0115,0.0268
[34m[TIME]: 0.0072 seconds total (139.0 hz, 0.50 ms behind)
[0mq_GtoI = 0.826,0.001,0.563,0.014 | p_IinG = -0.109,-0.098,0.094 | dist = 0.18 (meters)
bg = -0.0051,0.0221,0.0810 | ba = -0.0568,-0.0264,0.0411
[34m[TIME]: 0.0044 seconds total (228.9 hz, 0.50 ms behind)
[0mq_GtoI = 0.827,0.001,0.562,0.013 | p_IinG = -0.108,-0.098,0.096 | dist = 0.18 (meters)
bg = -0.0048,0.0220,0.0809 | ba = -0.0561,-0.0239,0.0387
[34m[TIME]: 0.0030 seconds total (338.3 hz, 0.50 ms behind)
[0mq_GtoI = 0.829,0.002,0.559,0.013 | p_IinG = -0.108,-0.098,0.094 | dist = 0.18 (meters)
bg = -0.0046,0.0219,0.0806 | ba = -0.0545,-0.0199,0.0342
[34m[TIME]: 0.0031 seconds total (327.1 hz, 0.50 ms behind)
[0mq_GtoI = 0.829,0.001,0.558,0.012 | p_IinG = -0.106,-0.099,0.090 | dist = 0.18 (meters)
bg = -0.0044,0.0218,0.0804 | ba = -0.0528,-0.0161,0.0298
[34m[TIME]: 0.0028 seconds total (351.9 hz, 0.50 ms behind)
[0mq_GtoI = 0.830,0.002,0.558,0.012 | p_IinG = -0.102,-0.097,0.087 | dist = 0.19 (meters)
bg = -0.0041,0.0217,0.0806 | ba = -0.0518,-0.0142,0.0272
[34m[TIME]: 0.0027 seconds total (364.3 hz, 0.50 ms behind)
[0mq_GtoI = 0.830,0.003,0.558,0.013 | p_IinG = -0.098,-0.097,0.085 | dist = 0.19 (meters)
bg = -0.0039,0.0214,0.0803 | ba = -0.0498,-0.0114,0.0238
[34m[TIME]: 0.0031 seconds total (319.6 hz, 0.50 ms behind)
[0mq_GtoI = 0.829,0.003,0.559,0.013 | p_IinG = -0.094,-0.099,0.087 | dist = 0.20 (meters)
bg = -0.0041,0.0208,0.0793 | ba = -0.0468,-0.0076,0.0212
[34m[TIME]: 0.0032 seconds total (310.7 hz, 0.50 ms behind)
[0mq_GtoI = 0.827,0.003,0.562,0.012 | p_IinG = -0.087,-0.096,0.095 | dist = 0.21 (meters)
bg = -0.0039,0.0208,0.0793 | ba = -0.0459,-0.0067,0.0195
[34m[TIME]: 0.0032 seconds total (310.7 hz, 0.50 ms behind)
[0mq_GtoI = 0.824,0.004,0.567,0.011 | p_IinG = -0.081,-0.097,0.105 | dist = 0.22 (meters)
bg = -0.0043,0.0205,0.0785 | ba = -0.0442,-0.0059,0.0194
[34m[TIME]: 0.0066 seconds total (150.6 hz, 0.50 ms behind)
[0mq_GtoI = 0.820,0.004,0.572,0.010 | p_IinG = -0.075,-0.100,0.119 | dist = 0.24 (meters)
bg = -0.0048,0.0199,0.0775 | ba = -0.0418,-0.0036,0.0193
[34m[TIME]: 0.0043 seconds total (235.2 hz, 0.50 ms behind)
[0mq_GtoI = 0.817,0.003,0.577,0.008 | p_IinG = -0.068,-0.098,0.138 | dist = 0.26 (meters)
bg = -0.0049,0.0197,0.0770 | ba = -0.0415,-0.0048,0.0240
[34m[TIME]: 0.0054 seconds total (186.4 hz, 0.50 ms behind)
[0mq_GtoI = 0.815,0.002,0.580,0.006 | p_IinG = -0.061,-0.098,0.160 | dist = 0.29 (meters)
bg = -0.0050,0.0195,0.0765 | ba = -0.0421,-0.0063,0.0297
[34m[TIME]: 0.0061 seconds total (162.9 hz, 0.50 ms behind)
[0mq_GtoI = 0.813,0.002,0.582,0.006 | p_IinG = -0.053,-0.095,0.184 | dist = 0.31 (meters)
bg = -0.0050,0.0194,0.0763 | ba = -0.0416,-0.0062,0.0309
[34m[TIME]: 0.0039 seconds total (255.6 hz, 0.50 ms behind)
[0mq_GtoI = 0.811,0.002,0.584,0.005 | p_IinG = -0.046,-0.092,0.208 | dist = 0.34 (meters)
bg = -0.0050,0.0194,0.0762 | ba = -0.0419,-0.0069,0.0317
[34m[TIME]: 0.0038 seconds total (263.6 hz, 0.50 ms behind)
[0mq_GtoI = 0.811,-0.001,0.586,0.001 | p_IinG = -0.039,-0.089,0.231 | dist = 0.36 (meters)
bg = -0.0050,0.0194,0.0762 | ba = -0.0419,-0.0077,0.0317
[34m[TIME]: 0.0042 seconds total (238.5 hz, 0.50 ms behind)
[0mq_GtoI = -0.810,0.003,-0.586,0.004 | p_IinG = -0.033,-0.086,0.254 | dist = 0.38 (meters)
bg = -0.0050,0.0195,0.0761 | ba = -0.0429,-0.0089,0.0322
[34m[TIME]: 0.0031 seconds total (320.9 hz, 0.50 ms behind)
[0mq_GtoI = -0.810,0.006,-0.587,0.008 | p_IinG = -0.027,-0.084,0.276 | dist = 0.41 (meters)
bg = -0.0050,0.0196,0.0759 | ba = -0.0440,-0.0103,0.0315
[34m[TIME]: 0.0037 seconds total (271.4 hz, 0.50 ms behind)
[0mq_GtoI = -0.809,0.009,-0.587,0.012 | p_IinG = -0.021,-0.082,0.296 | dist = 0.43 (meters)
bg = -0.0050,0.0197,0.0759 | ba = -0.0447,-0.0111,0.0306
[34m[TIME]: 0.0030 seconds total (338.4 hz, 0.50 ms behind)
[0mq_GtoI = -0.809,0.010,-0.588,0.015 | p_IinG = -0.016,-0.082,0.313 | dist = 0.45 (meters)
bg = -0.0051,0.0197,0.0758 | ba = -0.0437,-0.0124,0.0299
[34m[TIME]: 0.0035 seconds total (284.3 hz, 0.50 ms behind)
[0mq_GtoI = -0.809,0.011,-0.588,0.016 | p_IinG = -0.010,-0.081,0.326 | dist = 0.46 (meters)
bg = -0.0050,0.0199,0.0758 | ba = -0.0437,-0.0136,0.0286
[34m[TIME]: 0.0055 seconds total (181.2 hz, 0.50 ms behind)
[0mq_GtoI = -0.809,0.010,-0.588,0.016 | p_IinG = -0.005,-0.084,0.336 | dist = 0.47 (meters)
bg = -0.0052,0.0200,0.0755 | ba = -0.0439,-0.0158,0.0281
[34m[TIME]: 0.0052 seconds total (190.8 hz, 0.50 ms behind)
[0mq_GtoI = -0.809,0.009,-0.588,0.015 | p_IinG = -0.001,-0.089,0.342 | dist = 0.48 (meters)
bg = -0.0055,0.0201,0.0752 | ba = -0.0414,-0.0186,0.0289
[34m[TIME]: 0.0039 seconds total (258.1 hz, 0.50 ms behind)
[0mq_GtoI = -0.808,0.007,-0.589,0.013 | p_IinG = 0.003,-0.094,0.346 | dist = 0.48 (meters)
bg = -0.0056,0.0202,0.0750 | ba = -0.0413,-0.0205,0.0287
[34m[TIME]: 0.0043 seconds total (234.3 hz, 0.50 ms behind)
[0mq_GtoI = -0.807,0.005,-0.591,0.010 | p_IinG = 0.009,-0.095,0.350 | dist = 0.49 (meters)
bg = -0.0053,0.0205,0.0753 | ba = -0.0392,-0.0257,0.0284
[34m[TIME]: 0.0052 seconds total (191.8 hz, 0.50 ms behind)
[0mq_GtoI = -0.805,0.002,-0.594,0.007 | p_IinG = 0.012,-0.100,0.352 | dist = 0.49 (meters)
bg = -0.0054,0.0206,0.0752 | ba = -0.0382,-0.0274,0.0295
[34m[TIME]: 0.0055 seconds total (182.3 hz, 0.50 ms behind)
[0mq_GtoI = -0.803,-0.001,-0.596,0.004 | p_IinG = 0.015,-0.104,0.353 | dist = 0.50 (meters)
bg = -0.0053,0.0207,0.0753 | ba = -0.0345,-0.0312,0.0312
[34m[TIME]: 0.0061 seconds total (164.6 hz, 0.50 ms behind)
[0mq_GtoI = -0.801,-0.004,-0.598,0.002 | p_IinG = 0.016,-0.108,0.353 | dist = 0.51 (meters)
bg = -0.0052,0.0208,0.0755 | ba = -0.0340,-0.0327,0.0309
[34m[TIME]: 0.0055 seconds total (183.2 hz, 0.50 ms behind)
[0mq_GtoI = -0.802,-0.005,-0.598,0.001 | p_IinG = 0.017,-0.110,0.352 | dist = 0.51 (meters)
bg = -0.0050,0.0209,0.0758 | ba = -0.0334,-0.0355,0.0299
[34m[TIME]: 0.0052 seconds total (192.5 hz, 0.50 ms behind)
[0mq_GtoI = -0.803,-0.006,-0.596,0.001 | p_IinG = 0.016,-0.113,0.349 | dist = 0.52 (meters)
bg = -0.0048,0.0210,0.0760 | ba = -0.0338,-0.0365,0.0288
[34m[TIME]: 0.0042 seconds total (236.7 hz, 0.50 ms behind)
[0mq_GtoI = -0.805,-0.007,-0.594,0.001 | p_IinG = 0.014,-0.117,0.346 | dist = 0.52 (meters)
bg = -0.0047,0.0210,0.0762 | ba = -0.0341,-0.0376,0.0278
[34m[TIME]: 0.0041 seconds total (243.7 hz, 0.50 ms behind)
[0mq_GtoI = -0.807,-0.008,-0.590,0.002 | p_IinG = 0.011,-0.120,0.341 | dist = 0.53 (meters)
bg = -0.0046,0.0210,0.0764 | ba = -0.0341,-0.0386,0.0273
[34m[TIME]: 0.0042 seconds total (238.4 hz, 0.50 ms behind)
[0mq_GtoI = -0.810,-0.008,-0.587,0.002 | p_IinG = 0.007,-0.124,0.336 | dist = 0.54 (meters)
bg = -0.0045,0.0209,0.0765 | ba = -0.0341,-0.0391,0.0271
[34m[TIME]: 0.0065 seconds total (153.8 hz, 0.50 ms behind)
[0mq_GtoI = -0.812,-0.009,-0.583,0.001 | p_IinG = 0.002,-0.127,0.330 | dist = 0.55 (meters)
bg = -0.0044,0.0209,0.0767 | ba = -0.0339,-0.0392,0.0273
[34m[TIME]: 0.0043 seconds total (234.0 hz, 0.50 ms behind)
[0mq_GtoI = -0.815,-0.009,-0.580,0.001 | p_IinG = -0.002,-0.131,0.323 | dist = 0.56 (meters)
bg = -0.0043,0.0209,0.0767 | ba = -0.0340,-0.0393,0.0275
[34m[TIME]: 0.0044 seconds total (226.6 hz, 0.50 ms behind)
[0mq_GtoI = -0.817,-0.009,-0.576,0.000 | p_IinG = -0.007,-0.135,0.317 | dist = 0.57 (meters)
bg = -0.0042,0.0209,0.0769 | ba = -0.0336,-0.0396,0.0284
[34m[TIME]: 0.0077 seconds total (129.5 hz, 0.50 ms behind)
[0mq_GtoI = -0.820,-0.010,-0.572,0.000 | p_IinG = -0.012,-0.138,0.313 | dist = 0.57 (meters)
bg = -0.0042,0.0209,0.0770 | ba = -0.0337,-0.0394,0.0284
[34m[TIME]: 0.0092 seconds total (108.4 hz, 0.50 ms behind)
[0mq_GtoI = -0.819,-0.009,-0.573,0.001 | p_IinG = -0.016,-0.142,0.313 | dist = 0.58 (meters)
bg = -0.0041,0.0209,0.0770 | ba = -0.0325,-0.0384,0.0291
[34m[TIME]: 0.0043 seconds total (230.0 hz, 0.50 ms behind)
[0mq_GtoI = -0.818,-0.010,-0.576,0.000 | p_IinG = -0.020,-0.146,0.315 | dist = 0.59 (meters)
bg = -0.0040,0.0209,0.0771 | ba = -0.0302,-0.0370,0.0297
[34m[TIME]: 0.0047 seconds total (214.9 hz, 0.50 ms behind)
[0mq_GtoI = -0.815,-0.010,-0.579,0.000 | p_IinG = -0.023,-0.149,0.320 | dist = 0.59 (meters)
bg = -0.0040,0.0209,0.0772 | ba = -0.0269,-0.0346,0.0299
[34m[TIME]: 0.0041 seconds total (243.0 hz, 0.50 ms behind)
[0mq_GtoI = -0.813,-0.009,-0.582,0.002 | p_IinG = -0.027,-0.153,0.328 | dist = 0.60 (meters)
bg = -0.0039,0.0209,0.0772 | ba = -0.0237,-0.0323,0.0289
[34m[TIME]: 0.0048 seconds total (207.1 hz, 0.50 ms behind)
[0mq_GtoI = -0.812,-0.009,-0.583,0.002 | p_IinG = -0.030,-0.156,0.337 | dist = 0.61 (meters)
bg = -0.0039,0.0209,0.0773 | ba = -0.0208,-0.0300,0.0285
[34m[TIME]: 0.0042 seconds total (238.4 hz, 0.50 ms behind)
[0mq_GtoI = -0.812,-0.008,-0.583,0.003 | p_IinG = -0.034,-0.159,0.348 | dist = 0.63 (meters)
bg = -0.0038,0.0209,0.0773 | ba = -0.0179,-0.0278,0.0282
[34m[TIME]: 0.0040 seconds total (250.6 hz, 0.50 ms behind)
[0mq_GtoI = -0.812,-0.007,-0.584,0.004 | p_IinG = -0.038,-0.163,0.361 | dist = 0.64 (meters)
bg = -0.0038,0.0209,0.0774 | ba = -0.0155,-0.0261,0.0280
[34m[TIME]: 0.0040 seconds total (248.9 hz, 0.50 ms behind)
[0mq_GtoI = -0.812,-0.004,-0.583,0.004 | p_IinG = -0.042,-0.166,0.373 | dist = 0.65 (meters)
bg = -0.0038,0.0209,0.0775 | ba = -0.0138,-0.0245,0.0280
[34m[TIME]: 0.0050 seconds total (201.5 hz, 0.50 ms behind)
[0mq_GtoI = -0.813,-0.001,-0.583,0.003 | p_IinG = -0.047,-0.170,0.383 | dist = 0.67 (meters)
bg = -0.0037,0.0209,0.0776 | ba = -0.0130,-0.0234,0.0287
[34m[TIME]: 0.0041 seconds total (244.4 hz, 0.50 ms behind)
[0mq_GtoI = -0.813,0.003,-0.582,0.000 | p_IinG = -0.051,-0.175,0.388 | dist = 0.67 (meters)
bg = -0.0036,0.0208,0.0778 | ba = -0.0135,-0.0226,0.0295
[34m[TIME]: 0.0046 seconds total (219.5 hz, 0.50 ms behind)
[0mq_GtoI = 0.815,-0.006,0.579,0.002 | p_IinG = -0.057,-0.179,0.389 | dist = 0.68 (meters)
bg = -0.0036,0.0208,0.0778 | ba = -0.0151,-0.0217,0.0309
[34m[TIME]: 0.0052 seconds total (192.7 hz, 0.50 ms behind)
[0mq_GtoI = 0.818,-0.010,0.575,0.005 | p_IinG = -0.062,-0.184,0.386 | dist = 0.69 (meters)
bg = -0.0035,0.0208,0.0779 | ba = -0.0179,-0.0214,0.0328
[34m[TIME]: 0.0078 seconds total (128.6 hz, 0.50 ms behind)
[0mq_GtoI = 0.821,-0.014,0.570,0.009 | p_IinG = -0.067,-0.190,0.381 | dist = 0.70 (meters)
bg = -0.0035,0.0209,0.0780 | ba = -0.0208,-0.0205,0.0352
[34m[TIME]: 0.0098 seconds total (101.9 hz, 0.50 ms behind)
[0mq_GtoI = 0.825,-0.019,0.565,0.013 | p_IinG = -0.071,-0.196,0.375 | dist = 0.71 (meters)
bg = -0.0035,0.0209,0.0780 | ba = -0.0241,-0.0191,0.0387
[34m[TIME]: 0.0053 seconds total (187.8 hz, 0.50 ms behind)
[0mq_GtoI = 0.827,-0.024,0.561,0.018 | p_IinG = -0.074,-0.202,0.369 | dist = 0.72 (meters)
bg = -0.0035,0.0209,0.0780 | ba = -0.0260,-0.0178,0.0413
[34m[TIME]: 0.0044 seconds total (227.7 hz, 0.50 ms behind)
[0mq_GtoI = 0.830,-0.028,0.556,0.022 | p_IinG = -0.077,-0.209,0.364 | dist = 0.73 (meters)
bg = -0.0034,0.0209,0.0780 | ba = -0.0285,-0.0159,0.0450
[34m[TIME]: 0.0047 seconds total (212.4 hz, 0.50 ms behind)
[0mq_GtoI = 0.832,-0.032,0.554,0.025 | p_IinG = -0.078,-0.216,0.360 | dist = 0.74 (meters)
bg = -0.0034,0.0209,0.0780 | ba = -0.0305,-0.0136,0.0488
[34m[TIME]: 0.0079 seconds total (126.5 hz, 0.50 ms behind)
[0mq_GtoI = 0.832,-0.035,0.552,0.028 | p_IinG = -0.077,-0.222,0.360 | dist = 0.74 (meters)
bg = -0.0034,0.0209,0.0780 | ba = -0.0325,-0.0104,0.0549
[34m[TIME]: 0.0041 seconds total (244.6 hz, 0.50 ms behind)
[0mq_GtoI = 0.831,-0.037,0.554,0.031 | p_IinG = -0.073,-0.228,0.363 | dist = 0.75 (meters)
bg = -0.0034,0.0209,0.0780 | ba = -0.0339,-0.0081,0.0623
[34m[TIME]: 0.0046 seconds total (218.4 hz, 0.50 ms behind)
[0mq_GtoI = 0.828,-0.040,0.559,0.032 | p_IinG = -0.069,-0.235,0.369 | dist = 0.76 (meters)
bg = -0.0034,0.0209,0.0780 | ba = -0.0349,-0.0062,0.0665
[34m[TIME]: 0.0046 seconds total (218.2 hz, 0.50 ms behind)
[0mq_GtoI = 0.822,-0.042,0.566,0.033 | p_IinG = -0.063,-0.240,0.377 | dist = 0.77 (meters)
bg = -0.0034,0.0209,0.0780 | ba = -0.0351,-0.0045,0.0710
[34m[TIME]: 0.0041 seconds total (246.9 hz, 0.50 ms behind)
[0mq_GtoI = 0.817,-0.044,0.573,0.033 | p_IinG = -0.057,-0.246,0.387 | dist = 0.79 (meters)
bg = -0.0034,0.0209,0.0780 | ba = -0.0350,-0.0038,0.0741
[34m[TIME]: 0.0063 seconds total (159.4 hz, 0.50 ms behind)
[0mq_GtoI = 0.814,-0.048,0.578,0.031 | p_IinG = -0.051,-0.252,0.398 | dist = 0.80 (meters)
bg = -0.0034,0.0209,0.0780 | ba = -0.0351,-0.0040,0.0774
[34m[TIME]: 0.0053 seconds total (189.0 hz, 0.50 ms behind)
[0mq_GtoI = 0.811,-0.051,0.582,0.028 | p_IinG = -0.046,-0.258,0.410 | dist = 0.81 (meters)
bg = -0.0034,0.0209,0.0780 | ba = -0.0363,-0.0075,0.0801
[34m[TIME]: 0.0061 seconds total (164.6 hz, 0.50 ms behind)
[0mq_GtoI = 0.810,-0.053,0.584,0.026 | p_IinG = -0.041,-0.265,0.423 | dist = 0.83 (meters)
bg = -0.0034,0.0209,0.0781 | ba = -0.0365,-0.0079,0.0804
[34m[TIME]: 0.0043 seconds total (234.7 hz, 0.50 ms behind)
[0mq_GtoI = 0.810,-0.054,0.584,0.025 | p_IinG = -0.036,-0.271,0.435 | dist = 0.84 (meters)
bg = -0.0034,0.0209,0.0781 | ba = -0.0360,-0.0099,0.0825
[34m[TIME]: 0.0047 seconds total (211.5 hz, 0.50 ms behind)
[0mq_GtoI = 0.809,-0.055,0.584,0.023 | p_IinG = -0.032,-0.279,0.446 | dist = 0.86 (meters)
bg = -0.0034,0.0209,0.0781 | ba = -0.0355,-0.0120,0.0842
[34m[TIME]: 0.0038 seconds total (260.9 hz, 0.50 ms behind)
[0mq_GtoI = 0.810,-0.055,0.584,0.022 | p_IinG = -0.028,-0.287,0.454 | dist = 0.87 (meters)
bg = -0.0033,0.0209,0.0781 | ba = -0.0354,-0.0108,0.0837
[34m[TIME]: 0.0036 seconds total (276.9 hz, 0.50 ms behind)
[0mq_GtoI = 0.810,-0.056,0.583,0.021 | p_IinG = -0.025,-0.296,0.462 | dist = 0.88 (meters)
bg = -0.0033,0.0209,0.0782 | ba = -0.0350,-0.0099,0.0840
[34m[TIME]: 0.0034 seconds total (291.2 hz, 0.50 ms behind)
[0mq_GtoI = 0.810,-0.056,0.583,0.019 | p_IinG = -0.022,-0.305,0.468 | dist = 0.89 (meters)
bg = -0.0033,0.0209,0.0782 | ba = -0.0344,-0.0096,0.0843
[34m[TIME]: 0.0038 seconds total (260.8 hz, 0.50 ms behind)
[0mq_GtoI = 0.810,-0.055,0.583,0.018 | p_IinG = -0.020,-0.315,0.472 | dist = 0.90 (meters)
bg = -0.0033,0.0209,0.0782 | ba = -0.0336,-0.0091,0.0848
[34m[TIME]: 0.0034 seconds total (293.2 hz, 0.50 ms behind)
[0mq_GtoI = 0.811,-0.054,0.583,0.021 | p_IinG = -0.018,-0.327,0.475 | dist = 0.92 (meters)
bg = -0.0033,0.0209,0.0783 | ba = -0.0325,-0.0082,0.0862
[34m[TIME]: 0.0035 seconds total (282.2 hz, 0.50 ms behind)
[0mq_GtoI = 0.812,-0.055,0.580,0.024 | p_IinG = -0.017,-0.339,0.476 | dist = 0.93 (meters)
bg = -0.0033,0.0209,0.0783 | ba = -0.0311,-0.0067,0.0886
[34m[TIME]: 0.0067 seconds total (149.9 hz, 0.50 ms behind)
[0mq_GtoI = 0.814,-0.055,0.577,0.029 | p_IinG = -0.016,-0.352,0.475 | dist = 0.94 (meters)
bg = -0.0033,0.0209,0.0784 | ba = -0.0301,-0.0052,0.0914
[34m[TIME]: 0.0065 seconds total (153.9 hz, 0.50 ms behind)
[0mq_GtoI = 0.817,-0.057,0.573,0.034 | p_IinG = -0.015,-0.366,0.474 | dist = 0.96 (meters)
bg = -0.0033,0.0209,0.0784 | ba = -0.0293,-0.0033,0.0927
[34m[TIME]: 0.0043 seconds total (234.4 hz, 0.50 ms behind)
[0mq_GtoI = 0.819,-0.059,0.569,0.038 | p_IinG = -0.014,-0.379,0.474 | dist = 0.97 (meters)
bg = -0.0033,0.0209,0.0784 | ba = -0.0280,-0.0022,0.0948
[34m[TIME]: 0.0059 seconds total (170.4 hz, 0.50 ms behind)
[0mq_GtoI = 0.821,-0.061,0.566,0.041 | p_IinG = -0.013,-0.393,0.476 | dist = 0.99 (meters)
bg = -0.0033,0.0209,0.0784 | ba = -0.0273,-0.0005,0.0943
[34m[TIME]: 0.0044 seconds total (226.9 hz, 0.50 ms behind)
[0mq_GtoI = 0.823,-0.063,0.563,0.042 | p_IinG = -0.014,-0.407,0.481 | dist = 1.00 (meters)
bg = -0.0033,0.0210,0.0785 | ba = -0.0274,0.0036,0.0922
[34m[TIME]: 0.0040 seconds total (250.9 hz, 0.50 ms behind)
[0mq_GtoI = 0.823,-0.066,0.562,0.044 | p_IinG = -0.015,-0.421,0.487 | dist = 1.02 (meters)
bg = -0.0033,0.0210,0.0785 | ba = -0.0272,0.0086,0.0902
[34m[TIME]: 0.0039 seconds total (256.8 hz, 0.50 ms behind)
[0mq_GtoI = 0.824,-0.067,0.561,0.047 | p_IinG = -0.016,-0.435,0.496 | dist = 1.03 (meters)
bg = -0.0033,0.0210,0.0785 | ba = -0.0270,0.0112,0.0876
[34m[TIME]: 0.0037 seconds total (268.0 hz, 0.50 ms behind)
[0mq_GtoI = 0.823,-0.071,0.561,0.049 | p_IinG = -0.016,-0.449,0.503 | dist = 1.05 (meters)
bg = -0.0033,0.0210,0.0785 | ba = -0.0275,0.0176,0.0844
[34m[TIME]: 0.0046 seconds total (216.2 hz, 0.50 ms behind)
[0mq_GtoI = 0.822,-0.076,0.561,0.052 | p_IinG = -0.016,-0.465,0.510 | dist = 1.07 (meters)
bg = -0.0033,0.0210,0.0785 | ba = -0.0285,0.0206,0.0802
[34m[TIME]: 0.0087 seconds total (114.7 hz, 0.50 ms behind)
[0mq_GtoI = 0.821,-0.080,0.563,0.055 | p_IinG = -0.014,-0.480,0.515 | dist = 1.08 (meters)
bg = -0.0033,0.0210,0.0785 | ba = -0.0284,0.0252,0.0772
[34m[TIME]: 0.0038 seconds total (264.6 hz, 0.50 ms behind)
[0mq_GtoI = 0.819,-0.085,0.565,0.056 | p_IinG = -0.012,-0.496,0.518 | dist = 1.10 (meters)
bg = -0.0033,0.0210,0.0785 | ba = -0.0282,0.0291,0.0734
[34m[TIME]: 0.0038 seconds total (266.6 hz, 0.50 ms behind)
[0mq_GtoI = 0.817,-0.090,0.566,0.057 | p_IinG = -0.008,-0.511,0.520 | dist = 1.11 (meters)
bg = -0.0033,0.0211,0.0785 | ba = -0.0280,0.0365,0.0705
[34m[TIME]: 0.0042 seconds total (238.7 hz, 0.50 ms behind)
[0mq_GtoI = 0.815,-0.095,0.569,0.056 | p_IinG = -0.004,-0.528,0.521 | dist = 1.13 (meters)
bg = -0.0034,0.0211,0.0785 | ba = -0.0279,0.0425,0.0658
[34m[TIME]: 0.0044 seconds total (229.1 hz, 0.50 ms behind)
[0mq_GtoI = 0.812,-0.102,0.572,0.056 | p_IinG = 0.001,-0.544,0.520 | dist = 1.15 (meters)
bg = -0.0034,0.0211,0.0785 | ba = -0.0281,0.0516,0.0625
[34m[TIME]: 0.0071 seconds total (140.7 hz, 0.50 ms behind)
[0mq_GtoI = 0.810,-0.109,0.574,0.057 | p_IinG = 0.004,-0.562,0.517 | dist = 1.16 (meters)
bg = -0.0034,0.0211,0.0785 | ba = -0.0283,0.0551,0.0577
[34m[TIME]: 0.0053 seconds total (189.9 hz, 0.50 ms behind)
[0mq_GtoI = 0.809,-0.117,0.573,0.059 | p_IinG = 0.009,-0.580,0.512 | dist = 1.18 (meters)
bg = -0.0034,0.0211,0.0785 | ba = -0.0283,0.0640,0.0537
[34m[TIME]: 0.0042 seconds total (235.5 hz, 0.50 ms behind)
[0mq_GtoI = 0.810,-0.124,0.570,0.064 | p_IinG = 0.013,-0.600,0.506 | dist = 1.20 (meters)
bg = -0.0035,0.0211,0.0785 | ba = -0.0287,0.0710,0.0504
[34m[TIME]: 0.0037 seconds total (270.3 hz, 0.50 ms behind)
[0mq_GtoI = 0.812,-0.131,0.565,0.069 | p_IinG = 0.018,-0.620,0.498 | dist = 1.22 (meters)
bg = -0.0035,0.0212,0.0785 | ba = -0.0284,0.0785,0.0492
[34m[TIME]: 0.0034 seconds total (290.6 hz, 0.50 ms behind)
[0mq_GtoI = 0.814,-0.139,0.559,0.075 | p_IinG = 0.027,-0.642,0.488 | dist = 1.24 (meters)
bg = -0.0035,0.0212,0.0785 | ba = -0.0302,0.0977,0.0468
[34m[TIME]: 0.0059 seconds total (169.3 hz, 0.50 ms behind)
[0mq_GtoI = 0.815,-0.147,0.554,0.082 | p_IinG = 0.035,-0.664,0.477 | dist = 1.27 (meters)
bg = -0.0035,0.0213,0.0785 | ba = -0.0298,0.1113,0.0467
[34m[TIME]: 0.0040 seconds total (252.8 hz, 0.50 ms behind)
[0mq_GtoI = 0.816,-0.156,0.550,0.088 | p_IinG = 0.042,-0.686,0.464 | dist = 1.29 (meters)
bg = -0.0036,0.0213,0.0785 | ba = -0.0288,0.1193,0.0458
[34m[TIME]: 0.0070 seconds total (143.5 hz, 0.50 ms behind)
[0mq_GtoI = 0.815,-0.165,0.547,0.095 | p_IinG = 0.049,-0.709,0.451 | dist = 1.32 (meters)
bg = -0.0036,0.0213,0.0785 | ba = -0.0273,0.1258,0.0461
[34m[TIME]: 0.0043 seconds total (230.0 hz, 0.50 ms behind)
[0mq_GtoI = 0.815,-0.174,0.544,0.101 | p_IinG = 0.059,-0.732,0.438 | dist = 1.34 (meters)
bg = -0.0036,0.0213,0.0785 | ba = -0.0258,0.1336,0.0471
[34m[TIME]: 0.0042 seconds total (240.1 hz, 0.50 ms behind)
[0mq_GtoI = 0.814,-0.181,0.542,0.107 | p_IinG = 0.071,-0.756,0.426 | dist = 1.37 (meters)
bg = -0.0036,0.0214,0.0785 | ba = -0.0257,0.1478,0.0469
[34m[TIME]: 0.0067 seconds total (150.2 hz, 0.50 ms behind)
[0mq_GtoI = 0.813,-0.188,0.541,0.110 | p_IinG = 0.085,-0.780,0.415 | dist = 1.40 (meters)
bg = -0.0037,0.0214,0.0785 | ba = -0.0260,0.1685,0.0457
[34m[TIME]: 0.0040 seconds total (248.6 hz, 0.50 ms behind)
[0mq_GtoI = 0.810,-0.193,0.541,0.114 | p_IinG = 0.094,-0.804,0.407 | dist = 1.42 (meters)
bg = -0.0037,0.0214,0.0785 | ba = -0.0277,0.1751,0.0420
[34m[TIME]: 0.0045 seconds total (221.7 hz, 0.50 ms behind)
[0mq_GtoI = 0.807,-0.197,0.544,0.118 | p_IinG = 0.109,-0.828,0.401 | dist = 1.45 (meters)
bg = -0.0037,0.0214,0.0785 | ba = -0.0292,0.1926,0.0427
[34m[TIME]: 0.0043 seconds total (230.7 hz, 0.50 ms behind)
[0mq_GtoI = 0.802,-0.200,0.549,0.121 | p_IinG = 0.122,-0.853,0.398 | dist = 1.47 (meters)
bg = -0.0037,0.0214,0.0784 | ba = -0.0305,0.1973,0.0397
[34m[TIME]: 0.0064 seconds total (156.3 hz, 0.50 ms behind)
[0mq_GtoI = 0.798,-0.202,0.554,0.125 | p_IinG = 0.135,-0.879,0.397 | dist = 1.50 (meters)
bg = -0.0038,0.0214,0.0784 | ba = -0.0320,0.2050,0.0377
[34m[TIME]: 0.0033 seconds total (305.4 hz, 0.50 ms behind)
[0mq_GtoI = 0.794,-0.204,0.559,0.127 | p_IinG = 0.148,-0.904,0.398 | dist = 1.53 (meters)
bg = -0.0038,0.0214,0.0784 | ba = -0.0325,0.2073,0.0374
[34m[TIME]: 0.0074 seconds total (134.7 hz, 0.50 ms behind)
[0mq_GtoI = 0.792,-0.205,0.561,0.128 | p_IinG = 0.169,-0.929,0.399 | dist = 1.56 (meters)
bg = -0.0038,0.0214,0.0784 | ba = -0.0345,0.2351,0.0427
[34m[TIME]: 0.0068 seconds total (147.1 hz, 0.50 ms behind)
[0mq_GtoI = 0.792,-0.206,0.560,0.129 | p_IinG = 0.182,-0.954,0.402 | dist = 1.59 (meters)
bg = -0.0038,0.0214,0.0784 | ba = -0.0353,0.2384,0.0425
[34m[TIME]: 0.0032 seconds total (309.9 hz, 0.50 ms behind)
[0mq_GtoI = 0.793,-0.207,0.559,0.129 | p_IinG = 0.196,-0.979,0.406 | dist = 1.61 (meters)
bg = -0.0038,0.0214,0.0784 | ba = -0.0361,0.2409,0.0421
[34m[TIME]: 0.0030 seconds total (336.8 hz, 0.50 ms behind)
[0mq_GtoI = 0.795,-0.206,0.556,0.130 | p_IinG = 0.210,-1.004,0.412 | dist = 1.64 (meters)
bg = -0.0038,0.0214,0.0784 | ba = -0.0369,0.2447,0.0431
[34m[TIME]: 0.0031 seconds total (322.8 hz, 0.50 ms behind)
[0mq_GtoI = 0.796,-0.206,0.555,0.130 | p_IinG = 0.228,-1.029,0.419 | dist = 1.67 (meters)
bg = -0.0038,0.0214,0.0784 | ba = -0.0376,0.2579,0.0469
[34m[TIME]: 0.0041 seconds total (243.5 hz, 0.50 ms behind)
[0mq_GtoI = 0.797,-0.204,0.553,0.131 | p_IinG = 0.245,-1.054,0.428 | dist = 1.70 (meters)
bg = -0.0038,0.0214,0.0784 | ba = -0.0381,0.2669,0.0480
[34m[TIME]: 0.0044 seconds total (228.3 hz, 0.50 ms behind)
[0mq_GtoI = 0.798,-0.201,0.552,0.132 | p_IinG = 0.263,-1.079,0.436 | dist = 1.73 (meters)
bg = -0.0038,0.0214,0.0784 | ba = -0.0384,0.2738,0.0492
[34m[TIME]: 0.0041 seconds total (245.8 hz, 0.50 ms behind)
[0mq_GtoI = 0.800,-0.199,0.551,0.133 | p_IinG = 0.281,-1.104,0.444 | dist = 1.76 (meters)
bg = -0.0038,0.0214,0.0783 | ba = -0.0384,0.2805,0.0502
[34m[TIME]: 0.0036 seconds total (278.8 hz, 0.50 ms behind)
[0mq_GtoI = 0.801,-0.197,0.550,0.132 | p_IinG = 0.300,-1.129,0.450 | dist = 1.79 (meters)
bg = -0.0038,0.0214,0.0783 | ba = -0.0387,0.2848,0.0497
[34m[TIME]: 0.0036 seconds total (278.2 hz, 0.50 ms behind)
[0mq_GtoI = 0.801,-0.197,0.550,0.131 | p_IinG = 0.317,-1.152,0.455 | dist = 1.82 (meters)
bg = -0.0038,0.0214,0.0783 | ba = -0.0386,0.2842,0.0503
[34m[TIME]: 0.0032 seconds total (312.3 hz, 0.50 ms behind)
[0mq_GtoI = 0.801,-0.197,0.550,0.128 | p_IinG = 0.335,-1.177,0.458 | dist = 1.85 (meters)
bg = -0.0038,0.0214,0.0783 | ba = -0.0400,0.2854,0.0464
[34m[TIME]: 0.0040 seconds total (249.9 hz, 0.50 ms behind)
[0mq_GtoI = 0.801,-0.197,0.551,0.126 | p_IinG = 0.352,-1.200,0.462 | dist = 1.89 (meters)
bg = -0.0038,0.0213,0.0784 | ba = -0.0404,0.2782,0.0461
[34m[TIME]: 0.0042 seconds total (236.7 hz, 0.50 ms behind)
[0mq_GtoI = 0.801,-0.197,0.552,0.124 | p_IinG = 0.369,-1.223,0.463 | dist = 1.91 (meters)
bg = -0.0038,0.0213,0.0784 | ba = -0.0409,0.2744,0.0445
[34m[TIME]: 0.0040 seconds total (252.6 hz, 0.50 ms behind)
[0mq_GtoI = 0.801,-0.197,0.552,0.122 | p_IinG = 0.387,-1.246,0.463 | dist = 1.95 (meters)
bg = -0.0038,0.0213,0.0784 | ba = -0.0413,0.2704,0.0432
[34m[TIME]: 0.0033 seconds total (305.7 hz, 0.50 ms behind)
[0mq_GtoI = 0.801,-0.197,0.553,0.121 | p_IinG = 0.405,-1.268,0.461 | dist = 1.98 (meters)
bg = -0.0038,0.0213,0.0784 | ba = -0.0412,0.2654,0.0427
[34m[TIME]: 0.0032 seconds total (316.1 hz, 0.50 ms behind)
[0mq_GtoI = 0.800,-0.196,0.554,0.121 | p_IinG = 0.423,-1.291,0.460 | dist = 2.01 (meters)
bg = -0.0038,0.0213,0.0784 | ba = -0.0418,0.2609,0.0422
[34m[TIME]: 0.0049 seconds total (204.3 hz, 0.50 ms behind)
[0mq_GtoI = 0.799,-0.196,0.556,0.121 | p_IinG = 0.439,-1.314,0.458 | dist = 2.04 (meters)
bg = -0.0038,0.0213,0.0784 | ba = -0.0424,0.2523,0.0402
[34m[TIME]: 0.0068 seconds total (147.5 hz, 0.50 ms behind)
[0mq_GtoI = 0.798,-0.195,0.557,0.121 | p_IinG = 0.457,-1.337,0.456 | dist = 2.07 (meters)
bg = -0.0037,0.0213,0.0784 | ba = -0.0429,0.2469,0.0399
[34m[TIME]: 0.0039 seconds total (253.3 hz, 0.50 ms behind)
[0mq_GtoI = 0.797,-0.194,0.559,0.121 | p_IinG = 0.475,-1.359,0.453 | dist = 2.10 (meters)
bg = -0.0037,0.0213,0.0784 | ba = -0.0435,0.2408,0.0394
[34m[TIME]: 0.0041 seconds total (245.9 hz, 0.50 ms behind)
[0mq_GtoI = 0.796,-0.194,0.560,0.122 | p_IinG = 0.493,-1.381,0.450 | dist = 2.13 (meters)
bg = -0.0037,0.0213,0.0785 | ba = -0.0437,0.2356,0.0398
[34m[TIME]: 0.0037 seconds total (268.1 hz, 0.50 ms behind)
[0mq_GtoI = 0.796,-0.193,0.561,0.121 | p_IinG = 0.510,-1.404,0.447 | dist = 2.16 (meters)
bg = -0.0037,0.0213,0.0785 | ba = -0.0441,0.2307,0.0403
[34m[TIME]: 0.0036 seconds total (277.2 hz, 0.50 ms behind)
[0mq_GtoI = 0.796,-0.193,0.561,0.122 | p_IinG = 0.528,-1.426,0.442 | dist = 2.19 (meters)
bg = -0.0037,0.0212,0.0785 | ba = -0.0444,0.2256,0.0407
[34m[TIME]: 0.0034 seconds total (295.9 hz, 0.50 ms behind)
[0mq_GtoI = 0.796,-0.192,0.561,0.122 | p_IinG = 0.545,-1.448,0.436 | dist = 2.23 (meters)
bg = -0.0037,0.0212,0.0785 | ba = -0.0447,0.2208,0.0408
[34m[TIME]: 0.0064 seconds total (155.4 hz, 0.50 ms behind)
[0mq_GtoI = 0.796,-0.191,0.561,0.122 | p_IinG = 0.562,-1.470,0.428 | dist = 2.26 (meters)
bg = -0.0037,0.0212,0.0785 | ba = -0.0449,0.2163,0.0411
[34m[TIME]: 0.0070 seconds total (142.0 hz, 0.50 ms behind)
[0mq_GtoI = 0.797,-0.190,0.561,0.123 | p_IinG = 0.579,-1.490,0.419 | dist = 2.29 (meters)
bg = -0.0037,0.0212,0.0785 | ba = -0.0444,0.2115,0.0421
[34m[TIME]: 0.0048 seconds total (207.0 hz, 0.50 ms behind)
[0mq_GtoI = 0.797,-0.189,0.561,0.124 | p_IinG = 0.596,-1.511,0.410 | dist = 2.32 (meters)
bg = -0.0037,0.0212,0.0785 | ba = -0.0448,0.2077,0.0426
[34m[TIME]: 0.0055 seconds total (181.4 hz, 0.50 ms behind)
[0mq_GtoI = 0.797,-0.187,0.560,0.125 | p_IinG = 0.612,-1.532,0.401 | dist = 2.35 (meters)
bg = -0.0036,0.0212,0.0785 | ba = -0.0453,0.2039,0.0431
[34m[TIME]: 0.0036 seconds total (278.3 hz, 0.50 ms behind)
[0mq_GtoI = 0.798,-0.186,0.560,0.125 | p_IinG = 0.622,-1.552,0.395 | dist = 2.38 (meters)
bg = -0.0037,0.0212,0.0786 | ba = -0.0461,0.1905,0.0437
[34m[TIME]: 0.0073 seconds total (137.8 hz, 0.50 ms behind)
[0mq_GtoI = 0.798,-0.185,0.560,0.125 | p_IinG = 0.639,-1.572,0.388 | dist = 2.41 (meters)
bg = -0.0036,0.0212,0.0786 | ba = -0.0476,0.1877,0.0447
[34m[TIME]: 0.0038 seconds total (262.2 hz, 0.50 ms behind)
[0mq_GtoI = 0.798,-0.184,0.559,0.126 | p_IinG = 0.654,-1.591,0.383 | dist = 2.44 (meters)
bg = -0.0036,0.0212,0.0786 | ba = -0.0494,0.1852,0.0456
[34m[TIME]: 0.0038 seconds total (263.5 hz, 0.50 ms behind)
[0mq_GtoI = 0.798,-0.183,0.560,0.126 | p_IinG = 0.670,-1.611,0.381 | dist = 2.47 (meters)
bg = -0.0036,0.0211,0.0786 | ba = -0.0506,0.1822,0.0469
[34m[TIME]: 0.0042 seconds total (237.9 hz, 0.50 ms behind)
[0mq_GtoI = 0.799,-0.183,0.559,0.127 | p_IinG = 0.686,-1.630,0.380 | dist = 2.50 (meters)
bg = -0.0036,0.0211,0.0786 | ba = -0.0518,0.1784,0.0489
[34m[TIME]: 0.0043 seconds total (230.5 hz, 0.50 ms behind)
[0mq_GtoI = 0.799,-0.182,0.559,0.127 | p_IinG = 0.702,-1.649,0.380 | dist = 2.53 (meters)
bg = -0.0036,0.0211,0.0786 | ba = -0.0513,0.1756,0.0507
[34m[TIME]: 0.0044 seconds total (228.2 hz, 0.50 ms behind)
[0mq_GtoI = 0.799,-0.181,0.559,0.128 | p_IinG = 0.718,-1.667,0.381 | dist = 2.55 (meters)
bg = -0.0036,0.0210,0.0787 | ba = -0.0505,0.1734,0.0525
[34m[TIME]: 0.0061 seconds total (164.7 hz, 0.50 ms behind)
[0mq_GtoI = 0.799,-0.181,0.559,0.128 | p_IinG = 0.734,-1.685,0.381 | dist = 2.58 (meters)
bg = -0.0035,0.0210,0.0787 | ba = -0.0495,0.1721,0.0541
[34m[TIME]: 0.0045 seconds total (223.5 hz, 0.50 ms behind)
[0mq_GtoI = 0.798,-0.181,0.560,0.129 | p_IinG = 0.751,-1.701,0.382 | dist = 2.61 (meters)
bg = -0.0035,0.0210,0.0787 | ba = -0.0481,0.1712,0.0560
[34m[TIME]: 0.0043 seconds total (231.4 hz, 0.50 ms behind)
[0mq_GtoI = 0.797,-0.180,0.561,0.130 | p_IinG = 0.767,-1.717,0.383 | dist = 2.64 (meters)
bg = -0.0035,0.0209,0.0787 | ba = -0.0469,0.1705,0.0578
[34m[TIME]: 0.0040 seconds total (248.6 hz, 0.50 ms behind)
[0mq_GtoI = 0.797,-0.178,0.562,0.134 | p_IinG = 0.783,-1.732,0.384 | dist = 2.66 (meters)
bg = -0.0035,0.0209,0.0787 | ba = -0.0460,0.1705,0.0595
[34m[TIME]: 0.0073 seconds total (136.6 hz, 0.50 ms behind)
[0mq_GtoI = 0.797,-0.178,0.562,0.135 | p_IinG = 0.799,-1.746,0.385 | dist = 2.69 (meters)
bg = -0.0035,0.0209,0.0788 | ba = -0.0454,0.1704,0.0611
[34m[TIME]: 0.0068 seconds total (147.0 hz, 0.50 ms behind)
[0mq_GtoI = 0.796,-0.179,0.563,0.135 | p_IinG = 0.816,-1.760,0.384 | dist = 2.71 (meters)
bg = -0.0035,0.0208,0.0788 | ba = -0.0445,0.1704,0.0627
[34m[TIME]: 0.0064 seconds total (155.2 hz, 0.50 ms behind)
[0mq_GtoI = 0.795,-0.180,0.563,0.134 | p_IinG = 0.832,-1.773,0.381 | dist = 2.74 (meters)
bg = -0.0035,0.0208,0.0788 | ba = -0.0438,0.1705,0.0643
[34m[TIME]: 0.0042 seconds total (237.1 hz, 0.50 ms behind)
[0mq_GtoI = 0.795,-0.181,0.563,0.134 | p_IinG = 0.848,-1.785,0.377 | dist = 2.76 (meters)
bg = -0.0034,0.0208,0.0788 | ba = -0.0437,0.1703,0.0659
[34m[TIME]: 0.0040 seconds total (252.1 hz, 0.50 ms behind)
[0mq_GtoI = 0.795,-0.181,0.563,0.134 | p_IinG = 0.864,-1.796,0.372 | dist = 2.78 (meters)
bg = -0.0034,0.0207,0.0788 | ba = -0.0439,0.1703,0.0671
[34m[TIME]: 0.0041 seconds total (243.8 hz, 0.50 ms behind)
[0mq_GtoI = 0.797,-0.184,0.561,0.131 | p_IinG = 0.880,-1.806,0.364 | dist = 2.81 (meters)
bg = -0.0034,0.0207,0.0788 | ba = -0.0450,0.1702,0.0680
[34m[TIME]: 0.0048 seconds total (208.3 hz, 0.50 ms behind)
[0mq_GtoI = 0.798,-0.186,0.559,0.127 | p_IinG = 0.896,-1.816,0.356 | dist = 2.83 (meters)
bg = -0.0034,0.0207,0.0788 | ba = -0.0463,0.1698,0.0687
[34m[TIME]: 0.0042 seconds total (236.1 hz, 0.50 ms behind)
[0mq_GtoI = 0.801,-0.187,0.555,0.120 | p_IinG = 0.913,-1.826,0.347 | dist = 2.85 (meters)
bg = -0.0034,0.0207,0.0788 | ba = -0.0480,0.1693,0.0694
[34m[TIME]: 0.0041 seconds total (242.5 hz, 0.50 ms behind)
[0mq_GtoI = 0.804,-0.188,0.553,0.113 | p_IinG = 0.930,-1.835,0.337 | dist = 2.88 (meters)
bg = -0.0034,0.0207,0.0788 | ba = -0.0496,0.1689,0.0699
[34m[TIME]: 0.0040 seconds total (247.1 hz, 0.50 ms behind)
[0mq_GtoI = 0.807,-0.186,0.551,0.106 | p_IinG = 0.948,-1.845,0.327 | dist = 2.90 (meters)
bg = -0.0034,0.0207,0.0788 | ba = -0.0514,0.1685,0.0703
[34m[TIME]: 0.0042 seconds total (239.3 hz, 0.50 ms behind)
[0mq_GtoI = 0.809,-0.181,0.550,0.099 | p_IinG = 0.967,-1.856,0.317 | dist = 2.92 (meters)
bg = -0.0034,0.0207,0.0788 | ba = -0.0526,0.1680,0.0706
[34m[TIME]: 0.0084 seconds total (119.6 hz, 0.50 ms behind)
[0mq_GtoI = 0.811,-0.175,0.551,0.092 | p_IinG = 0.986,-1.867,0.308 | dist = 2.95 (meters)
bg = -0.0034,0.0207,0.0788 | ba = -0.0533,0.1675,0.0706
[34m[TIME]: 0.0042 seconds total (235.3 hz, 0.50 ms behind)
[0mq_GtoI = 0.813,-0.165,0.552,0.087 | p_IinG = 1.006,-1.879,0.302 | dist = 2.97 (meters)
bg = -0.0033,0.0207,0.0788 | ba = -0.0535,0.1663,0.0705
[34m[TIME]: 0.0040 seconds total (251.3 hz, 0.50 ms behind)
[0mq_GtoI = 0.813,-0.152,0.556,0.084 | p_IinG = 1.027,-1.893,0.299 | dist = 3.00 (meters)
bg = -0.0033,0.0207,0.0788 | ba = -0.0545,0.1642,0.0697
[34m[TIME]: 0.0069 seconds total (145.5 hz, 0.50 ms behind)
[0mq_GtoI = 0.813,-0.139,0.560,0.082 | p_IinG = 1.048,-1.907,0.297 | dist = 3.02 (meters)
bg = -0.0033,0.0207,0.0788 | ba = -0.0548,0.1622,0.0693
[34m[TIME]: 0.0048 seconds total (209.6 hz, 0.50 ms behind)
[0mq_GtoI = 0.813,-0.127,0.563,0.080 | p_IinG = 1.070,-1.922,0.297 | dist = 3.05 (meters)
bg = -0.0033,0.0207,0.0788 | ba = -0.0556,0.1599,0.0690
[34m[TIME]: 0.0050 seconds total (200.6 hz, 0.50 ms behind)
[0mq_GtoI = 0.813,-0.117,0.565,0.078 | p_IinG = 1.092,-1.936,0.298 | dist = 3.07 (meters)
bg = -0.0033,0.0208,0.0788 | ba = -0.0562,0.1574,0.0688
[34m[TIME]: 0.0045 seconds total (222.5 hz, 0.50 ms behind)
[0mq_GtoI = 0.814,-0.108,0.566,0.075 | p_IinG = 1.114,-1.951,0.300 | dist = 3.10 (meters)
bg = -0.0033,0.0208,0.0788 | ba = -0.0573,0.1550,0.0686
[34m[TIME]: 0.0050 seconds total (201.2 hz, 0.50 ms behind)
[0mq_GtoI = 0.814,-0.101,0.567,0.073 | p_IinG = 1.137,-1.965,0.302 | dist = 3.12 (meters)
bg = -0.0033,0.0208,0.0788 | ba = -0.0584,0.1530,0.0688
[34m[TIME]: 0.0049 seconds total (203.6 hz, 0.50 ms behind)
[0mq_GtoI = 0.815,-0.095,0.567,0.070 | p_IinG = 1.159,-1.979,0.303 | dist = 3.15 (meters)
bg = -0.0033,0.0208,0.0788 | ba = -0.0598,0.1505,0.0690
[34m[TIME]: 0.0045 seconds total (221.3 hz, 0.50 ms behind)
[0mq_GtoI = 0.815,-0.091,0.568,0.068 | p_IinG = 1.181,-1.992,0.302 | dist = 3.18 (meters)
bg = -0.0033,0.0208,0.0789 | ba = -0.0611,0.1478,0.0693
[34m[TIME]: 0.0044 seconds total (225.7 hz, 0.50 ms behind)
[0mq_GtoI = 0.816,-0.089,0.567,0.065 | p_IinG = 1.204,-2.005,0.300 | dist = 3.20 (meters)
bg = -0.0033,0.0209,0.0789 | ba = -0.0622,0.1450,0.0695
[34m[TIME]: 0.0067 seconds total (149.3 hz, 0.50 ms behind)
[0mq_GtoI = 0.818,-0.088,0.566,0.062 | p_IinG = 1.227,-2.018,0.296 | dist = 3.23 (meters)
bg = -0.0033,0.0209,0.0789 | ba = -0.0640,0.1415,0.0698
[34m[TIME]: 0.0047 seconds total (211.1 hz, 0.50 ms behind)
[0mq_GtoI = 0.819,-0.088,0.565,0.058 | p_IinG = 1.250,-2.031,0.291 | dist = 3.26 (meters)
bg = -0.0033,0.0209,0.0789 | ba = -0.0654,0.1372,0.0709
[34m[TIME]: 0.0044 seconds total (226.6 hz, 0.50 ms behind)
[0mq_GtoI = 0.820,-0.088,0.563,0.056 | p_IinG = 1.274,-2.044,0.286 | dist = 3.28 (meters)
bg = -0.0033,0.0209,0.0789 | ba = -0.0673,0.1333,0.0715
[34m[TIME]: 0.0047 seconds total (211.9 hz, 0.50 ms behind)
[0mq_GtoI = 0.821,-0.089,0.562,0.053 | p_IinG = 1.299,-2.057,0.279 | dist = 3.31 (meters)
bg = -0.0033,0.0210,0.0789 | ba = -0.0692,0.1283,0.0719
[34m[TIME]: 0.0061 seconds total (163.5 hz, 0.50 ms behind)
[0mq_GtoI = 0.822,-0.090,0.560,0.053 | p_IinG = 1.324,-2.071,0.272 | dist = 3.34 (meters)
bg = -0.0033,0.0210,0.0789 | ba = -0.0711,0.1231,0.0721
[34m[TIME]: 0.0102 seconds total (98.3 hz, 0.50 ms behind)
[0mq_GtoI = 0.823,-0.092,0.559,0.052 | p_IinG = 1.350,-2.084,0.264 | dist = 3.37 (meters)
bg = -0.0033,0.0210,0.0789 | ba = -0.0724,0.1200,0.0720
[34m[TIME]: 0.0048 seconds total (210.4 hz, 0.50 ms behind)
[0mq_GtoI = 0.824,-0.093,0.557,0.052 | p_IinG = 1.376,-2.098,0.256 | dist = 3.40 (meters)
bg = -0.0033,0.0210,0.0790 | ba = -0.0741,0.1175,0.0713
[34m[TIME]: 0.0066 seconds total (151.1 hz, 0.50 ms behind)
[0mq_GtoI = 0.825,-0.094,0.555,0.053 | p_IinG = 1.403,-2.113,0.250 | dist = 3.43 (meters)
bg = -0.0033,0.0211,0.0790 | ba = -0.0757,0.1162,0.0702
[34m[TIME]: 0.0048 seconds total (206.5 hz, 0.50 ms behind)
[0mq_GtoI = 0.824,-0.095,0.556,0.054 | p_IinG = 1.431,-2.127,0.245 | dist = 3.46 (meters)
bg = -0.0033,0.0211,0.0790 | ba = -0.0765,0.1158,0.0692
[34m[TIME]: 0.0085 seconds total (117.4 hz, 0.50 ms behind)
[0mq_GtoI = 0.824,-0.097,0.556,0.055 | p_IinG = 1.460,-2.142,0.242 | dist = 3.49 (meters)
bg = -0.0033,0.0211,0.0790 | ba = -0.0775,0.1153,0.0674
[34m[TIME]: 0.0047 seconds total (213.1 hz, 0.50 ms behind)
[0mq_GtoI = 0.823,-0.098,0.556,0.055 | p_IinG = 1.489,-2.157,0.241 | dist = 3.53 (meters)
bg = -0.0033,0.0211,0.0790 | ba = -0.0777,0.1157,0.0656
[34m[TIME]: 0.0045 seconds total (220.5 hz, 0.50 ms behind)
[0mq_GtoI = 0.822,-0.100,0.557,0.055 | p_IinG = 1.520,-2.173,0.241 | dist = 3.56 (meters)
bg = -0.0033,0.0211,0.0790 | ba = -0.0779,0.1164,0.0637
[34m[TIME]: 0.0045 seconds total (219.8 hz, 0.50 ms behind)
[0mq_GtoI = 0.821,-0.104,0.559,0.053 | p_IinG = 1.550,-2.188,0.242 | dist = 3.60 (meters)
bg = -0.0032,0.0210,0.0790 | ba = -0.0775,0.1177,0.0621
[34m[TIME]: 0.0062 seconds total (162.4 hz, 0.50 ms behind)
[0mq_GtoI = 0.820,-0.107,0.560,0.050 | p_IinG = 1.581,-2.204,0.243 | dist = 3.63 (meters)
bg = -0.0032,0.0210,0.0790 | ba = -0.0766,0.1188,0.0611
[34m[TIME]: 0.0050 seconds total (200.7 hz, 0.50 ms behind)
[0mq_GtoI = 0.818,-0.111,0.562,0.049 | p_IinG = 1.612,-2.221,0.243 | dist = 3.67 (meters)
bg = -0.0032,0.0210,0.0790 | ba = -0.0753,0.1199,0.0605
[34m[TIME]: 0.0046 seconds total (218.4 hz, 0.50 ms behind)
[0mq_GtoI = 0.818,-0.113,0.563,0.048 | p_IinG = 1.643,-2.239,0.241 | dist = 3.70 (meters)
bg = -0.0032,0.0210,0.0790 | ba = -0.0730,0.1207,0.0584
[34m[TIME]: 0.0062 seconds total (160.4 hz, 0.50 ms behind)
[0mq_GtoI = 0.818,-0.113,0.562,0.048 | p_IinG = 1.675,-2.258,0.240 | dist = 3.74 (meters)
bg = -0.0032,0.0210,0.0790 | ba = -0.0699,0.1197,0.0575
[34m[TIME]: 0.0063 seconds total (158.8 hz, 0.50 ms behind)
[0mq_GtoI = 0.819,-0.112,0.561,0.048 | p_IinG = 1.706,-2.278,0.240 | dist = 3.78 (meters)
bg = -0.0032,0.0210,0.0790 | ba = -0.0676,0.1199,0.0571
[34m[TIME]: 0.0044 seconds total (228.8 hz, 0.50 ms behind)
[0mq_GtoI = 0.820,-0.110,0.560,0.051 | p_IinG = 1.739,-2.299,0.243 | dist = 3.82 (meters)
bg = -0.0032,0.0210,0.0790 | ba = -0.0652,0.1198,0.0564
[34m[TIME]: 0.0065 seconds total (154.8 hz, 0.50 ms behind)
[0mq_GtoI = 0.820,-0.107,0.560,0.054 | p_IinG = 1.772,-2.322,0.248 | dist = 3.86 (meters)
bg = -0.0032,0.0210,0.0790 | ba = -0.0625,0.1200,0.0558
[34m[TIME]: 0.0043 seconds total (232.3 hz, 0.50 ms behind)
[0mq_GtoI = 0.818,-0.104,0.562,0.056 | p_IinG = 1.805,-2.344,0.254 | dist = 3.90 (meters)
bg = -0.0032,0.0210,0.0790 | ba = -0.0600,0.1217,0.0563
[34m[TIME]: 0.0043 seconds total (231.1 hz, 0.50 ms behind)
[0mq_GtoI = 0.816,-0.101,0.566,0.059 | p_IinG = 1.839,-2.367,0.260 | dist = 3.94 (meters)
bg = -0.0032,0.0210,0.0790 | ba = -0.0574,0.1221,0.0563
[34m[TIME]: 0.0073 seconds total (136.6 hz, 0.50 ms behind)
[0mq_GtoI = 0.814,-0.099,0.569,0.061 | p_IinG = 1.873,-2.391,0.265 | dist = 3.98 (meters)
bg = -0.0032,0.0209,0.0790 | ba = -0.0547,0.1232,0.0560
[34m[TIME]: 0.0081 seconds total (122.9 hz, 0.50 ms behind)
[0mq_GtoI = 0.812,-0.097,0.572,0.063 | p_IinG = 1.906,-2.414,0.267 | dist = 4.02 (meters)
bg = -0.0032,0.0209,0.0790 | ba = -0.0519,0.1246,0.0562
[34m[TIME]: 0.0058 seconds total (171.9 hz, 0.50 ms behind)
[0mq_GtoI = 0.810,-0.095,0.575,0.063 | p_IinG = 1.939,-2.436,0.268 | dist = 4.07 (meters)
bg = -0.0032,0.0209,0.0790 | ba = -0.0466,0.1239,0.0560
[34m[TIME]: 0.0071 seconds total (141.5 hz, 0.50 ms behind)
[0mq_GtoI = 0.809,-0.093,0.576,0.064 | p_IinG = 1.972,-2.459,0.267 | dist = 4.11 (meters)
bg = -0.0032,0.0209,0.0790 | ba = -0.0434,0.1238,0.0557
[34m[TIME]: 0.0044 seconds total (226.9 hz, 0.50 ms behind)
[0mq_GtoI = 0.809,-0.091,0.577,0.064 | p_IinG = 2.004,-2.481,0.264 | dist = 4.15 (meters)
bg = -0.0032,0.0209,0.0790 | ba = -0.0406,0.1233,0.0553
[34m[TIME]: 0.0047 seconds total (214.2 hz, 0.50 ms behind)
[0mq_GtoI = 0.809,-0.087,0.578,0.063 | p_IinG = 2.037,-2.502,0.261 | dist = 4.19 (meters)
bg = -0.0032,0.0209,0.0789 | ba = -0.0382,0.1228,0.0551
[34m[TIME]: 0.0046 seconds total (216.5 hz, 0.50 ms behind)
[0mq_GtoI = 0.811,-0.079,0.577,0.060 | p_IinG = 2.100,-2.543,0.254 | dist = 4.26 (meters)
bg = -0.0032,0.0209,0.0789 | ba = -0.0362,0.1223,0.0551
[34m[TIME]: 0.0088 seconds total (113.3 hz, 0.50 ms behind)
[0mq_GtoI = 0.812,-0.076,0.576,0.057 | p_IinG = 2.130,-2.563,0.252 | dist = 4.30 (meters)
bg = -0.0032,0.0209,0.0789 | ba = -0.0352,0.1219,0.0549
[34m[TIME]: 0.0090 seconds total (110.5 hz, 0.50 ms behind)
[0mq_GtoI = 0.814,-0.074,0.574,0.055 | p_IinG = 2.162,-2.582,0.251 | dist = 4.33 (meters)
bg = -0.0032,0.0209,0.0789 | ba = -0.0341,0.1213,0.0544
[34m[TIME]: 0.0059 seconds total (169.8 hz, 0.50 ms behind)
[0mq_GtoI = 0.815,-0.071,0.573,0.053 | p_IinG = 2.192,-2.601,0.253 | dist = 4.37 (meters)
bg = -0.0032,0.0209,0.0789 | ba = -0.0338,0.1212,0.0544
[34m[TIME]: 0.0046 seconds total (217.1 hz, 0.50 ms behind)
[0mq_GtoI = 0.817,-0.068,0.571,0.051 | p_IinG = 2.223,-2.619,0.256 | dist = 4.41 (meters)
bg = -0.0032,0.0209,0.0789 | ba = -0.0339,0.1210,0.0544
[34m[TIME]: 0.0048 seconds total (207.9 hz, 0.50 ms behind)
[0mq_GtoI = 0.817,-0.065,0.571,0.050 | p_IinG = 2.254,-2.638,0.260 | dist = 4.44 (meters)
bg = -0.0032,0.0209,0.0789 | ba = -0.0331,0.1209,0.0547
[34m[TIME]: 0.0119 seconds total (84.3 hz, 0.50 ms behind)
[0mq_GtoI = 0.818,-0.063,0.569,0.049 | p_IinG = 2.284,-2.656,0.264 | dist = 4.48 (meters)
bg = -0.0031,0.0209,0.0789 | ba = -0.0318,0.1205,0.0550
[34m[TIME]: 0.0048 seconds total (209.1 hz, 0.50 ms behind)
[0mq_GtoI = 0.819,-0.061,0.568,0.048 | p_IinG = 2.315,-2.673,0.266 | dist = 4.51 (meters)
bg = -0.0031,0.0209,0.0789 | ba = -0.0307,0.1204,0.0553
[34m[TIME]: 0.0044 seconds total (225.5 hz, 0.50 ms behind)
[0mq_GtoI = 0.820,-0.060,0.568,0.047 | p_IinG = 2.344,-2.691,0.267 | dist = 4.55 (meters)
bg = -0.0032,0.0209,0.0788 | ba = -0.0301,0.1203,0.0572
[34m[TIME]: 0.0065 seconds total (155.0 hz, 0.50 ms behind)
[0mq_GtoI = 0.821,-0.059,0.566,0.046 | p_IinG = 2.375,-2.708,0.266 | dist = 4.58 (meters)
bg = -0.0032,0.0209,0.0788 | ba = -0.0295,0.1197,0.0575
[34m[TIME]: 0.0104 seconds total (96.6 hz, 0.50 ms behind)
[0mq_GtoI = 0.821,-0.059,0.566,0.043 | p_IinG = 2.406,-2.725,0.265 | dist = 4.62 (meters)
bg = -0.0032,0.0209,0.0788 | ba = -0.0288,0.1192,0.0579
[34m[TIME]: 0.0045 seconds total (220.4 hz, 0.50 ms behind)
[0mq_GtoI = 0.822,-0.060,0.565,0.040 | p_IinG = 2.437,-2.740,0.262 | dist = 4.65 (meters)
bg = -0.0031,0.0209,0.0788 | ba = -0.0283,0.1191,0.0583
[34m[TIME]: 0.0043 seconds total (234.3 hz, 0.50 ms behind)
[0mq_GtoI = 0.823,-0.062,0.563,0.037 | p_IinG = 2.469,-2.757,0.258 | dist = 4.69 (meters)
bg = -0.0031,0.0209,0.0788 | ba = -0.0276,0.1189,0.0582
[34m[TIME]: 0.0053 seconds total (189.5 hz, 0.50 ms behind)
[0mq_GtoI = 0.824,-0.062,0.563,0.035 | p_IinG = 2.501,-2.773,0.256 | dist = 4.72 (meters)
bg = -0.0031,0.0209,0.0788 | ba = -0.0271,0.1188,0.0580
[34m[TIME]: 0.0076 seconds total (131.2 hz, 0.50 ms behind)
[0mq_GtoI = 0.823,-0.063,0.563,0.033 | p_IinG = 2.534,-2.789,0.255 | dist = 4.76 (meters)
bg = -0.0031,0.0209,0.0788 | ba = -0.0265,0.1188,0.0576
[34m[TIME]: 0.0040 seconds total (251.4 hz, 0.50 ms behind)
[0mq_GtoI = 0.823,-0.065,0.563,0.031 | p_IinG = 2.568,-2.806,0.255 | dist = 4.79 (meters)
bg = -0.0031,0.0209,0.0788 | ba = -0.0255,0.1189,0.0571
[34m[TIME]: 0.0039 seconds total (256.6 hz, 0.50 ms behind)
[0mq_GtoI = 0.823,-0.065,0.563,0.030 | p_IinG = 2.602,-2.822,0.258 | dist = 4.83 (meters)
bg = -0.0031,0.0209,0.0788 | ba = -0.0247,0.1183,0.0564
[34m[TIME]: 0.0071 seconds total (140.4 hz, 0.50 ms behind)
[0mq_GtoI = 0.823,-0.066,0.563,0.029 | p_IinG = 2.634,-2.840,0.261 | dist = 4.87 (meters)
bg = -0.0031,0.0209,0.0788 | ba = -0.0251,0.1172,0.0564
[34m[TIME]: 0.0060 seconds total (167.8 hz, 0.50 ms behind)
[0mq_GtoI = 0.822,-0.067,0.564,0.029 | p_IinG = 2.667,-2.858,0.266 | dist = 4.90 (meters)
bg = -0.0031,0.0209,0.0788 | ba = -0.0266,0.1157,0.0562
[34m[TIME]: 0.0042 seconds total (236.0 hz, 0.50 ms behind)
[0mq_GtoI = 0.822,-0.067,0.565,0.029 | p_IinG = 2.701,-2.877,0.273 | dist = 4.94 (meters)
bg = -0.0031,0.0209,0.0788 | ba = -0.0288,0.1138,0.0563
[34m[TIME]: 0.0063 seconds total (159.1 hz, 0.50 ms behind)
[0mq_GtoI = 0.820,-0.069,0.568,0.028 | p_IinG = 2.736,-2.895,0.282 | dist = 4.98 (meters)
bg = -0.0031,0.0209,0.0788 | ba = -0.0314,0.1132,0.0567
[34m[TIME]: 0.0052 seconds total (191.7 hz, 0.50 ms behind)
[0mq_GtoI = 0.817,-0.071,0.572,0.025 | p_IinG = 2.771,-2.915,0.294 | dist = 5.02 (meters)
bg = -0.0031,0.0209,0.0788 | ba = -0.0348,0.1128,0.0568
[34m[TIME]: 0.0045 seconds total (220.2 hz, 0.50 ms behind)
[0mq_GtoI = 0.815,-0.074,0.574,0.023 | p_IinG = 2.807,-2.935,0.307 | dist = 5.06 (meters)
bg = -0.0031,0.0209,0.0788 | ba = -0.0372,0.1135,0.0572
[34m[TIME]: 0.0072 seconds total (139.9 hz, 0.50 ms behind)
[0mq_GtoI = 0.816,-0.077,0.573,0.020 | p_IinG = 2.840,-2.955,0.321 | dist = 5.11 (meters)
bg = -0.0032,0.0210,0.0788 | ba = -0.0397,0.1142,0.0578
[34m[TIME]: 0.0037 seconds total (271.0 hz, 0.50 ms behind)
[0mq_GtoI = 0.818,-0.078,0.570,0.019 | p_IinG = 2.875,-2.977,0.336 | dist = 5.15 (meters)
bg = -0.0032,0.0210,0.0788 | ba = -0.0417,0.1151,0.0581
[34m[TIME]: 0.0038 seconds total (265.5 hz, 0.50 ms behind)
[0mq_GtoI = 0.821,-0.077,0.566,0.021 | p_IinG = 2.909,-3.000,0.349 | dist = 5.19 (meters)
bg = -0.0032,0.0210,0.0788 | ba = -0.0429,0.1163,0.0580
[34m[TIME]: 0.0045 seconds total (222.9 hz, 0.50 ms behind)
[0mq_GtoI = 0.823,-0.075,0.562,0.025 | p_IinG = 2.944,-3.024,0.363 | dist = 5.24 (meters)
bg = -0.0032,0.0210,0.0788 | ba = -0.0444,0.1177,0.0576
[34m[TIME]: 0.0038 seconds total (264.2 hz, 0.50 ms behind)
[0mq_GtoI = 0.825,-0.072,0.560,0.029 | p_IinG = 2.979,-3.048,0.375 | dist = 5.28 (meters)
bg = -0.0032,0.0210,0.0789 | ba = -0.0462,0.1197,0.0574
[34m[TIME]: 0.0070 seconds total (142.1 hz, 0.50 ms behind)
[0mq_GtoI = 0.824,-0.070,0.561,0.033 | p_IinG = 3.014,-3.072,0.388 | dist = 5.33 (meters)
bg = -0.0031,0.0210,0.0789 | ba = -0.0475,0.1213,0.0573
[34m[TIME]: 0.0037 seconds total (272.0 hz, 0.50 ms behind)
[0mq_GtoI = 0.822,-0.067,0.564,0.037 | p_IinG = 3.049,-3.097,0.403 | dist = 5.37 (meters)
bg = -0.0031,0.0210,0.0789 | ba = -0.0489,0.1236,0.0581
[34m[TIME]: 0.0052 seconds total (191.5 hz, 0.50 ms behind)
[0mq_GtoI = 0.819,-0.064,0.569,0.041 | p_IinG = 3.085,-3.122,0.420 | dist = 5.42 (meters)
bg = -0.0031,0.0210,0.0789 | ba = -0.0503,0.1250,0.0586
[34m[TIME]: 0.0036 seconds total (278.4 hz, 0.50 ms behind)
[0mq_GtoI = 0.816,-0.063,0.574,0.043 | p_IinG = 3.121,-3.146,0.438 | dist = 5.47 (meters)
bg = -0.0031,0.0210,0.0789 | ba = -0.0507,0.1260,0.0590
[34m[TIME]: 0.0047 seconds total (212.9 hz, 0.50 ms behind)
[0mq_GtoI = 0.812,-0.061,0.579,0.044 | p_IinG = 3.156,-3.171,0.458 | dist = 5.52 (meters)
bg = -0.0032,0.0209,0.0789 | ba = -0.0520,0.1280,0.0596
[34m[TIME]: 0.0097 seconds total (103.6 hz, 0.50 ms behind)
[0mq_GtoI = 0.807,-0.060,0.586,0.046 | p_IinG = 3.191,-3.195,0.476 | dist = 5.56 (meters)
bg = -0.0032,0.0209,0.0789 | ba = -0.0518,0.1283,0.0595
[34m[TIME]: 0.0035 seconds total (285.6 hz, 0.50 ms behind)
[0mq_GtoI = 0.803,-0.059,0.592,0.047 | p_IinG = 3.225,-3.219,0.493 | dist = 5.61 (meters)
bg = -0.0032,0.0209,0.0789 | ba = -0.0527,0.1284,0.0593
[34m[TIME]: 0.0072 seconds total (139.1 hz, 0.50 ms behind)
[0mq_GtoI = 0.801,-0.057,0.594,0.049 | p_IinG = 3.258,-3.242,0.507 | dist = 5.65 (meters)
bg = -0.0032,0.0209,0.0789 | ba = -0.0531,0.1291,0.0596
[34m[TIME]: 0.0036 seconds total (276.3 hz, 0.50 ms behind)
[0mq_GtoI = 0.800,-0.055,0.595,0.053 | p_IinG = 3.289,-3.267,0.517 | dist = 5.69 (meters)
bg = -0.0032,0.0209,0.0789 | ba = -0.0518,0.1278,0.0597
[34m[TIME]: 0.0070 seconds total (143.6 hz, 0.50 ms behind)
[0mq_GtoI = 0.800,-0.052,0.595,0.056 | p_IinG = 3.319,-3.289,0.526 | dist = 5.73 (meters)
bg = -0.0032,0.0209,0.0789 | ba = -0.0512,0.1270,0.0593
[34m[TIME]: 0.0036 seconds total (274.5 hz, 0.50 ms behind)
[0mq_GtoI = 0.801,-0.050,0.594,0.060 | p_IinG = 3.350,-3.311,0.534 | dist = 5.76 (meters)
bg = -0.0032,0.0209,0.0789 | ba = -0.0520,0.1262,0.0585
[34m[TIME]: 0.0038 seconds total (262.1 hz, 0.50 ms behind)
[0mq_GtoI = 0.801,-0.047,0.593,0.064 | p_IinG = 3.378,-3.331,0.540 | dist = 5.80 (meters)
bg = -0.0032,0.0209,0.0789 | ba = -0.0526,0.1259,0.0576
[34m[TIME]: 0.0036 seconds total (281.0 hz, 0.50 ms behind)
[0mq_GtoI = 0.802,-0.045,0.592,0.067 | p_IinG = 3.405,-3.349,0.543 | dist = 5.83 (meters)
bg = -0.0032,0.0209,0.0789 | ba = -0.0533,0.1256,0.0570
[34m[TIME]: 0.0037 seconds total (268.6 hz, 0.50 ms behind)
[0mq_GtoI = 0.802,-0.042,0.592,0.071 | p_IinG = 3.431,-3.366,0.545 | dist = 5.86 (meters)
bg = -0.0032,0.0209,0.0789 | ba = -0.0546,0.1248,0.0562
[34m[TIME]: 0.0035 seconds total (286.9 hz, 0.50 ms behind)
[0mq_GtoI = 0.803,-0.039,0.590,0.075 | p_IinG = 3.457,-3.381,0.544 | dist = 5.89 (meters)
bg = -0.0032,0.0209,0.0789 | ba = -0.0561,0.1237,0.0552
[34m[TIME]: 0.0033 seconds total (300.3 hz, 0.50 ms behind)
[0mq_GtoI = 0.805,-0.040,0.588,0.072 | p_IinG = 3.482,-3.395,0.542 | dist = 5.91 (meters)
bg = -0.0032,0.0209,0.0789 | ba = -0.0590,0.1214,0.0535
[34m[TIME]: 0.0056 seconds total (178.8 hz, 0.50 ms behind)
[0mq_GtoI = 0.806,-0.043,0.587,0.066 | p_IinG = 3.507,-3.407,0.539 | dist = 5.94 (meters)
bg = -0.0032,0.0209,0.0789 | ba = -0.0614,0.1188,0.0518
[34m[TIME]: 0.0070 seconds total (142.7 hz, 0.50 ms behind)
[0mq_GtoI = 0.807,-0.047,0.585,0.060 | p_IinG = 3.543,-3.424,0.543 | dist = 5.96 (meters)
bg = -0.0032,0.0210,0.0788 | ba = -0.0730,0.1106,0.0456
[34m[TIME]: 0.0075 seconds total (133.1 hz, 0.50 ms behind)
[0mq_GtoI = 0.808,-0.050,0.585,0.054 | p_IinG = 3.567,-3.434,0.538 | dist = 5.99 (meters)
bg = -0.0032,0.0210,0.0788 | ba = -0.0754,0.1078,0.0439
[34m[TIME]: 0.0041 seconds total (242.4 hz, 0.50 ms behind)
[0mq_GtoI = 0.809,-0.052,0.583,0.049 | p_IinG = 3.588,-3.443,0.532 | dist = 6.01 (meters)
bg = -0.0033,0.0210,0.0788 | ba = -0.0774,0.1053,0.0433
[34m[TIME]: 0.0051 seconds total (195.8 hz, 0.50 ms behind)
[0mq_GtoI = 0.811,-0.054,0.580,0.046 | p_IinG = 3.610,-3.452,0.526 | dist = 6.04 (meters)
bg = -0.0033,0.0210,0.0788 | ba = -0.0800,0.1025,0.0418
[34m[TIME]: 0.0070 seconds total (142.8 hz, 0.50 ms behind)
[0mq_GtoI = 0.814,-0.054,0.577,0.044 | p_IinG = 3.632,-3.460,0.519 | dist = 6.06 (meters)
bg = -0.0033,0.0210,0.0788 | ba = -0.0820,0.1003,0.0403
[34m[TIME]: 0.0048 seconds total (208.9 hz, 0.50 ms behind)
[0mq_GtoI = 0.816,-0.055,0.574,0.043 | p_IinG = 3.653,-3.467,0.512 | dist = 6.08 (meters)
bg = -0.0033,0.0210,0.0788 | ba = -0.0831,0.0992,0.0396
[34m[TIME]: 0.0085 seconds total (117.6 hz, 0.50 ms behind)
[0mq_GtoI = 0.817,-0.054,0.572,0.042 | p_IinG = 3.675,-3.475,0.507 | dist = 6.10 (meters)
bg = -0.0033,0.0210,0.0788 | ba = -0.0839,0.0984,0.0392
[34m[TIME]: 0.0055 seconds total (180.8 hz, 0.50 ms behind)
[0mq_GtoI = 0.818,-0.054,0.571,0.043 | p_IinG = 3.697,-3.481,0.504 | dist = 6.13 (meters)
bg = -0.0033,0.0210,0.0788 | ba = -0.0834,0.0993,0.0398
[34m[TIME]: 0.0043 seconds total (232.7 hz, 0.50 ms behind)
[0mq_GtoI = 0.819,-0.054,0.570,0.041 | p_IinG = 3.721,-3.488,0.503 | dist = 6.15 (meters)
bg = -0.0033,0.0210,0.0788 | ba = -0.0813,0.1008,0.0412
[34m[TIME]: 0.0047 seconds total (212.9 hz, 0.50 ms behind)
[0mq_GtoI = 0.820,-0.053,0.569,0.041 | p_IinG = 3.747,-3.493,0.505 | dist = 6.18 (meters)
bg = -0.0033,0.0210,0.0788 | ba = -0.0796,0.1020,0.0419
[34m[TIME]: 0.0041 seconds total (243.3 hz, 0.50 ms behind)
[0mq_GtoI = 0.820,-0.053,0.568,0.040 | p_IinG = 3.772,-3.499,0.509 | dist = 6.21 (meters)
bg = -0.0032,0.0210,0.0788 | ba = -0.0779,0.1027,0.0421
[34m[TIME]: 0.0040 seconds total (252.0 hz, 0.50 ms behind)
[0mq_GtoI = 0.821,-0.053,0.567,0.040 | p_IinG = 3.796,-3.504,0.513 | dist = 6.23 (meters)
bg = -0.0032,0.0210,0.0788 | ba = -0.0760,0.1038,0.0425
[34m[TIME]: 0.0077 seconds total (129.9 hz, 0.50 ms behind)
[0mq_GtoI = 0.821,-0.053,0.567,0.038 | p_IinG = 3.819,-3.509,0.518 | dist = 6.26 (meters)
bg = -0.0032,0.0210,0.0788 | ba = -0.0737,0.1043,0.0429
[34m[TIME]: 0.0046 seconds total (215.5 hz, 0.50 ms behind)
[0mq_GtoI = 0.822,-0.054,0.566,0.037 | p_IinG = 3.839,-3.515,0.523 | dist = 6.28 (meters)
bg = -0.0032,0.0209,0.0787 | ba = -0.0665,0.1048,0.0440
[34m[TIME]: 0.0055 seconds total (180.4 hz, 0.50 ms behind)
[0mq_GtoI = 0.821,-0.053,0.567,0.037 | p_IinG = 3.863,-3.520,0.532 | dist = 6.31 (meters)
bg = -0.0032,0.0209,0.0787 | ba = -0.0636,0.1054,0.0444
[34m[TIME]: 0.0045 seconds total (224.2 hz, 0.50 ms behind)
[0mq_GtoI = 0.820,-0.052,0.568,0.037 | p_IinG = 3.888,-3.526,0.543 | dist = 6.34 (meters)
bg = -0.0032,0.0209,0.0787 | ba = -0.0606,0.1062,0.0455
[34m[TIME]: 0.0046 seconds total (219.1 hz, 0.50 ms behind)
[0mq_GtoI = 0.819,-0.052,0.570,0.037 | p_IinG = 3.914,-3.532,0.555 | dist = 6.37 (meters)
bg = -0.0032,0.0209,0.0787 | ba = -0.0585,0.1069,0.0464
[34m[TIME]: 0.0041 seconds total (241.9 hz, 0.50 ms behind)
[0mq_GtoI = 0.818,-0.051,0.571,0.037 | p_IinG = 3.940,-3.537,0.569 | dist = 6.40 (meters)
bg = -0.0032,0.0209,0.0787 | ba = -0.0558,0.1076,0.0468
[34m[TIME]: 0.0065 seconds total (152.8 hz, 0.50 ms behind)
[0mq_GtoI = 0.817,-0.051,0.573,0.037 | p_IinG = 3.966,-3.543,0.585 | dist = 6.44 (meters)
bg = -0.0031,0.0208,0.0787 | ba = -0.0527,0.1082,0.0476
[34m[TIME]: 0.0050 seconds total (198.5 hz, 0.50 ms behind)
[0mq_GtoI = 0.815,-0.051,0.575,0.037 | p_IinG = 3.992,-3.548,0.598 | dist = 6.47 (meters)
bg = -0.0031,0.0208,0.0787 | ba = -0.0491,0.1089,0.0480
[34m[TIME]: 0.0098 seconds total (102.4 hz, 0.50 ms behind)
[0mq_GtoI = 0.814,-0.051,0.577,0.037 | p_IinG = 4.018,-3.554,0.606 | dist = 6.50 (meters)
bg = -0.0031,0.0208,0.0787 | ba = -0.0461,0.1093,0.0488
[34m[TIME]: 0.0042 seconds total (239.6 hz, 0.50 ms behind)
[0mq_GtoI = 0.813,-0.050,0.578,0.037 | p_IinG = 4.044,-3.559,0.611 | dist = 6.52 (meters)
bg = -0.0031,0.0208,0.0787 | ba = -0.0434,0.1100,0.0494
[34m[TIME]: 0.0043 seconds total (230.1 hz, 0.50 ms behind)
[0mq_GtoI = 0.812,-0.050,0.580,0.037 | p_IinG = 4.069,-3.565,0.611 | dist = 6.55 (meters)
bg = -0.0031,0.0208,0.0787 | ba = -0.0411,0.1099,0.0510
[34m[TIME]: 0.0044 seconds total (229.5 hz, 0.50 ms behind)
[0mq_GtoI = 0.811,-0.050,0.582,0.036 | p_IinG = 4.093,-3.569,0.608 | dist = 6.58 (meters)
bg = -0.0031,0.0208,0.0787 | ba = -0.0391,0.1109,0.0525
[34m[TIME]: 0.0063 seconds total (158.6 hz, 0.50 ms behind)
[0mq_GtoI = 0.811,-0.050,0.582,0.036 | p_IinG = 4.115,-3.574,0.603 | dist = 6.60 (meters)
bg = -0.0031,0.0208,0.0787 | ba = -0.0366,0.1115,0.0544
[34m[TIME]: 0.0044 seconds total (228.4 hz, 0.50 ms behind)
[0mq_GtoI = 0.810,-0.050,0.583,0.036 | p_IinG = 4.134,-3.578,0.597 | dist = 6.63 (meters)
bg = -0.0031,0.0207,0.0787 | ba = -0.0332,0.1120,0.0565
[34m[TIME]: 0.0086 seconds total (116.0 hz, 0.50 ms behind)
[0mq_GtoI = 0.811,-0.051,0.581,0.034 | p_IinG = 4.153,-3.582,0.588 | dist = 6.65 (meters)
bg = -0.0031,0.0207,0.0787 | ba = -0.0303,0.1121,0.0581
[34m[TIME]: 0.0047 seconds total (213.3 hz, 0.50 ms behind)
[0mq_GtoI = 0.814,-0.054,0.577,0.030 | p_IinG = 4.173,-3.586,0.579 | dist = 6.68 (meters)
bg = -0.0031,0.0207,0.0787 | ba = -0.0291,0.1126,0.0598
[34m[TIME]: 0.0045 seconds total (221.5 hz, 0.50 ms behind)
[0mq_GtoI = 0.820,-0.057,0.569,0.025 | p_IinG = 4.192,-3.591,0.567 | dist = 6.70 (meters)
bg = -0.0031,0.0207,0.0787 | ba = -0.0281,0.1129,0.0613
[34m[TIME]: 0.0042 seconds total (235.3 hz, 0.50 ms behind)
[0mq_GtoI = 0.825,-0.060,0.561,0.020 | p_IinG = 4.210,-3.596,0.555 | dist = 6.72 (meters)
bg = -0.0031,0.0206,0.0787 | ba = -0.0269,0.1125,0.0627
[34m[TIME]: 0.0047 seconds total (211.9 hz, 0.50 ms behind)
[0mq_GtoI = 0.830,-0.063,0.554,0.016 | p_IinG = 4.231,-3.602,0.543 | dist = 6.75 (meters)
bg = -0.0031,0.0206,0.0787 | ba = -0.0262,0.1112,0.0614
[34m[TIME]: 0.0076 seconds total (132.1 hz, 0.50 ms behind)
[0mq_GtoI = 0.832,-0.065,0.550,0.015 | p_IinG = 4.251,-3.609,0.532 | dist = 6.77 (meters)
bg = -0.0031,0.0206,0.0786 | ba = -0.0267,0.1110,0.0617
[34m[TIME]: 0.0087 seconds total (115.6 hz, 0.50 ms behind)
[0mq_GtoI = 0.834,-0.063,0.549,0.016 | p_IinG = 4.273,-3.617,0.526 | dist = 6.80 (meters)
bg = -0.0031,0.0206,0.0786 | ba = -0.0280,0.1107,0.0614
[34m[TIME]: 0.0046 seconds total (216.4 hz, 0.50 ms behind)
[0mq_GtoI = 0.833,-0.060,0.550,0.020 | p_IinG = 4.297,-3.627,0.522 | dist = 6.82 (meters)
bg = -0.0031,0.0206,0.0786 | ba = -0.0293,0.1107,0.0607
[34m[TIME]: 0.0044 seconds total (225.0 hz, 0.50 ms behind)
[0mq_GtoI = 0.832,-0.057,0.552,0.024 | p_IinG = 4.322,-3.637,0.521 | dist = 6.85 (meters)
bg = -0.0031,0.0206,0.0786 | ba = -0.0300,0.1106,0.0596
[34m[TIME]: 0.0080 seconds total (124.7 hz, 0.50 ms behind)
[0mq_GtoI = 0.829,-0.055,0.556,0.027 | p_IinG = 4.348,-3.648,0.523 | dist = 6.88 (meters)
bg = -0.0031,0.0206,0.0786 | ba = -0.0303,0.1100,0.0577
[34m[TIME]: 0.0046 seconds total (217.2 hz, 0.50 ms behind)
[0mq_GtoI = 0.826,-0.054,0.560,0.028 | p_IinG = 4.376,-3.659,0.527 | dist = 6.91 (meters)
bg = -0.0031,0.0207,0.0786 | ba = -0.0306,0.1097,0.0562
[34m[TIME]: 0.0040 seconds total (248.4 hz, 0.50 ms behind)
[0mq_GtoI = 0.824,-0.054,0.564,0.028 | p_IinG = 4.405,-3.670,0.533 | dist = 6.94 (meters)
bg = -0.0031,0.0207,0.0786 | ba = -0.0308,0.1099,0.0543
[34m[TIME]: 0.0045 seconds total (220.1 hz, 0.50 ms behind)
[0mq_GtoI = 0.822,-0.054,0.566,0.026 | p_IinG = 4.432,-3.681,0.539 | dist = 6.97 (meters)
bg = -0.0031,0.0207,0.0786 | ba = -0.0311,0.1096,0.0526
[34m[TIME]: 0.0042 seconds total (237.8 hz, 0.50 ms behind)
[0mq_GtoI = 0.820,-0.055,0.569,0.024 | p_IinG = 4.461,-3.693,0.547 | dist = 7.00 (meters)
bg = -0.0031,0.0207,0.0786 | ba = -0.0306,0.1087,0.0504
[34m[TIME]: 0.0072 seconds total (139.0 hz, 0.50 ms behind)
[0mq_GtoI = 0.820,-0.058,0.569,0.020 | p_IinG = 4.493,-3.706,0.556 | dist = 7.03 (meters)
bg = -0.0031,0.0207,0.0786 | ba = -0.0312,0.1073,0.0476
[34m[TIME]: 0.0047 seconds total (211.0 hz, 0.50 ms behind)
[0mq_GtoI = 0.819,-0.062,0.570,0.014 | p_IinG = 4.523,-3.719,0.563 | dist = 7.07 (meters)
bg = -0.0031,0.0207,0.0786 | ba = -0.0312,0.1060,0.0447
[34m[TIME]: 0.0100 seconds total (100.1 hz, 0.50 ms behind)
[0mq_GtoI = 0.819,-0.064,0.571,0.010 | p_IinG = 4.558,-3.734,0.568 | dist = 7.10 (meters)
bg = -0.0031,0.0208,0.0786 | ba = -0.0334,0.1038,0.0415
[34m[TIME]: 0.0058 seconds total (171.5 hz, 0.50 ms behind)
[0mq_GtoI = 0.819,-0.067,0.570,0.006 | p_IinG = 4.589,-3.749,0.570 | dist = 7.13 (meters)
bg = -0.0032,0.0208,0.0786 | ba = -0.0340,0.1030,0.0394
[34m[TIME]: 0.0041 seconds total (245.5 hz, 0.50 ms behind)
[0mq_GtoI = 0.819,-0.069,0.570,0.004 | p_IinG = 4.621,-3.766,0.567 | dist = 7.17 (meters)
bg = -0.0032,0.0208,0.0786 | ba = -0.0352,0.1030,0.0376
[34m[TIME]: 0.0039 seconds total (255.0 hz, 0.50 ms behind)
[0mq_GtoI = 0.819,-0.069,0.569,0.002 | p_IinG = 4.653,-3.784,0.561 | dist = 7.21 (meters)
bg = -0.0032,0.0208,0.0786 | ba = -0.0370,0.1038,0.0363
[34m[TIME]: 0.0071 seconds total (140.3 hz, 0.50 ms behind)
[0mq_GtoI = 0.820,-0.067,0.569,0.006 | p_IinG = 4.685,-3.803,0.552 | dist = 7.24 (meters)
bg = -0.0032,0.0208,0.0786 | ba = -0.0394,0.1054,0.0359
[34m[TIME]: 0.0040 seconds total (252.1 hz, 0.50 ms behind)
[0mq_GtoI = 0.820,-0.063,0.568,0.011 | p_IinG = 4.718,-3.825,0.543 | dist = 7.28 (meters)
bg = -0.0032,0.0208,0.0785 | ba = -0.0426,0.1079,0.0365
[34m[TIME]: 0.0039 seconds total (257.2 hz, 0.50 ms behind)
[0mq_GtoI = 0.821,-0.059,0.568,0.017 | p_IinG = 4.751,-3.847,0.532 | dist = 7.32 (meters)
bg = -0.0032,0.0208,0.0785 | ba = -0.0454,0.1110,0.0359
[34m[TIME]: 0.0085 seconds total (117.4 hz, 0.50 ms behind)
[0mq_GtoI = 0.821,-0.055,0.567,0.022 | p_IinG = 4.784,-3.869,0.521 | dist = 7.36 (meters)
bg = -0.0032,0.0208,0.0785 | ba = -0.0474,0.1126,0.0352
[34m[TIME]: 0.0041 seconds total (244.8 hz, 0.50 ms behind)
[0mq_GtoI = 0.821,-0.051,0.568,0.028 | p_IinG = 4.816,-3.893,0.509 | dist = 7.41 (meters)
bg = -0.0032,0.0208,0.0785 | ba = -0.0496,0.1143,0.0355
[34m[TIME]: 0.0038 seconds total (263.5 hz, 0.50 ms behind)
[0mq_GtoI = 0.820,-0.047,0.569,0.034 | p_IinG = 4.849,-3.916,0.496 | dist = 7.45 (meters)
bg = -0.0033,0.0208,0.0785 | ba = -0.0513,0.1161,0.0353
[34m[TIME]: 0.0038 seconds total (265.7 hz, 0.50 ms behind)
[0mq_GtoI = 0.820,-0.043,0.570,0.038 | p_IinG = 4.882,-3.940,0.482 | dist = 7.49 (meters)
bg = -0.0033,0.0208,0.0784 | ba = -0.0525,0.1176,0.0352
[34m[TIME]: 0.0058 seconds total (173.6 hz, 0.50 ms behind)
[0mq_GtoI = 0.818,-0.042,0.573,0.040 | p_IinG = 4.915,-3.962,0.468 | dist = 7.53 (meters)
bg = -0.0033,0.0208,0.0784 | ba = -0.0535,0.1187,0.0345
[34m[TIME]: 0.0039 seconds total (253.5 hz, 0.50 ms behind)
[0mq_GtoI = 0.815,-0.042,0.576,0.039 | p_IinG = 4.948,-3.983,0.456 | dist = 7.57 (meters)
bg = -0.0033,0.0208,0.0784 | ba = -0.0549,0.1198,0.0338
[34m[TIME]: 0.0041 seconds total (244.2 hz, 0.50 ms behind)
[0mq_GtoI = 0.813,-0.044,0.580,0.036 | p_IinG = 4.981,-4.004,0.445 | dist = 7.61 (meters)
bg = -0.0033,0.0208,0.0784 | ba = -0.0562,0.1206,0.0325
[34m[TIME]: 0.0041 seconds total (246.1 hz, 0.50 ms behind)
[0mq_GtoI = 0.812,-0.045,0.581,0.034 | p_IinG = 5.013,-4.024,0.436 | dist = 7.65 (meters)
bg = -0.0033,0.0209,0.0784 | ba = -0.0578,0.1212,0.0316
[34m[TIME]: 0.0037 seconds total (273.9 hz, 0.50 ms behind)
[0mq_GtoI = 0.811,-0.046,0.583,0.032 | p_IinG = 5.045,-4.044,0.429 | dist = 7.69 (meters)
bg = -0.0033,0.0209,0.0784 | ba = -0.0592,0.1217,0.0306
[34m[TIME]: 0.0065 seconds total (154.5 hz, 0.50 ms behind)
[0mq_GtoI = 0.810,-0.047,0.583,0.030 | p_IinG = 5.076,-4.063,0.425 | dist = 7.72 (meters)
bg = -0.0033,0.0209,0.0783 | ba = -0.0610,0.1224,0.0297
[34m[TIME]: 0.0051 seconds total (198.0 hz, 0.50 ms behind)
[0mq_GtoI = 0.810,-0.047,0.584,0.029 | p_IinG = 5.106,-4.082,0.422 | dist = 7.76 (meters)
bg = -0.0034,0.0209,0.0783 | ba = -0.0613,0.1235,0.0288
[34m[TIME]: 0.0057 seconds total (176.8 hz, 0.50 ms behind)
[0mq_GtoI = 0.810,-0.047,0.584,0.028 | p_IinG = 5.136,-4.100,0.420 | dist = 7.79 (meters)
bg = -0.0034,0.0209,0.0783 | ba = -0.0612,0.1244,0.0277
[34m[TIME]: 0.0086 seconds total (115.9 hz, 0.50 ms behind)
[0mq_GtoI = 0.810,-0.044,0.585,0.028 | p_IinG = 5.166,-4.119,0.421 | dist = 7.83 (meters)
bg = -0.0034,0.0209,0.0783 | ba = -0.0602,0.1255,0.0275
[34m[TIME]: 0.0039 seconds total (256.5 hz, 0.50 ms behind)
[0mq_GtoI = 0.810,-0.040,0.585,0.027 | p_IinG = 5.196,-4.137,0.423 | dist = 7.86 (meters)
bg = -0.0034,0.0209,0.0783 | ba = -0.0570,0.1267,0.0276
[34m[TIME]: 0.0041 seconds total (242.4 hz, 0.50 ms behind)
[0mq_GtoI = 0.810,-0.036,0.585,0.025 | p_IinG = 5.226,-4.154,0.427 | dist = 7.90 (meters)
bg = -0.0034,0.0209,0.0783 | ba = -0.0549,0.1283,0.0274
[34m[TIME]: 0.0067 seconds total (148.4 hz, 0.50 ms behind)
[0mq_GtoI = 0.810,-0.032,0.585,0.022 | p_IinG = 5.255,-4.172,0.433 | dist = 7.93 (meters)
bg = -0.0034,0.0209,0.0783 | ba = -0.0521,0.1295,0.0273
[34m[TIME]: 0.0050 seconds total (198.7 hz, 0.50 ms behind)
[0mq_GtoI = 0.811,-0.028,0.584,0.021 | p_IinG = 5.283,-4.190,0.439 | dist = 7.96 (meters)
bg = -0.0034,0.0209,0.0783 | ba = -0.0477,0.1305,0.0270
[34m[TIME]: 0.0047 seconds total (212.7 hz, 0.50 ms behind)
[0mq_GtoI = 0.811,-0.026,0.584,0.018 | p_IinG = 5.311,-4.207,0.444 | dist = 7.99 (meters)
bg = -0.0034,0.0209,0.0783 | ba = -0.0433,0.1316,0.0272
[34m[TIME]: 0.0078 seconds total (127.8 hz, 0.50 ms behind)
[0mq_GtoI = 0.811,-0.023,0.584,0.017 | p_IinG = 5.337,-4.225,0.448 | dist = 8.02 (meters)
bg = -0.0034,0.0210,0.0782 | ba = -0.0389,0.1325,0.0277
[34m[TIME]: 0.0048 seconds total (209.5 hz, 0.50 ms behind)
[0mq_GtoI = 0.812,-0.020,0.584,0.016 | p_IinG = 5.363,-4.242,0.450 | dist = 8.06 (meters)
bg = -0.0034,0.0210,0.0782 | ba = -0.0346,0.1336,0.0282
[34m[TIME]: 0.0037 seconds total (273.4 hz, 0.50 ms behind)
[0mq_GtoI = 0.812,-0.018,0.584,0.015 | p_IinG = 5.388,-4.259,0.450 | dist = 8.08 (meters)
bg = -0.0034,0.0210,0.0782 | ba = -0.0303,0.1348,0.0290
[34m[TIME]: 0.0068 seconds total (146.4 hz, 0.50 ms behind)
[0mq_GtoI = 0.813,-0.017,0.583,0.013 | p_IinG = 5.412,-4.275,0.449 | dist = 8.11 (meters)
bg = -0.0034,0.0210,0.0782 | ba = -0.0262,0.1360,0.0297
[34m[TIME]: 0.0050 seconds total (200.7 hz, 0.50 ms behind)
[0mq_GtoI = 0.813,-0.015,0.583,0.013 | p_IinG = 5.435,-4.292,0.445 | dist = 8.14 (meters)
bg = -0.0034,0.0210,0.0782 | ba = -0.0205,0.1374,0.0311
[34m[TIME]: 0.0057 seconds total (174.6 hz, 0.50 ms behind)
[0mq_GtoI = 0.813,-0.015,0.583,0.012 | p_IinG = 5.458,-4.308,0.441 | dist = 8.17 (meters)
bg = -0.0034,0.0210,0.0782 | ba = -0.0159,0.1389,0.0319
[34m[TIME]: 0.0039 seconds total (257.7 hz, 0.50 ms behind)
[0mq_GtoI = 0.812,-0.014,0.583,0.011 | p_IinG = 5.480,-4.323,0.435 | dist = 8.20 (meters)
bg = -0.0034,0.0210,0.0782 | ba = -0.0111,0.1405,0.0329
[34m[TIME]: 0.0039 seconds total (258.3 hz, 0.50 ms behind)
[0mq_GtoI = 0.813,-0.013,0.582,0.010 | p_IinG = 5.500,-4.338,0.428 | dist = 8.22 (meters)
bg = -0.0034,0.0210,0.0782 | ba = -0.0064,0.1421,0.0342
[34m[TIME]: 0.0079 seconds total (126.8 hz, 0.50 ms behind)
[0mq_GtoI = 0.814,-0.013,0.581,0.009 | p_IinG = 5.520,-4.354,0.419 | dist = 8.25 (meters)
bg = -0.0034,0.0210,0.0782 | ba = -0.0010,0.1434,0.0357
[34m[TIME]: 0.0076 seconds total (132.3 hz, 0.50 ms behind)
[0mq_GtoI = 0.814,-0.012,0.580,0.009 | p_IinG = 5.540,-4.368,0.414 | dist = 8.28 (meters)
bg = -0.0034,0.0210,0.0782 | ba = 0.0023,0.1456,0.0366
[34m[TIME]: 0.0099 seconds total (101.3 hz, 0.50 ms behind)
[0mq_GtoI = 0.815,-0.011,0.579,0.009 | p_IinG = 5.560,-4.381,0.410 | dist = 8.30 (meters)
bg = -0.0034,0.0210,0.0782 | ba = 0.0044,0.1474,0.0371
[34m[TIME]: 0.0041 seconds total (242.2 hz, 0.50 ms behind)
[0mq_GtoI = 0.816,-0.011,0.578,0.009 | p_IinG = 5.579,-4.394,0.408 | dist = 8.33 (meters)
bg = -0.0034,0.0210,0.0782 | ba = 0.0063,0.1492,0.0376
[34m[TIME]: 0.0044 seconds total (228.3 hz, 0.50 ms behind)
[0mq_GtoI = 0.816,-0.011,0.578,0.009 | p_IinG = 5.598,-4.406,0.408 | dist = 8.35 (meters)
bg = -0.0034,0.0211,0.0782 | ba = 0.0082,0.1514,0.0381
[34m[TIME]: 0.0042 seconds total (237.6 hz, 0.50 ms behind)
[0mq_GtoI = 0.816,-0.011,0.578,0.010 | p_IinG = 5.616,-4.419,0.409 | dist = 8.37 (meters)
bg = -0.0034,0.0211,0.0782 | ba = 0.0099,0.1533,0.0383
[34m[TIME]: 0.0040 seconds total (252.8 hz, 0.50 ms behind)
[0mq_GtoI = 0.815,-0.012,0.579,0.009 | p_IinG = 5.634,-4.431,0.409 | dist = 8.40 (meters)
bg = -0.0034,0.0211,0.0782 | ba = 0.0118,0.1550,0.0378
[34m[TIME]: 0.0073 seconds total (136.5 hz, 0.50 ms behind)
[0mq_GtoI = 0.815,-0.012,0.580,0.010 | p_IinG = 5.652,-4.441,0.407 | dist = 8.42 (meters)
bg = -0.0034,0.0211,0.0782 | ba = 0.0139,0.1569,0.0371
[34m[TIME]: 0.0080 seconds total (125.0 hz, 0.50 ms behind)
[0mq_GtoI = 0.815,-0.012,0.579,0.010 | p_IinG = 5.670,-4.453,0.403 | dist = 8.44 (meters)
bg = -0.0034,0.0211,0.0782 | ba = 0.0152,0.1579,0.0367
[34m[TIME]: 0.0054 seconds total (185.0 hz, 0.50 ms behind)
[0mq_GtoI = 0.814,-0.012,0.580,0.011 | p_IinG = 5.688,-4.463,0.399 | dist = 8.46 (meters)
bg = -0.0034,0.0211,0.0782 | ba = 0.0156,0.1589,0.0361
[34m[TIME]: 0.0085 seconds total (117.5 hz, 0.50 ms behind)
[0mq_GtoI = 0.814,-0.013,0.581,0.010 | p_IinG = 5.706,-4.474,0.394 | dist = 8.48 (meters)
bg = -0.0034,0.0211,0.0782 | ba = 0.0155,0.1597,0.0357
[34m[TIME]: 0.0047 seconds total (214.4 hz, 0.50 ms behind)
[0mq_GtoI = 0.814,-0.016,0.581,0.007 | p_IinG = 5.722,-4.483,0.386 | dist = 8.50 (meters)
bg = -0.0034,0.0211,0.0782 | ba = 0.0149,0.1609,0.0355
[34m[TIME]: 0.0050 seconds total (199.8 hz, 0.50 ms behind)
[0mq_GtoI = 0.814,-0.019,0.581,0.003 | p_IinG = 5.739,-4.493,0.379 | dist = 8.52 (meters)
bg = -0.0034,0.0211,0.0782 | ba = 0.0135,0.1614,0.0353
[34m[TIME]: 0.0047 seconds total (213.2 hz, 0.50 ms behind)
[0mq_GtoI = 0.814,-0.021,0.581,0.000 | p_IinG = 5.756,-4.503,0.369 | dist = 8.55 (meters)
bg = -0.0034,0.0211,0.0782 | ba = 0.0123,0.1617,0.0354
[34m[TIME]: 0.0051 seconds total (197.2 hz, 0.50 ms behind)
[0mq_GtoI = -0.814,0.022,-0.581,0.000 | p_IinG = 5.771,-4.513,0.360 | dist = 8.57 (meters)
bg = -0.0034,0.0211,0.0782 | ba = 0.0105,0.1625,0.0359
[34m[TIME]: 0.0051 seconds total (197.4 hz, 0.50 ms behind)
[0mq_GtoI = 0.813,-0.021,0.581,0.001 | p_IinG = 5.787,-4.524,0.351 | dist = 8.59 (meters)
bg = -0.0034,0.0211,0.0782 | ba = 0.0083,0.1627,0.0360
[34m[TIME]: 0.0053 seconds total (189.8 hz, 0.50 ms behind)
[0mq_GtoI = 0.814,-0.020,0.581,0.003 | p_IinG = 5.802,-4.535,0.343 | dist = 8.61 (meters)
bg = -0.0034,0.0211,0.0782 | ba = 0.0056,0.1625,0.0358
[34m[TIME]: 0.0046 seconds total (215.3 hz, 0.50 ms behind)
[0mq_GtoI = 0.814,-0.019,0.581,0.005 | p_IinG = 5.816,-4.547,0.337 | dist = 8.63 (meters)
bg = -0.0034,0.0211,0.0782 | ba = 0.0029,0.1625,0.0355
[34m[TIME]: 0.0046 seconds total (218.7 hz, 0.50 ms behind)
[0mq_GtoI = 0.814,-0.018,0.580,0.007 | p_IinG = 5.831,-4.558,0.332 | dist = 8.65 (meters)
bg = -0.0035,0.0212,0.0782 | ba = -0.0006,0.1626,0.0353
[34m[TIME]: 0.0064 seconds total (155.2 hz, 0.50 ms behind)
[0mq_GtoI = 0.814,-0.018,0.581,0.008 | p_IinG = 5.845,-4.569,0.330 | dist = 8.66 (meters)
bg = -0.0035,0.0212,0.0782 | ba = -0.0046,0.1625,0.0354
[34m[TIME]: 0.0044 seconds total (225.7 hz, 0.50 ms behind)
[0mq_GtoI = 0.814,-0.018,0.580,0.009 | p_IinG = 5.858,-4.579,0.332 | dist = 8.68 (meters)
bg = -0.0035,0.0212,0.0782 | ba = -0.0103,0.1630,0.0360
[34m[TIME]: 0.0094 seconds total (106.8 hz, 0.50 ms behind)
[0mq_GtoI = 0.814,-0.017,0.581,0.009 | p_IinG = 5.872,-4.589,0.335 | dist = 8.70 (meters)
bg = -0.0035,0.0212,0.0782 | ba = -0.0144,0.1633,0.0365
[34m[TIME]: 0.0048 seconds total (210.1 hz, 0.50 ms behind)
[0mq_GtoI = 0.813,-0.017,0.582,0.010 | p_IinG = 5.886,-4.599,0.339 | dist = 8.71 (meters)
bg = -0.0035,0.0212,0.0782 | ba = -0.0184,0.1642,0.0373
[34m[TIME]: 0.0047 seconds total (211.7 hz, 0.50 ms behind)
[0mq_GtoI = 0.813,-0.018,0.582,0.010 | p_IinG = 5.899,-4.609,0.344 | dist = 8.73 (meters)
bg = -0.0035,0.0212,0.0782 | ba = -0.0221,0.1651,0.0385
[34m[TIME]: 0.0084 seconds total (118.5 hz, 0.50 ms behind)
[0mq_GtoI = 0.813,-0.021,0.582,0.011 | p_IinG = 5.912,-4.618,0.352 | dist = 8.75 (meters)
bg = -0.0035,0.0212,0.0782 | ba = -0.0256,0.1660,0.0399
[34m[TIME]: 0.0044 seconds total (228.6 hz, 0.50 ms behind)
[0mq_GtoI = 0.812,-0.024,0.583,0.014 | p_IinG = 5.924,-4.628,0.360 | dist = 8.77 (meters)
bg = -0.0035,0.0212,0.0782 | ba = -0.0290,0.1676,0.0420
[34m[TIME]: 0.0048 seconds total (207.8 hz, 0.50 ms behind)
[0mq_GtoI = 0.811,-0.029,0.584,0.017 | p_IinG = 5.936,-4.637,0.370 | dist = 8.79 (meters)
bg = -0.0035,0.0212,0.0782 | ba = -0.0332,0.1696,0.0437
[34m[TIME]: 0.0071 seconds total (140.9 hz, 0.50 ms behind)
[0mq_GtoI = 0.811,-0.032,0.584,0.020 | p_IinG = 5.947,-4.647,0.378 | dist = 8.81 (meters)
bg = -0.0035,0.0212,0.0782 | ba = -0.0353,0.1708,0.0461
[34m[TIME]: 0.0085 seconds total (117.3 hz, 0.50 ms behind)
[0mq_GtoI = 0.810,-0.035,0.584,0.023 | p_IinG = 5.957,-4.656,0.386 | dist = 8.82 (meters)
bg = -0.0035,0.0212,0.0782 | ba = -0.0374,0.1725,0.0489
[34m[TIME]: 0.0042 seconds total (236.5 hz, 0.50 ms behind)
[0mq_GtoI = 0.810,-0.038,0.585,0.024 | p_IinG = 5.967,-4.665,0.391 | dist = 8.84 (meters)
bg = -0.0035,0.0212,0.0782 | ba = -0.0396,0.1741,0.0517
[34m[TIME]: 0.0045 seconds total (223.6 hz, 0.50 ms behind)
[0mq_GtoI = 0.809,-0.041,0.585,0.026 | p_IinG = 5.975,-4.673,0.395 | dist = 8.85 (meters)
bg = -0.0035,0.0212,0.0782 | ba = -0.0417,0.1756,0.0545
[34m[TIME]: 0.0040 seconds total (249.9 hz, 0.50 ms behind)
[0mq_GtoI = 0.809,-0.045,0.586,0.028 | p_IinG = 5.983,-4.681,0.397 | dist = 8.87 (meters)
bg = -0.0035,0.0212,0.0782 | ba = -0.0432,0.1768,0.0576
[34m[TIME]: 0.0041 seconds total (245.5 hz, 0.50 ms behind)
[0mq_GtoI = 0.808,-0.049,0.586,0.031 | p_IinG = 5.990,-4.690,0.397 | dist = 8.88 (meters)
bg = -0.0035,0.0212,0.0782 | ba = -0.0449,0.1780,0.0606
[34m[TIME]: 0.0043 seconds total (229.9 hz, 0.50 ms behind)
[0mq_GtoI = 0.807,-0.053,0.587,0.033 | p_IinG = 5.996,-4.698,0.396 | dist = 8.89 (meters)
bg = -0.0035,0.0211,0.0782 | ba = -0.0461,0.1790,0.0639
[34m[TIME]: 0.0040 seconds total (248.9 hz, 0.50 ms behind)
[0mq_GtoI = 0.807,-0.057,0.586,0.035 | p_IinG = 6.001,-4.706,0.393 | dist = 8.91 (meters)
bg = -0.0035,0.0211,0.0782 | ba = -0.0468,0.1799,0.0674
[34m[TIME]: 0.0074 seconds total (135.4 hz, 0.50 ms behind)
[0mq_GtoI = 0.808,-0.060,0.585,0.037 | p_IinG = 6.006,-4.714,0.388 | dist = 8.92 (meters)
bg = -0.0035,0.0211,0.0782 | ba = -0.0476,0.1804,0.0708
[34m[TIME]: 0.0042 seconds total (236.5 hz, 0.50 ms behind)
[0mq_GtoI = 0.810,-0.062,0.582,0.039 | p_IinG = 6.010,-4.722,0.382 | dist = 8.93 (meters)
bg = -0.0035,0.0211,0.0782 | ba = -0.0491,0.1808,0.0741
[34m[TIME]: 0.0041 seconds total (246.5 hz, 0.50 ms behind)
[0mq_GtoI = 0.812,-0.065,0.579,0.039 | p_IinG = 6.013,-4.729,0.375 | dist = 8.94 (meters)
bg = -0.0035,0.0211,0.0782 | ba = -0.0502,0.1808,0.0772
[34m[TIME]: 0.0064 seconds total (156.8 hz, 0.50 ms behind)
[0mq_GtoI = 0.814,-0.067,0.575,0.040 | p_IinG = 6.017,-4.736,0.367 | dist = 8.95 (meters)
bg = -0.0035,0.0211,0.0782 | ba = -0.0519,0.1804,0.0804
[34m[TIME]: 0.0054 seconds total (184.5 hz, 0.50 ms behind)
[0mq_GtoI = 0.816,-0.068,0.572,0.041 | p_IinG = 6.020,-4.744,0.359 | dist = 8.97 (meters)
bg = -0.0035,0.0211,0.0782 | ba = -0.0536,0.1797,0.0826
[34m[TIME]: 0.0084 seconds total (119.3 hz, 0.50 ms behind)
[0mq_GtoI = 0.818,-0.069,0.569,0.041 | p_IinG = 6.024,-4.751,0.351 | dist = 8.98 (meters)
bg = -0.0035,0.0211,0.0782 | ba = -0.0542,0.1788,0.0849
[34m[TIME]: 0.0040 seconds total (248.4 hz, 0.50 ms behind)
[0mq_GtoI = 0.820,-0.070,0.567,0.040 | p_IinG = 6.028,-4.758,0.345 | dist = 8.99 (meters)
bg = -0.0035,0.0211,0.0782 | ba = -0.0535,0.1768,0.0876
[34m[TIME]: 0.0050 seconds total (200.7 hz, 0.50 ms behind)
[0mq_GtoI = 0.821,-0.071,0.565,0.040 | p_IinG = 6.031,-4.765,0.342 | dist = 9.00 (meters)
bg = -0.0035,0.0211,0.0782 | ba = -0.0528,0.1752,0.0891
[34m[TIME]: 0.0041 seconds total (244.3 hz, 0.50 ms behind)
[0mq_GtoI = 0.822,-0.071,0.564,0.040 | p_IinG = 6.036,-4.773,0.340 | dist = 9.01 (meters)
bg = -0.0035,0.0211,0.0782 | ba = -0.0517,0.1731,0.0898
[34m[TIME]: 0.0041 seconds total (241.5 hz, 0.50 ms behind)
[0mq_GtoI = 0.822,-0.072,0.563,0.039 | p_IinG = 6.040,-4.781,0.341 | dist = 9.02 (meters)
bg = -0.0035,0.0211,0.0782 | ba = -0.0511,0.1714,0.0899
[34m[TIME]: 0.0041 seconds total (244.0 hz, 0.50 ms behind)
[0mq_GtoI = 0.822,-0.072,0.564,0.039 | p_IinG = 6.045,-4.789,0.343 | dist = 9.03 (meters)
bg = -0.0035,0.0211,0.0782 | ba = -0.0505,0.1697,0.0892
[34m[TIME]: 0.0040 seconds total (252.7 hz, 0.50 ms behind)
[0mq_GtoI = 0.820,-0.072,0.567,0.039 | p_IinG = 6.052,-4.798,0.347 | dist = 9.04 (meters)
bg = -0.0035,0.0211,0.0782 | ba = -0.0499,0.1682,0.0887
[34m[TIME]: 0.0040 seconds total (251.4 hz, 0.50 ms behind)
[0mq_GtoI = 0.817,-0.072,0.571,0.039 | p_IinG = 6.059,-4.807,0.351 | dist = 9.05 (meters)
bg = -0.0035,0.0211,0.0782 | ba = -0.0493,0.1662,0.0881
[34m[TIME]: 0.0039 seconds total (255.0 hz, 0.50 ms behind)
[0mq_GtoI = 0.815,-0.072,0.574,0.038 | p_IinG = 6.066,-4.816,0.353 | dist = 9.06 (meters)
bg = -0.0035,0.0211,0.0782 | ba = -0.0484,0.1645,0.0878
[34m[TIME]: 0.0039 seconds total (255.6 hz, 0.50 ms behind)
[0mq_GtoI = 0.814,-0.072,0.576,0.038 | p_IinG = 6.073,-4.825,0.354 | dist = 9.08 (meters)
bg = -0.0035,0.0211,0.0783 | ba = -0.0472,0.1631,0.0877
[34m[TIME]: 0.0040 seconds total (248.7 hz, 0.50 ms behind)
[0mq_GtoI = 0.813,-0.072,0.577,0.038 | p_IinG = 6.080,-4.835,0.352 | dist = 9.09 (meters)
bg = -0.0035,0.0211,0.0783 | ba = -0.0462,0.1626,0.0877
[34m[TIME]: 0.0044 seconds total (226.0 hz, 0.50 ms behind)
[0mq_GtoI = 0.813,-0.072,0.576,0.038 | p_IinG = 6.087,-4.844,0.349 | dist = 9.10 (meters)
bg = -0.0035,0.0211,0.0783 | ba = -0.0455,0.1623,0.0878
[34m[TIME]: 0.0039 seconds total (257.4 hz, 0.50 ms behind)
[0mq_GtoI = 0.814,-0.071,0.575,0.038 | p_IinG = 6.095,-4.854,0.346 | dist = 9.11 (meters)
bg = -0.0035,0.0212,0.0783 | ba = -0.0454,0.1625,0.0879
[34m[TIME]: 0.0051 seconds total (197.9 hz, 0.50 ms behind)
[0mq_GtoI = 0.816,-0.071,0.573,0.037 | p_IinG = 6.103,-4.864,0.345 | dist = 9.12 (meters)
bg = -0.0035,0.0212,0.0783 | ba = -0.0453,0.1627,0.0874
[34m[TIME]: 0.0061 seconds total (162.8 hz, 0.50 ms behind)
[0mq_GtoI = 0.818,-0.072,0.570,0.036 | p_IinG = 6.111,-4.874,0.345 | dist = 9.14 (meters)
bg = -0.0035,0.0212,0.0783 | ba = -0.0447,0.1629,0.0872
[34m[TIME]: 0.0042 seconds total (235.9 hz, 0.50 ms behind)
[0mq_GtoI = 0.820,-0.071,0.566,0.035 | p_IinG = 6.121,-4.885,0.347 | dist = 9.15 (meters)
bg = -0.0035,0.0212,0.0783 | ba = -0.0438,0.1629,0.0875
[34m[TIME]: 0.0043 seconds total (231.0 hz, 0.50 ms behind)
[0mq_GtoI = 0.822,-0.071,0.564,0.035 | p_IinG = 6.132,-4.896,0.351 | dist = 9.17 (meters)
bg = -0.0035,0.0212,0.0783 | ba = -0.0422,0.1624,0.0882
[34m[TIME]: 0.0046 seconds total (215.4 hz, 0.50 ms behind)
[0mq_GtoI = 0.824,-0.070,0.560,0.035 | p_IinG = 6.143,-4.908,0.356 | dist = 9.19 (meters)
bg = -0.0035,0.0212,0.0783 | ba = -0.0407,0.1625,0.0905
[34m[TIME]: 0.0042 seconds total (240.8 hz, 0.50 ms behind)
[0mq_GtoI = 0.826,-0.069,0.558,0.035 | p_IinG = 6.155,-4.919,0.363 | dist = 9.20 (meters)
bg = -0.0035,0.0212,0.0783 | ba = -0.0399,0.1622,0.0927
[34m[TIME]: 0.0042 seconds total (240.3 hz, 0.50 ms behind)
[0mq_GtoI = 0.828,-0.068,0.555,0.035 | p_IinG = 6.167,-4.931,0.372 | dist = 9.22 (meters)
bg = -0.0035,0.0212,0.0783 | ba = -0.0397,0.1622,0.0952
[34m[TIME]: 0.0076 seconds total (132.3 hz, 0.50 ms behind)
[0mq_GtoI = 0.829,-0.067,0.554,0.035 | p_IinG = 6.180,-4.943,0.382 | dist = 9.25 (meters)
bg = -0.0035,0.0212,0.0783 | ba = -0.0395,0.1624,0.0975
[34m[TIME]: 0.0044 seconds total (228.7 hz, 0.50 ms behind)
[0mq_GtoI = 0.831,-0.066,0.552,0.036 | p_IinG = 6.192,-4.956,0.392 | dist = 9.27 (meters)
bg = -0.0035,0.0211,0.0783 | ba = -0.0389,0.1625,0.0996
[34m[TIME]: 0.0044 seconds total (226.6 hz, 0.50 ms behind)
[0mq_GtoI = 0.832,-0.066,0.549,0.036 | p_IinG = 6.207,-4.968,0.400 | dist = 9.29 (meters)
bg = -0.0035,0.0211,0.0784 | ba = -0.0386,0.1626,0.1010
[34m[TIME]: 0.0095 seconds total (105.0 hz, 0.50 ms behind)
[0mq_GtoI = 0.833,-0.066,0.547,0.036 | p_IinG = 6.223,-4.981,0.408 | dist = 9.31 (meters)
bg = -0.0035,0.0211,0.0784 | ba = -0.0390,0.1633,0.1029
[34m[TIME]: 0.0062 seconds total (161.8 hz, 0.50 ms behind)
[0mq_GtoI = 0.835,-0.065,0.546,0.036 | p_IinG = 6.240,-4.994,0.414 | dist = 9.33 (meters)
bg = -0.0035,0.0211,0.0784 | ba = -0.0389,0.1634,0.1040
[34m[TIME]: 0.0052 seconds total (193.8 hz, 0.50 ms behind)
[0mq_GtoI = 0.835,-0.065,0.545,0.037 | p_IinG = 6.258,-5.007,0.418 | dist = 9.36 (meters)
bg = -0.0034,0.0211,0.0784 | ba = -0.0386,0.1638,0.1049
[34m[TIME]: 0.0042 seconds total (235.3 hz, 0.50 ms behind)
[0mq_GtoI = 0.836,-0.065,0.544,0.037 | p_IinG = 6.278,-5.021,0.421 | dist = 9.38 (meters)
bg = -0.0034,0.0211,0.0784 | ba = -0.0385,0.1639,0.1056
[34m[TIME]: 0.0040 seconds total (248.0 hz, 0.50 ms behind)
[0mq_GtoI = 0.836,-0.065,0.543,0.037 | p_IinG = 6.300,-5.034,0.423 | dist = 9.41 (meters)
bg = -0.0034,0.0211,0.0784 | ba = -0.0389,0.1644,0.1065
[34m[TIME]: 0.0040 seconds total (251.1 hz, 0.50 ms behind)
[0mq_GtoI = 0.835,-0.064,0.545,0.037 | p_IinG = 6.323,-5.048,0.423 | dist = 9.43 (meters)
bg = -0.0034,0.0211,0.0784 | ba = -0.0394,0.1646,0.1065
[34m[TIME]: 0.0076 seconds total (132.0 hz, 0.50 ms behind)
[0mq_GtoI = 0.832,-0.066,0.549,0.036 | p_IinG = 6.348,-5.062,0.424 | dist = 9.46 (meters)
bg = -0.0034,0.0211,0.0784 | ba = -0.0397,0.1646,0.1074
[34m[TIME]: 0.0040 seconds total (250.4 hz, 0.50 ms behind)
[0mq_GtoI = 0.828,-0.069,0.556,0.032 | p_IinG = 6.374,-5.076,0.423 | dist = 9.49 (meters)
bg = -0.0034,0.0211,0.0784 | ba = -0.0399,0.1645,0.1075
[34m[TIME]: 0.0041 seconds total (244.0 hz, 0.50 ms behind)
[0mq_GtoI = 0.823,-0.073,0.563,0.027 | p_IinG = 6.401,-5.091,0.421 | dist = 9.52 (meters)
bg = -0.0034,0.0211,0.0784 | ba = -0.0397,0.1636,0.1070
[34m[TIME]: 0.0039 seconds total (256.9 hz, 0.50 ms behind)
[0mq_GtoI = 0.818,-0.076,0.570,0.023 | p_IinG = 6.427,-5.106,0.418 | dist = 9.55 (meters)
bg = -0.0034,0.0211,0.0784 | ba = -0.0389,0.1625,0.1058
[34m[TIME]: 0.0041 seconds total (246.4 hz, 0.50 ms behind)
[0mq_GtoI = 0.814,-0.078,0.575,0.020 | p_IinG = 6.454,-5.122,0.412 | dist = 9.59 (meters)
bg = -0.0034,0.0211,0.0784 | ba = -0.0378,0.1615,0.1039
[34m[TIME]: 0.0083 seconds total (120.3 hz, 0.50 ms behind)
[0mq_GtoI = 0.811,-0.080,0.579,0.018 | p_IinG = 6.481,-5.140,0.405 | dist = 9.62 (meters)
bg = -0.0034,0.0211,0.0784 | ba = -0.0362,0.1607,0.1016
[34m[TIME]: 0.0043 seconds total (233.3 hz, 0.50 ms behind)
[0mq_GtoI = 0.808,-0.083,0.583,0.014 | p_IinG = 6.507,-5.158,0.395 | dist = 9.65 (meters)
bg = -0.0034,0.0211,0.0783 | ba = -0.0338,0.1600,0.0993
[34m[TIME]: 0.0058 seconds total (171.8 hz, 0.50 ms behind)
[0mq_GtoI = 0.806,-0.085,0.586,0.011 | p_IinG = 6.533,-5.177,0.383 | dist = 9.69 (meters)
bg = -0.0034,0.0211,0.0783 | ba = -0.0322,0.1589,0.0973
[34m[TIME]: 0.0039 seconds total (258.1 hz, 0.50 ms behind)
[0mq_GtoI = 0.805,-0.086,0.587,0.010 | p_IinG = 6.557,-5.198,0.370 | dist = 9.72 (meters)
bg = -0.0034,0.0211,0.0783 | ba = -0.0307,0.1583,0.0963
[34m[TIME]: 0.0035 seconds total (289.5 hz, 0.50 ms behind)
[0mq_GtoI = 0.805,-0.083,0.588,0.014 | p_IinG = 6.581,-5.220,0.355 | dist = 9.76 (meters)
bg = -0.0034,0.0211,0.0783 | ba = -0.0289,0.1576,0.0954
[34m[TIME]: 0.0036 seconds total (280.8 hz, 0.50 ms behind)
[0mq_GtoI = 0.805,-0.079,0.588,0.020 | p_IinG = 6.603,-5.244,0.338 | dist = 9.79 (meters)
bg = -0.0034,0.0211,0.0783 | ba = -0.0269,0.1567,0.0948
[34m[TIME]: 0.0036 seconds total (277.2 hz, 0.50 ms behind)
[0mq_GtoI = 0.806,-0.073,0.587,0.028 | p_IinG = 6.624,-5.268,0.320 | dist = 9.83 (meters)
bg = -0.0034,0.0211,0.0783 | ba = -0.0245,0.1557,0.0944
[34m[TIME]: 0.0037 seconds total (270.5 hz, 0.50 ms behind)
[0mq_GtoI = 0.806,-0.069,0.586,0.036 | p_IinG = 6.646,-5.293,0.300 | dist = 9.87 (meters)
bg = -0.0034,0.0211,0.0783 | ba = -0.0234,0.1560,0.0938
[34m[TIME]: 0.0056 seconds total (177.3 hz, 0.50 ms behind)
[0mq_GtoI = 0.808,-0.066,0.584,0.041 | p_IinG = 6.666,-5.318,0.279 | dist = 9.91 (meters)
bg = -0.0034,0.0211,0.0783 | ba = -0.0223,0.1558,0.0939
[34m[TIME]: 0.0036 seconds total (276.9 hz, 0.50 ms behind)
[0mq_GtoI = 0.809,-0.065,0.582,0.044 | p_IinG = 6.685,-5.343,0.258 | dist = 9.94 (meters)
bg = -0.0034,0.0211,0.0783 | ba = -0.0210,0.1550,0.0941
[34m[TIME]: 0.0044 seconds total (227.2 hz, 0.50 ms behind)
[0mq_GtoI = 0.811,-0.066,0.579,0.044 | p_IinG = 6.702,-5.366,0.239 | dist = 9.98 (meters)
bg = -0.0033,0.0211,0.0783 | ba = -0.0197,0.1542,0.0941
[34m[TIME]: 0.0106 seconds total (93.9 hz, 0.50 ms behind)
[0mq_GtoI = 0.816,-0.066,0.573,0.044 | p_IinG = 6.719,-5.389,0.221 | dist = 10.01 (meters)
bg = -0.0033,0.0211,0.0783 | ba = -0.0169,0.1532,0.0940
[34m[TIME]: 0.0085 seconds total (118.2 hz, 0.50 ms behind)
[0mq_GtoI = 0.822,-0.069,0.564,0.042 | p_IinG = 6.737,-5.412,0.205 | dist = 10.05 (meters)
bg = -0.0033,0.0211,0.0783 | ba = -0.0143,0.1526,0.0944
[34m[TIME]: 0.0056 seconds total (177.9 hz, 0.50 ms behind)
[0mq_GtoI = 0.828,-0.070,0.554,0.040 | p_IinG = 6.753,-5.435,0.190 | dist = 10.08 (meters)
bg = -0.0034,0.0211,0.0783 | ba = -0.0109,0.1514,0.0950
[34m[TIME]: 0.0053 seconds total (190.0 hz, 0.50 ms behind)
[0mq_GtoI = 0.834,-0.070,0.546,0.040 | p_IinG = 6.769,-5.459,0.178 | dist = 10.11 (meters)
bg = -0.0034,0.0211,0.0783 | ba = -0.0088,0.1508,0.0949
[34m[TIME]: 0.0078 seconds total (127.6 hz, 0.50 ms behind)
[0mq_GtoI = 0.839,-0.072,0.538,0.038 | p_IinG = 6.788,-5.483,0.168 | dist = 10.14 (meters)
bg = -0.0034,0.0211,0.0784 | ba = -0.0062,0.1503,0.0948
[34m[TIME]: 0.0071 seconds total (141.5 hz, 0.50 ms behind)
[0mq_GtoI = 0.842,-0.072,0.534,0.039 | p_IinG = 6.810,-5.507,0.161 | dist = 10.17 (meters)
bg = -0.0034,0.0212,0.0784 | ba = -0.0036,0.1498,0.0945
[34m[TIME]: 0.0060 seconds total (166.7 hz, 0.50 ms behind)
[0mq_GtoI = 0.841,-0.072,0.534,0.039 | p_IinG = 6.834,-5.532,0.156 | dist = 10.21 (meters)
bg = -0.0034,0.0212,0.0784 | ba = -0.0015,0.1496,0.0939
[34m[TIME]: 0.0035 seconds total (284.7 hz, 0.50 ms behind)
[0mq_GtoI = 0.839,-0.072,0.538,0.039 | p_IinG = 6.860,-5.557,0.152 | dist = 10.24 (meters)
bg = -0.0034,0.0212,0.0784 | ba = 0.0000,0.1498,0.0928
[34m[TIME]: 0.0044 seconds total (227.3 hz, 0.50 ms behind)
[0mq_GtoI = 0.836,-0.071,0.542,0.041 | p_IinG = 6.889,-5.582,0.149 | dist = 10.28 (meters)
bg = -0.0034,0.0212,0.0784 | ba = 0.0012,0.1502,0.0915
[34m[TIME]: 0.0036 seconds total (278.1 hz, 0.50 ms behind)
[0mq_GtoI = 0.834,-0.071,0.546,0.041 | p_IinG = 6.920,-5.607,0.145 | dist = 10.32 (meters)
bg = -0.0034,0.0212,0.0784 | ba = 0.0014,0.1506,0.0902
[34m[TIME]: 0.0040 seconds total (250.3 hz, 0.50 ms behind)
[0mq_GtoI = 0.832,-0.071,0.548,0.042 | p_IinG = 6.953,-5.632,0.140 | dist = 10.36 (meters)
bg = -0.0034,0.0212,0.0784 | ba = 0.0001,0.1507,0.0894
[34m[TIME]: 0.0044 seconds total (227.3 hz, 0.50 ms behind)
[0mq_GtoI = 0.832,-0.071,0.549,0.042 | p_IinG = 6.989,-5.657,0.134 | dist = 10.40 (meters)
bg = -0.0034,0.0212,0.0784 | ba = -0.0010,0.1520,0.0879
[34m[TIME]: 0.0108 seconds total (92.8 hz, 0.50 ms behind)
[0mq_GtoI = 0.831,-0.071,0.551,0.043 | p_IinG = 7.024,-5.681,0.125 | dist = 10.44 (meters)
bg = -0.0034,0.0212,0.0784 | ba = -0.0014,0.1530,0.0865
[34m[TIME]: 0.0045 seconds total (224.1 hz, 0.50 ms behind)
[0mq_GtoI = 0.830,-0.070,0.552,0.044 | p_IinG = 7.063,-5.706,0.117 | dist = 10.49 (meters)
bg = -0.0034,0.0212,0.0784 | ba = -0.0026,0.1538,0.0847
[34m[TIME]: 0.0067 seconds total (149.4 hz, 0.50 ms behind)
[0mq_GtoI = 0.829,-0.070,0.553,0.044 | p_IinG = 7.101,-5.730,0.110 | dist = 10.53 (meters)
bg = -0.0034,0.0212,0.0784 | ba = -0.0042,0.1545,0.0852
[34m[TIME]: 0.0048 seconds total (209.0 hz, 0.50 ms behind)
[0mq_GtoI = 0.829,-0.070,0.554,0.043 | p_IinG = 7.140,-5.755,0.105 | dist = 10.58 (meters)
bg = -0.0034,0.0213,0.0784 | ba = -0.0054,0.1548,0.0853
[34m[TIME]: 0.0044 seconds total (227.6 hz, 0.50 ms behind)
[0mq_GtoI = 0.828,-0.071,0.554,0.042 | p_IinG = 7.180,-5.779,0.102 | dist = 10.62 (meters)
bg = -0.0034,0.0213,0.0784 | ba = -0.0063,0.1549,0.0851
[34m[TIME]: 0.0046 seconds total (216.7 hz, 0.50 ms behind)
[0mq_GtoI = 0.829,-0.071,0.553,0.042 | p_IinG = 7.221,-5.804,0.102 | dist = 10.67 (meters)
bg = -0.0034,0.0213,0.0784 | ba = -0.0065,0.1553,0.0848
[34m[TIME]: 0.0042 seconds total (240.7 hz, 0.50 ms behind)
[0mq_GtoI = 0.829,-0.072,0.553,0.041 | p_IinG = 7.263,-5.828,0.105 | dist = 10.72 (meters)
bg = -0.0035,0.0213,0.0784 | ba = -0.0061,0.1557,0.0841
[34m[TIME]: 0.0042 seconds total (239.0 hz, 0.50 ms behind)
[0mq_GtoI = 0.826,-0.074,0.557,0.041 | p_IinG = 7.307,-5.854,0.111 | dist = 10.77 (meters)
bg = -0.0035,0.0213,0.0784 | ba = -0.0047,0.1570,0.0817
[34m[TIME]: 0.0061 seconds total (165.3 hz, 0.50 ms behind)
[0mq_GtoI = 0.823,-0.077,0.561,0.041 | p_IinG = 7.350,-5.880,0.118 | dist = 10.82 (meters)
bg = -0.0035,0.0213,0.0784 | ba = -0.0029,0.1575,0.0791
[34m[TIME]: 0.0065 seconds total (153.4 hz, 0.50 ms behind)
[0mq_GtoI = 0.821,-0.083,0.564,0.041 | p_IinG = 7.397,-5.909,0.125 | dist = 10.87 (meters)
bg = -0.0035,0.0213,0.0784 | ba = -0.0001,0.1579,0.0723
[34m[TIME]: 0.0066 seconds total (151.5 hz, 0.50 ms behind)
[0mq_GtoI = 0.818,-0.091,0.566,0.043 | p_IinG = 7.439,-5.937,0.134 | dist = 10.92 (meters)
bg = -0.0035,0.0213,0.0784 | ba = 0.0008,0.1580,0.0710
[34m[TIME]: 0.0051 seconds total (194.4 hz, 0.50 ms behind)
[0mq_GtoI = 0.815,-0.100,0.569,0.047 | p_IinG = 7.483,-5.965,0.143 | dist = 10.97 (meters)
bg = -0.0035,0.0213,0.0784 | ba = 0.0010,0.1583,0.0698
[34m[TIME]: 0.0091 seconds total (109.6 hz, 0.50 ms behind)
[0mq_GtoI = 0.812,-0.111,0.571,0.051 | p_IinG = 7.527,-5.994,0.151 | dist = 11.02 (meters)
bg = -0.0035,0.0213,0.0784 | ba = 0.0011,0.1581,0.0686
[34m[TIME]: 0.0078 seconds total (127.9 hz, 0.50 ms behind)
[0mq_GtoI = 0.809,-0.122,0.573,0.056 | p_IinG = 7.570,-6.024,0.158 | dist = 11.07 (meters)
bg = -0.0035,0.0213,0.0784 | ba = 0.0014,0.1580,0.0676
[34m[TIME]: 0.0082 seconds total (121.5 hz, 0.50 ms behind)
[0mq_GtoI = 0.804,-0.135,0.576,0.062 | p_IinG = 7.613,-6.054,0.163 | dist = 11.12 (meters)
bg = -0.0035,0.0213,0.0784 | ba = 0.0012,0.1579,0.0671
[34m[TIME]: 0.0061 seconds total (163.2 hz, 0.50 ms behind)
[0mq_GtoI = 0.800,-0.148,0.578,0.068 | p_IinG = 7.654,-6.086,0.166 | dist = 11.18 (meters)
bg = -0.0035,0.0213,0.0784 | ba = 0.0010,0.1580,0.0668
[34m[TIME]: 0.0065 seconds total (153.0 hz, 0.50 ms behind)
[0mq_GtoI = 0.796,-0.159,0.579,0.077 | p_IinG = 7.694,-6.118,0.168 | dist = 11.23 (meters)
bg = -0.0035,0.0213,0.0784 | ba = -0.0003,0.1579,0.0664
[34m[TIME]: 0.0048 seconds total (207.0 hz, 0.50 ms behind)
[0mq_GtoI = 0.791,-0.167,0.582,0.088 | p_IinG = 7.733,-6.151,0.169 | dist = 11.27 (meters)
bg = -0.0035,0.0213,0.0784 | ba = -0.0020,0.1578,0.0658
[34m[TIME]: 0.0044 seconds total (226.1 hz, 0.50 ms behind)
[0mq_GtoI = 0.787,-0.173,0.584,0.099 | p_IinG = 7.771,-6.184,0.171 | dist = 11.32 (meters)
bg = -0.0035,0.0213,0.0784 | ba = -0.0045,0.1582,0.0650
[34m[TIME]: 0.0047 seconds total (211.4 hz, 0.50 ms behind)
[0mq_GtoI = 0.784,-0.179,0.584,0.107 | p_IinG = 7.807,-6.218,0.174 | dist = 11.37 (meters)
bg = -0.0035,0.0213,0.0784 | ba = -0.0083,0.1593,0.0639
[34m[TIME]: 0.0047 seconds total (211.1 hz, 0.50 ms behind)
[0mq_GtoI = 0.783,-0.184,0.583,0.114 | p_IinG = 7.842,-6.251,0.176 | dist = 11.42 (meters)
bg = -0.0035,0.0213,0.0784 | ba = -0.0119,0.1615,0.0632
[34m[TIME]: 0.0040 seconds total (250.1 hz, 0.50 ms behind)
[0mq_GtoI = 0.784,-0.188,0.580,0.120 | p_IinG = 7.877,-6.285,0.181 | dist = 11.46 (meters)
bg = -0.0035,0.0213,0.0784 | ba = -0.0164,0.1648,0.0617
[34m[TIME]: 0.0058 seconds total (171.5 hz, 0.50 ms behind)
[0mq_GtoI = 0.784,-0.192,0.577,0.124 | p_IinG = 7.911,-6.318,0.188 | dist = 11.51 (meters)
bg = -0.0035,0.0213,0.0784 | ba = -0.0213,0.1680,0.0601
[34m[TIME]: 0.0047 seconds total (212.8 hz, 0.50 ms behind)
[0mq_GtoI = 0.784,-0.195,0.576,0.127 | p_IinG = 7.942,-6.350,0.199 | dist = 11.55 (meters)
bg = -0.0036,0.0213,0.0784 | ba = -0.0262,0.1712,0.0590
[34m[TIME]: 0.0050 seconds total (198.7 hz, 0.50 ms behind)
[0mq_GtoI = 0.783,-0.198,0.575,0.129 | p_IinG = 7.973,-6.382,0.212 | dist = 11.60 (meters)
bg = -0.0036,0.0213,0.0784 | ba = -0.0313,0.1742,0.0579
[34m[TIME]: 0.0046 seconds total (217.2 hz, 0.50 ms behind)
[0mq_GtoI = 0.782,-0.200,0.575,0.132 | p_IinG = 8.001,-6.413,0.230 | dist = 11.64 (meters)
bg = -0.0036,0.0213,0.0784 | ba = -0.0406,0.1773,0.0576
[34m[TIME]: 0.0095 seconds total (105.3 hz, 0.50 ms behind)
[0mq_GtoI = 0.782,-0.201,0.574,0.132 | p_IinG = 8.028,-6.443,0.247 | dist = 11.68 (meters)
bg = -0.0036,0.0213,0.0784 | ba = -0.0448,0.1782,0.0567
[34m[TIME]: 0.0095 seconds total (105.0 hz, 0.50 ms behind)
[0mq_GtoI = 0.783,-0.203,0.573,0.133 | p_IinG = 8.054,-6.472,0.262 | dist = 11.73 (meters)
bg = -0.0036,0.0213,0.0784 | ba = -0.0483,0.1796,0.0569
[34m[TIME]: 0.0072 seconds total (139.7 hz, 0.50 ms behind)
[0mq_GtoI = 0.784,-0.203,0.571,0.133 | p_IinG = 8.080,-6.501,0.276 | dist = 11.77 (meters)
bg = -0.0036,0.0213,0.0784 | ba = -0.0514,0.1805,0.0566
[34m[TIME]: 0.0046 seconds total (218.8 hz, 0.50 ms behind)
[0mq_GtoI = 0.785,-0.203,0.569,0.134 | p_IinG = 8.105,-6.530,0.289 | dist = 11.81 (meters)
bg = -0.0036,0.0213,0.0784 | ba = -0.0544,0.1805,0.0547
[34m[TIME]: 0.0083 seconds total (121.0 hz, 0.50 ms behind)
[0mq_GtoI = 0.787,-0.204,0.566,0.133 | p_IinG = 8.129,-6.559,0.300 | dist = 11.85 (meters)
bg = -0.0036,0.0213,0.0784 | ba = -0.0569,0.1800,0.0536
[34m[TIME]: 0.0049 seconds total (204.3 hz, 0.50 ms behind)
[0mq_GtoI = 0.789,-0.204,0.564,0.133 | p_IinG = 8.152,-6.588,0.310 | dist = 11.88 (meters)
bg = -0.0036,0.0213,0.0784 | ba = -0.0587,0.1786,0.0521
[34m[TIME]: 0.0053 seconds total (187.8 hz, 0.50 ms behind)
[0mq_GtoI = 0.790,-0.204,0.562,0.133 | p_IinG = 8.174,-6.616,0.319 | dist = 11.92 (meters)
bg = -0.0036,0.0213,0.0784 | ba = -0.0598,0.1767,0.0519
[34m[TIME]: 0.0047 seconds total (211.1 hz, 0.50 ms behind)
[0mq_GtoI = 0.790,-0.203,0.563,0.132 | p_IinG = 8.196,-6.644,0.328 | dist = 11.96 (meters)
bg = -0.0036,0.0213,0.0784 | ba = -0.0607,0.1743,0.0518
[34m[TIME]: 0.0094 seconds total (106.2 hz, 0.50 ms behind)
[0mq_GtoI = 0.790,-0.203,0.564,0.130 | p_IinG = 8.217,-6.672,0.335 | dist = 12.00 (meters)
bg = -0.0036,0.0212,0.0784 | ba = -0.0613,0.1708,0.0521
[34m[TIME]: 0.0060 seconds total (166.3 hz, 0.50 ms behind)
[0mq_GtoI = 0.789,-0.203,0.566,0.129 | p_IinG = 8.239,-6.699,0.340 | dist = 12.03 (meters)
bg = -0.0036,0.0212,0.0784 | ba = -0.0611,0.1685,0.0529
[34m[TIME]: 0.0050 seconds total (200.2 hz, 0.50 ms behind)
[0mq_GtoI = 0.788,-0.202,0.567,0.129 | p_IinG = 8.257,-6.726,0.346 | dist = 12.07 (meters)
bg = -0.0036,0.0212,0.0784 | ba = -0.0618,0.1636,0.0545
[34m[TIME]: 0.0066 seconds total (152.4 hz, 0.50 ms behind)
[0mq_GtoI = 0.787,-0.202,0.569,0.127 | p_IinG = 8.276,-6.753,0.349 | dist = 12.11 (meters)
bg = -0.0036,0.0212,0.0784 | ba = -0.0613,0.1594,0.0553
[34m[TIME]: 0.0073 seconds total (137.6 hz, 0.50 ms behind)
[0mq_GtoI = 0.785,-0.201,0.572,0.126 | p_IinG = 8.295,-6.780,0.350 | dist = 12.14 (meters)
bg = -0.0036,0.0212,0.0784 | ba = -0.0606,0.1573,0.0565
[34m[TIME]: 0.0050 seconds total (198.5 hz, 0.50 ms behind)
[0mq_GtoI = 0.782,-0.201,0.576,0.124 | p_IinG = 8.314,-6.807,0.351 | dist = 12.17 (meters)
bg = -0.0036,0.0212,0.0784 | ba = -0.0599,0.1557,0.0580
[34m[TIME]: 0.0048 seconds total (207.0 hz, 0.50 ms behind)
[0mq_GtoI = 0.779,-0.202,0.581,0.121 | p_IinG = 8.331,-6.834,0.353 | dist = 12.21 (meters)
bg = -0.0036,0.0212,0.0784 | ba = -0.0589,0.1538,0.0598
[34m[TIME]: 0.0048 seconds total (210.3 hz, 0.50 ms behind)
[0mq_GtoI = 0.778,-0.202,0.582,0.122 | p_IinG = 8.346,-6.862,0.356 | dist = 12.24 (meters)
bg = -0.0036,0.0212,0.0784 | ba = -0.0576,0.1515,0.0621
[34m[TIME]: 0.0047 seconds total (210.8 hz, 0.50 ms behind)
[0mq_GtoI = 0.779,-0.202,0.581,0.123 | p_IinG = 8.360,-6.890,0.360 | dist = 12.27 (meters)
bg = -0.0036,0.0212,0.0784 | ba = -0.0569,0.1490,0.0631
[34m[TIME]: 0.0045 seconds total (223.6 hz, 0.50 ms behind)
[0mq_GtoI = 0.780,-0.202,0.578,0.125 | p_IinG = 8.374,-6.918,0.366 | dist = 12.31 (meters)
bg = -0.0036,0.0212,0.0784 | ba = -0.0561,0.1463,0.0652
[34m[TIME]: 0.0043 seconds total (234.9 hz, 0.50 ms behind)
[0mq_GtoI = 0.781,-0.202,0.577,0.127 | p_IinG = 8.386,-6.946,0.372 | dist = 12.34 (meters)
bg = -0.0036,0.0212,0.0784 | ba = -0.0547,0.1431,0.0684
[34m[TIME]: 0.0041 seconds total (241.7 hz, 0.50 ms behind)
[0mq_GtoI = 0.781,-0.204,0.575,0.130 | p_IinG = 8.396,-6.973,0.377 | dist = 12.37 (meters)
bg = -0.0036,0.0212,0.0784 | ba = -0.0530,0.1392,0.0715
[34m[TIME]: 0.0041 seconds total (242.8 hz, 0.50 ms behind)
[0mq_GtoI = 0.781,-0.207,0.574,0.133 | p_IinG = 8.404,-7.000,0.381 | dist = 12.41 (meters)
bg = -0.0036,0.0211,0.0784 | ba = -0.0511,0.1348,0.0745
[34m[TIME]: 0.0057 seconds total (176.8 hz, 0.50 ms behind)
[0mq_GtoI = 0.779,-0.212,0.573,0.137 | p_IinG = 8.410,-7.028,0.382 | dist = 12.44 (meters)
bg = -0.0036,0.0211,0.0784 | ba = -0.0493,0.1310,0.0769
[34m[TIME]: 0.0043 seconds total (230.3 hz, 0.50 ms behind)
[0mq_GtoI = 0.778,-0.218,0.572,0.142 | p_IinG = 8.416,-7.055,0.380 | dist = 12.47 (meters)
bg = -0.0036,0.0211,0.0784 | ba = -0.0476,0.1275,0.0790
[34m[TIME]: 0.0053 seconds total (187.1 hz, 0.50 ms behind)
[0mq_GtoI = 0.776,-0.225,0.570,0.148 | p_IinG = 8.418,-7.082,0.377 | dist = 12.50 (meters)
bg = -0.0036,0.0211,0.0784 | ba = -0.0467,0.1230,0.0808
[34m[TIME]: 0.0061 seconds total (165.2 hz, 0.50 ms behind)
[0mq_GtoI = 0.774,-0.235,0.568,0.155 | p_IinG = 8.421,-7.111,0.371 | dist = 12.53 (meters)
bg = -0.0036,0.0211,0.0784 | ba = -0.0462,0.1205,0.0820
[34m[TIME]: 0.0040 seconds total (247.6 hz, 0.50 ms behind)
[0mq_GtoI = 0.771,-0.245,0.566,0.162 | p_IinG = 8.424,-7.139,0.364 | dist = 12.56 (meters)
bg = -0.0036,0.0211,0.0784 | ba = -0.0458,0.1188,0.0831
[34m[TIME]: 0.0044 seconds total (228.1 hz, 0.50 ms behind)
[0mq_GtoI = 0.767,-0.255,0.564,0.169 | p_IinG = 8.426,-7.167,0.356 | dist = 12.59 (meters)
bg = -0.0036,0.0211,0.0784 | ba = -0.0457,0.1173,0.0836
[34m[TIME]: 0.0041 seconds total (246.5 hz, 0.50 ms behind)
[0mq_GtoI = 0.764,-0.265,0.562,0.177 | p_IinG = 8.427,-7.195,0.347 | dist = 12.62 (meters)
bg = -0.0036,0.0211,0.0784 | ba = -0.0451,0.1160,0.0845
[34m[TIME]: 0.0042 seconds total (235.5 hz, 0.50 ms behind)
[0mq_GtoI = 0.760,-0.277,0.559,0.184 | p_IinG = 8.427,-7.224,0.335 | dist = 12.65 (meters)
bg = -0.0036,0.0211,0.0784 | ba = -0.0446,0.1168,0.0849
[34m[TIME]: 0.0046 seconds total (219.6 hz, 0.50 ms behind)
[0mq_GtoI = 0.756,-0.287,0.557,0.192 | p_IinG = 8.427,-7.251,0.323 | dist = 12.68 (meters)
bg = -0.0036,0.0211,0.0784 | ba = -0.0447,0.1164,0.0855
[34m[TIME]: 0.0037 seconds total (273.1 hz, 0.50 ms behind)
[0mq_GtoI = 0.752,-0.298,0.553,0.200 | p_IinG = 8.425,-7.279,0.311 | dist = 12.71 (meters)
bg = -0.0036,0.0211,0.0784 | ba = -0.0455,0.1161,0.0855
[34m[TIME]: 0.0038 seconds total (261.9 hz, 0.50 ms behind)
[0mq_GtoI = 0.747,-0.309,0.550,0.208 | p_IinG = 8.422,-7.306,0.298 | dist = 12.74 (meters)
bg = -0.0036,0.0211,0.0784 | ba = -0.0463,0.1168,0.0858
[34m[TIME]: 0.0057 seconds total (176.1 hz, 0.50 ms behind)
[0mq_GtoI = 0.743,-0.320,0.547,0.216 | p_IinG = 8.419,-7.333,0.284 | dist = 12.77 (meters)
bg = -0.0036,0.0211,0.0784 | ba = -0.0469,0.1178,0.0859
[34m[TIME]: 0.0049 seconds total (202.3 hz, 0.50 ms behind)
[0mq_GtoI = 0.739,-0.330,0.544,0.222 | p_IinG = 8.415,-7.359,0.272 | dist = 12.80 (meters)
bg = -0.0036,0.0211,0.0784 | ba = -0.0474,0.1181,0.0858
[34m[TIME]: 0.0037 seconds total (273.5 hz, 0.50 ms behind)
[0mq_GtoI = 0.735,-0.338,0.542,0.228 | p_IinG = 8.409,-7.383,0.261 | dist = 12.83 (meters)
bg = -0.0036,0.0211,0.0784 | ba = -0.0471,0.1185,0.0860
[34m[TIME]: 0.0068 seconds total (146.3 hz, 0.50 ms behind)
[0mq_GtoI = 0.733,-0.345,0.538,0.233 | p_IinG = 8.403,-7.407,0.251 | dist = 12.85 (meters)
bg = -0.0036,0.0211,0.0784 | ba = -0.0464,0.1203,0.0861
[34m[TIME]: 0.0073 seconds total (137.5 hz, 0.50 ms behind)
[0mq_GtoI = 0.732,-0.350,0.533,0.238 | p_IinG = 8.396,-7.431,0.243 | dist = 12.88 (meters)
bg = -0.0036,0.0211,0.0784 | ba = -0.0462,0.1216,0.0843
[34m[TIME]: 0.0063 seconds total (158.1 hz, 0.50 ms behind)
[0mq_GtoI = 0.732,-0.355,0.529,0.241 | p_IinG = 8.389,-7.455,0.237 | dist = 12.90 (meters)
bg = -0.0036,0.0211,0.0784 | ba = -0.0477,0.1233,0.0826
[34m[TIME]: 0.0048 seconds total (209.9 hz, 0.50 ms behind)
[0mq_GtoI = 0.734,-0.360,0.522,0.241 | p_IinG = 8.383,-7.478,0.232 | dist = 12.93 (meters)
bg = -0.0036,0.0211,0.0784 | ba = -0.0490,0.1251,0.0816
[34m[TIME]: 0.0078 seconds total (127.4 hz, 0.50 ms behind)
[0mq_GtoI = 0.737,-0.365,0.516,0.241 | p_IinG = 8.377,-7.503,0.230 | dist = 12.95 (meters)
bg = -0.0036,0.0211,0.0784 | ba = -0.0499,0.1271,0.0795
[34m[TIME]: 0.0050 seconds total (200.5 hz, 0.50 ms behind)
[0mq_GtoI = 0.740,-0.368,0.510,0.241 | p_IinG = 8.371,-7.527,0.230 | dist = 12.97 (meters)
bg = -0.0036,0.0211,0.0784 | ba = -0.0517,0.1300,0.0785
[34m[TIME]: 0.0045 seconds total (222.6 hz, 0.50 ms behind)
[0mq_GtoI = 0.742,-0.370,0.506,0.240 | p_IinG = 8.365,-7.551,0.232 | dist = 13.00 (meters)
bg = -0.0036,0.0211,0.0784 | ba = -0.0535,0.1322,0.0782
[34m[TIME]: 0.0077 seconds total (129.0 hz, 0.50 ms behind)
[0mq_GtoI = 0.742,-0.370,0.504,0.241 | p_IinG = 8.360,-7.575,0.238 | dist = 13.02 (meters)
bg = -0.0036,0.0211,0.0784 | ba = -0.0548,0.1337,0.0786
[34m[TIME]: 0.0054 seconds total (186.3 hz, 0.50 ms behind)
[0mq_GtoI = 0.740,-0.369,0.506,0.243 | p_IinG = 8.356,-7.601,0.245 | dist = 13.05 (meters)
bg = -0.0036,0.0211,0.0784 | ba = -0.0559,0.1358,0.0795
[34m[TIME]: 0.0052 seconds total (193.3 hz, 0.50 ms behind)
[0mq_GtoI = 0.737,-0.367,0.512,0.246 | p_IinG = 8.353,-7.627,0.255 | dist = 13.08 (meters)
bg = -0.0036,0.0211,0.0784 | ba = -0.0565,0.1379,0.0796
[34m[TIME]: 0.0066 seconds total (152.1 hz, 0.50 ms behind)
[0mq_GtoI = 0.733,-0.365,0.518,0.249 | p_IinG = 8.351,-7.653,0.267 | dist = 13.11 (meters)
bg = -0.0036,0.0211,0.0784 | ba = -0.0575,0.1395,0.0796
[34m[TIME]: 0.0042 seconds total (238.2 hz, 0.50 ms behind)
[0mq_GtoI = 0.730,-0.362,0.523,0.251 | p_IinG = 8.349,-7.680,0.280 | dist = 13.14 (meters)
bg = -0.0036,0.0211,0.0784 | ba = -0.0586,0.1422,0.0788
[34m[TIME]: 0.0094 seconds total (106.5 hz, 0.50 ms behind)
[0mq_GtoI = 0.727,-0.360,0.527,0.253 | p_IinG = 8.347,-7.706,0.294 | dist = 13.17 (meters)
bg = -0.0036,0.0211,0.0784 | ba = -0.0594,0.1442,0.0779
[34m[TIME]: 0.0095 seconds total (105.0 hz, 0.50 ms behind)
[0mq_GtoI = 0.727,-0.358,0.529,0.253 | p_IinG = 8.343,-7.732,0.310 | dist = 13.20 (meters)
bg = -0.0036,0.0211,0.0784 | ba = -0.0604,0.1446,0.0765
[34m[TIME]: 0.0072 seconds total (138.6 hz, 0.50 ms behind)
[0mq_GtoI = 0.728,-0.357,0.528,0.252 | p_IinG = 8.340,-7.757,0.327 | dist = 13.23 (meters)
bg = -0.0036,0.0211,0.0784 | ba = -0.0605,0.1449,0.0752
[34m[TIME]: 0.0044 seconds total (225.5 hz, 0.50 ms behind)
[0mq_GtoI = 0.730,-0.356,0.527,0.250 | p_IinG = 8.336,-7.782,0.346 | dist = 13.26 (meters)
bg = -0.0036,0.0211,0.0784 | ba = -0.0602,0.1451,0.0737
[34m[TIME]: 0.0044 seconds total (227.4 hz, 0.50 ms behind)
[0mq_GtoI = 0.733,-0.356,0.524,0.248 | p_IinG = 8.332,-7.805,0.366 | dist = 13.29 (meters)
bg = -0.0036,0.0211,0.0784 | ba = -0.0601,0.1450,0.0728
[34m[TIME]: 0.0045 seconds total (220.8 hz, 0.50 ms behind)
[0mq_GtoI = 0.733,-0.354,0.525,0.247 | p_IinG = 8.327,-7.829,0.388 | dist = 13.32 (meters)
bg = -0.0036,0.0211,0.0784 | ba = -0.0604,0.1449,0.0715
[34m[TIME]: 0.0041 seconds total (243.1 hz, 0.50 ms behind)
[0mq_GtoI = 0.732,-0.352,0.528,0.246 | p_IinG = 8.322,-7.851,0.414 | dist = 13.36 (meters)
bg = -0.0036,0.0211,0.0784 | ba = -0.0614,0.1440,0.0720
[34m[TIME]: 0.0080 seconds total (124.5 hz, 0.50 ms behind)
[0mq_GtoI = 0.731,-0.352,0.531,0.245 | p_IinG = 8.319,-7.874,0.439 | dist = 13.39 (meters)
bg = -0.0036,0.0211,0.0784 | ba = -0.0610,0.1444,0.0720
[34m[TIME]: 0.0080 seconds total (125.0 hz, 0.50 ms behind)
[0mq_GtoI = 0.727,-0.354,0.535,0.245 | p_IinG = 8.313,-7.896,0.463 | dist = 13.42 (meters)
bg = -0.0036,0.0211,0.0784 | ba = -0.0605,0.1443,0.0717
[34m[TIME]: 0.0084 seconds total (118.6 hz, 0.50 ms behind)
[0mq_GtoI = 0.725,-0.356,0.536,0.246 | p_IinG = 8.307,-7.916,0.486 | dist = 13.46 (meters)
bg = -0.0036,0.0211,0.0784 | ba = -0.0605,0.1438,0.0730
[34m[TIME]: 0.0052 seconds total (190.7 hz, 0.50 ms behind)
[0mq_GtoI = 0.722,-0.359,0.536,0.249 | p_IinG = 8.300,-7.935,0.507 | dist = 13.49 (meters)
bg = -0.0036,0.0211,0.0784 | ba = -0.0599,0.1441,0.0740
[34m[TIME]: 0.0053 seconds total (189.4 hz, 0.50 ms behind)
[0mq_GtoI = 0.721,-0.361,0.535,0.252 | p_IinG = 8.292,-7.954,0.526 | dist = 13.51 (meters)
bg = -0.0036,0.0211,0.0784 | ba = -0.0596,0.1444,0.0750
[34m[TIME]: 0.0044 seconds total (225.2 hz, 0.50 ms behind)
[0mq_GtoI = 0.719,-0.363,0.535,0.256 | p_IinG = 8.283,-7.973,0.544 | dist = 13.54 (meters)
bg = -0.0036,0.0211,0.0784 | ba = -0.0589,0.1447,0.0758
[34m[TIME]: 0.0063 seconds total (157.6 hz, 0.50 ms behind)
[0mq_GtoI = 0.717,-0.365,0.534,0.258 | p_IinG = 8.275,-7.990,0.559 | dist = 13.57 (meters)
bg = -0.0036,0.0211,0.0784 | ba = -0.0579,0.1446,0.0758
[34m[TIME]: 0.0062 seconds total (160.8 hz, 0.50 ms behind)
[0mq_GtoI = 0.716,-0.366,0.534,0.261 | p_IinG = 8.266,-8.008,0.572 | dist = 13.59 (meters)
bg = -0.0036,0.0211,0.0784 | ba = -0.0574,0.1452,0.0756
[34m[TIME]: 0.0045 seconds total (220.4 hz, 0.50 ms behind)
[0mq_GtoI = 0.715,-0.368,0.533,0.263 | p_IinG = 8.256,-8.025,0.582 | dist = 13.61 (meters)
bg = -0.0036,0.0211,0.0784 | ba = -0.0568,0.1458,0.0755
[34m[TIME]: 0.0046 seconds total (216.7 hz, 0.50 ms behind)
[0mq_GtoI = 0.714,-0.370,0.532,0.265 | p_IinG = 8.246,-8.041,0.590 | dist = 13.64 (meters)
bg = -0.0036,0.0211,0.0784 | ba = -0.0562,0.1466,0.0753
[34m[TIME]: 0.0086 seconds total (115.9 hz, 0.50 ms behind)
[0mq_GtoI = 0.712,-0.373,0.532,0.267 | p_IinG = 8.235,-8.055,0.594 | dist = 13.66 (meters)
bg = -0.0036,0.0211,0.0784 | ba = -0.0556,0.1473,0.0749
[34m[TIME]: 0.0045 seconds total (224.4 hz, 0.50 ms behind)
[0mq_GtoI = 0.709,-0.378,0.530,0.271 | p_IinG = 8.223,-8.070,0.597 | dist = 13.67 (meters)
bg = -0.0036,0.0211,0.0785 | ba = -0.0552,0.1486,0.0741
[34m[TIME]: 0.0069 seconds total (144.1 hz, 0.50 ms behind)
[0mq_GtoI = 0.706,-0.384,0.527,0.275 | p_IinG = 8.209,-8.083,0.598 | dist = 13.69 (meters)
bg = -0.0036,0.0211,0.0785 | ba = -0.0553,0.1493,0.0729
[34m[TIME]: 0.0046 seconds total (218.4 hz, 0.50 ms behind)
[0mq_GtoI = 0.703,-0.391,0.524,0.281 | p_IinG = 8.194,-8.096,0.598 | dist = 13.71 (meters)
bg = -0.0036,0.0211,0.0785 | ba = -0.0558,0.1501,0.0721
[34m[TIME]: 0.0075 seconds total (132.6 hz, 0.50 ms behind)
[0mq_GtoI = 0.698,-0.401,0.520,0.286 | p_IinG = 8.177,-8.107,0.597 | dist = 13.73 (meters)
bg = -0.0036,0.0211,0.0785 | ba = -0.0574,0.1503,0.0723
[34m[TIME]: 0.0122 seconds total (81.7 hz, 0.50 ms behind)
[0mq_GtoI = 0.693,-0.411,0.515,0.292 | p_IinG = 8.161,-8.118,0.595 | dist = 13.75 (meters)
bg = -0.0036,0.0211,0.0785 | ba = -0.0584,0.1513,0.0714
[34m[TIME]: 0.0048 seconds total (208.0 hz, 0.50 ms behind)
[0mq_GtoI = 0.689,-0.421,0.509,0.298 | p_IinG = 8.144,-8.129,0.591 | dist = 13.78 (meters)
bg = -0.0036,0.0211,0.0785 | ba = -0.0594,0.1521,0.0708
[34m[TIME]: 0.0046 seconds total (216.6 hz, 0.50 ms behind)
[0mq_GtoI = 0.684,-0.432,0.503,0.304 | p_IinG = 8.127,-8.139,0.587 | dist = 13.80 (meters)
bg = -0.0036,0.0211,0.0785 | ba = -0.0603,0.1530,0.0707
[34m[TIME]: 0.0045 seconds total (220.8 hz, 0.50 ms behind)
[0mq_GtoI = 0.680,-0.442,0.496,0.310 | p_IinG = 8.108,-8.146,0.581 | dist = 13.82 (meters)
bg = -0.0036,0.0211,0.0785 | ba = -0.0605,0.1537,0.0711
[34m[TIME]: 0.0049 seconds total (205.3 hz, 0.50 ms behind)
[0mq_GtoI = 0.677,-0.452,0.490,0.314 | p_IinG = 8.091,-8.154,0.574 | dist = 13.84 (meters)
bg = -0.0036,0.0211,0.0785 | ba = -0.0607,0.1548,0.0713
[34m[TIME]: 0.0053 seconds total (189.7 hz, 0.50 ms behind)
[0mq_GtoI = 0.673,-0.459,0.485,0.318 | p_IinG = 8.073,-8.160,0.566 | dist = 13.86 (meters)
bg = -0.0036,0.0211,0.0785 | ba = -0.0605,0.1558,0.0718
[34m[TIME]: 0.0047 seconds total (213.4 hz, 0.50 ms behind)
[0mq_GtoI = 0.670,-0.466,0.481,0.321 | p_IinG = 8.056,-8.166,0.557 | dist = 13.88 (meters)
bg = -0.0036,0.0211,0.0785 | ba = -0.0599,0.1562,0.0723
[34m[TIME]: 0.0047 seconds total (213.6 hz, 0.50 ms behind)
[0mq_GtoI = 0.668,-0.471,0.477,0.324 | p_IinG = 8.038,-8.173,0.548 | dist = 13.90 (meters)
bg = -0.0036,0.0211,0.0785 | ba = -0.0598,0.1571,0.0718
[34m[TIME]: 0.0044 seconds total (228.5 hz, 0.50 ms behind)
[0mq_GtoI = 0.665,-0.475,0.475,0.327 | p_IinG = 8.021,-8.180,0.541 | dist = 13.92 (meters)
bg = -0.0036,0.0211,0.0785 | ba = -0.0594,0.1583,0.0704
[34m[TIME]: 0.0117 seconds total (85.6 hz, 0.50 ms behind)
[0mq_GtoI = 0.662,-0.478,0.473,0.329 | p_IinG = 8.005,-8.186,0.536 | dist = 13.94 (meters)
bg = -0.0036,0.0212,0.0785 | ba = -0.0595,0.1594,0.0694
[34m[TIME]: 0.0091 seconds total (109.6 hz, 0.50 ms behind)
[0mq_GtoI = 0.660,-0.480,0.473,0.333 | p_IinG = 7.989,-8.194,0.533 | dist = 13.96 (meters)
bg = -0.0036,0.0212,0.0785 | ba = -0.0587,0.1615,0.0680
[34m[TIME]: 0.0072 seconds total (138.9 hz, 0.50 ms behind)
[0mq_GtoI = 0.656,-0.480,0.475,0.336 | p_IinG = 7.973,-8.200,0.532 | dist = 13.97 (meters)
bg = -0.0036,0.0212,0.0785 | ba = -0.0578,0.1629,0.0674
[34m[TIME]: 0.0064 seconds total (155.1 hz, 0.50 ms behind)
[0mq_GtoI = 0.654,-0.480,0.477,0.339 | p_IinG = 7.958,-8.206,0.533 | dist = 13.99 (meters)
bg = -0.0036,0.0212,0.0785 | ba = -0.0574,0.1643,0.0663
[34m[TIME]: 0.0050 seconds total (201.0 hz, 0.50 ms behind)
[0mq_GtoI = 0.652,-0.479,0.478,0.342 | p_IinG = 7.942,-8.212,0.535 | dist = 14.01 (meters)
bg = -0.0036,0.0212,0.0785 | ba = -0.0567,0.1653,0.0655
[34m[TIME]: 0.0048 seconds total (208.9 hz, 0.50 ms behind)
[0mq_GtoI = 0.651,-0.479,0.479,0.343 | p_IinG = 7.926,-8.217,0.539 | dist = 14.03 (meters)
bg = -0.0036,0.0212,0.0785 | ba = -0.0554,0.1663,0.0649
[34m[TIME]: 0.0047 seconds total (210.8 hz, 0.50 ms behind)
[0mq_GtoI = 0.650,-0.478,0.481,0.343 | p_IinG = 7.911,-8.222,0.543 | dist = 14.05 (meters)
bg = -0.0036,0.0212,0.0785 | ba = -0.0529,0.1683,0.0627
[34m[TIME]: 0.0074 seconds total (134.6 hz, 0.50 ms behind)
[0mq_GtoI = 0.650,-0.478,0.480,0.343 | p_IinG = 7.895,-8.226,0.549 | dist = 14.06 (meters)
bg = -0.0036,0.0212,0.0785 | ba = -0.0519,0.1689,0.0623
[34m[TIME]: 0.0092 seconds total (109.2 hz, 0.50 ms behind)
[0mq_GtoI = 0.652,-0.478,0.480,0.342 | p_IinG = 7.879,-8.229,0.557 | dist = 14.08 (meters)
bg = -0.0036,0.0212,0.0785 | ba = -0.0506,0.1690,0.0613
[34m[TIME]: 0.0053 seconds total (188.1 hz, 0.50 ms behind)
[0mq_GtoI = 0.654,-0.478,0.478,0.340 | p_IinG = 7.862,-8.230,0.566 | dist = 14.10 (meters)
bg = -0.0036,0.0212,0.0785 | ba = -0.0492,0.1690,0.0608
[34m[TIME]: 0.0047 seconds total (212.9 hz, 0.50 ms behind)
[0mq_GtoI = 0.656,-0.478,0.477,0.338 | p_IinG = 7.846,-8.231,0.576 | dist = 14.12 (meters)
bg = -0.0036,0.0212,0.0785 | ba = -0.0478,0.1689,0.0604
[34m[TIME]: 0.0047 seconds total (211.4 hz, 0.50 ms behind)
[0mq_GtoI = 0.658,-0.478,0.475,0.336 | p_IinG = 7.829,-8.232,0.585 | dist = 14.14 (meters)
bg = -0.0036,0.0212,0.0785 | ba = -0.0464,0.1691,0.0600
[34m[TIME]: 0.0053 seconds total (187.8 hz, 0.50 ms behind)
[0mq_GtoI = 0.660,-0.477,0.475,0.334 | p_IinG = 7.813,-8.232,0.593 | dist = 14.16 (meters)
bg = -0.0036,0.0212,0.0785 | ba = -0.0449,0.1692,0.0599
[34m[TIME]: 0.0047 seconds total (212.8 hz, 0.50 ms behind)
[0mq_GtoI = 0.661,-0.477,0.475,0.333 | p_IinG = 7.797,-8.232,0.599 | dist = 14.18 (meters)
bg = -0.0036,0.0212,0.0785 | ba = -0.0430,0.1691,0.0597
[34m[TIME]: 0.0068 seconds total (147.4 hz, 0.50 ms behind)
[0mq_GtoI = 0.662,-0.475,0.476,0.332 | p_IinG = 7.781,-8.232,0.604 | dist = 14.19 (meters)
bg = -0.0036,0.0212,0.0785 | ba = -0.0422,0.1690,0.0604
[34m[TIME]: 0.0061 seconds total (165.0 hz, 0.50 ms behind)
[0mq_GtoI = 0.661,-0.473,0.478,0.332 | p_IinG = 7.766,-8.231,0.607 | dist = 14.21 (meters)
bg = -0.0036,0.0212,0.0785 | ba = -0.0412,0.1690,0.0605
[34m[TIME]: 0.0048 seconds total (208.7 hz, 0.50 ms behind)
[0mq_GtoI = 0.660,-0.471,0.481,0.333 | p_IinG = 7.750,-8.231,0.609 | dist = 14.23 (meters)
bg = -0.0036,0.0212,0.0785 | ba = -0.0398,0.1689,0.0607
[34m[TIME]: 0.0048 seconds total (209.2 hz, 0.50 ms behind)
[0mq_GtoI = 0.659,-0.469,0.485,0.334 | p_IinG = 7.734,-8.229,0.609 | dist = 14.24 (meters)
bg = -0.0036,0.0212,0.0785 | ba = -0.0385,0.1688,0.0610
[34m[TIME]: 0.0048 seconds total (210.0 hz, 0.50 ms behind)
[0mq_GtoI = 0.657,-0.469,0.487,0.333 | p_IinG = 7.717,-8.226,0.608 | dist = 14.26 (meters)
bg = -0.0036,0.0212,0.0784 | ba = -0.0363,0.1679,0.0616
[34m[TIME]: 0.0074 seconds total (135.8 hz, 0.50 ms behind)
[0mq_GtoI = 0.655,-0.470,0.490,0.332 | p_IinG = 7.700,-8.223,0.605 | dist = 14.28 (meters)
bg = -0.0036,0.0212,0.0784 | ba = -0.0352,0.1678,0.0620
[34m[TIME]: 0.0049 seconds total (205.9 hz, 0.50 ms behind)
[0mq_GtoI = 0.651,-0.474,0.492,0.331 | p_IinG = 7.683,-8.219,0.602 | dist = 14.30 (meters)
bg = -0.0036,0.0212,0.0784 | ba = -0.0345,0.1680,0.0627
[34m[TIME]: 0.0076 seconds total (130.8 hz, 0.50 ms behind)
[0mq_GtoI = 0.646,-0.478,0.494,0.331 | p_IinG = 7.665,-8.215,0.598 | dist = 14.32 (meters)
bg = -0.0036,0.0212,0.0784 | ba = -0.0337,0.1683,0.0634
[34m[TIME]: 0.0048 seconds total (209.3 hz, 0.50 ms behind)
[0mq_GtoI = 0.641,-0.484,0.493,0.333 | p_IinG = 7.645,-8.209,0.593 | dist = 14.34 (meters)
bg = -0.0036,0.0212,0.0784 | ba = -0.0331,0.1685,0.0643
[34m[TIME]: 0.0046 seconds total (216.9 hz, 0.50 ms behind)
[0mq_GtoI = 0.636,-0.491,0.492,0.336 | p_IinG = 7.623,-8.203,0.586 | dist = 14.36 (meters)
bg = -0.0036,0.0212,0.0784 | ba = -0.0330,0.1688,0.0647
[34m[TIME]: 0.0051 seconds total (197.3 hz, 0.50 ms behind)
[0mq_GtoI = 0.630,-0.498,0.489,0.342 | p_IinG = 7.600,-8.196,0.579 | dist = 14.39 (meters)
bg = -0.0036,0.0212,0.0784 | ba = -0.0326,0.1693,0.0654
[34m[TIME]: 0.0044 seconds total (226.6 hz, 0.50 ms behind)
[0mq_GtoI = 0.624,-0.506,0.483,0.348 | p_IinG = 7.575,-8.189,0.569 | dist = 14.41 (meters)
bg = -0.0036,0.0212,0.0784 | ba = -0.0330,0.1701,0.0664
[34m[TIME]: 0.0069 seconds total (144.9 hz, 0.50 ms behind)
[0mq_GtoI = 0.619,-0.514,0.474,0.356 | p_IinG = 7.549,-8.181,0.560 | dist = 14.44 (meters)
bg = -0.0036,0.0212,0.0784 | ba = -0.0340,0.1706,0.0676
[34m[TIME]: 0.0106 seconds total (94.0 hz, 0.50 ms behind)
[0mq_GtoI = 0.613,-0.524,0.464,0.365 | p_IinG = 7.522,-8.172,0.550 | dist = 14.47 (meters)
bg = -0.0036,0.0212,0.0784 | ba = -0.0344,0.1709,0.0680
[34m[TIME]: 0.0042 seconds total (238.2 hz, 0.50 ms behind)
[0mq_GtoI = 0.606,-0.536,0.453,0.373 | p_IinG = 7.493,-8.162,0.539 | dist = 14.51 (meters)
bg = -0.0036,0.0212,0.0784 | ba = -0.0350,0.1713,0.0685
[34m[TIME]: 0.0049 seconds total (204.9 hz, 0.50 ms behind)
[0mq_GtoI = 0.599,-0.548,0.443,0.380 | p_IinG = 7.464,-8.149,0.526 | dist = 14.54 (meters)
bg = -0.0036,0.0212,0.0784 | ba = -0.0361,0.1712,0.0695
[34m[TIME]: 0.0044 seconds total (228.1 hz, 0.50 ms behind)
[0mq_GtoI = 0.592,-0.562,0.431,0.386 | p_IinG = 7.434,-8.134,0.512 | dist = 14.58 (meters)
bg = -0.0036,0.0212,0.0784 | ba = -0.0385,0.1708,0.0709
[34m[TIME]: 0.0097 seconds total (102.9 hz, 0.50 ms behind)
[0mq_GtoI = 0.584,-0.575,0.419,0.391 | p_IinG = 7.403,-8.119,0.498 | dist = 14.61 (meters)
bg = -0.0036,0.0212,0.0784 | ba = -0.0411,0.1705,0.0714
[34m[TIME]: 0.0067 seconds total (149.6 hz, 0.50 ms behind)
[0mq_GtoI = 0.577,-0.586,0.410,0.395 | p_IinG = 7.373,-8.106,0.484 | dist = 14.65 (meters)
bg = -0.0036,0.0212,0.0784 | ba = -0.0441,0.1702,0.0711
[34m[TIME]: 0.0050 seconds total (201.5 hz, 0.50 ms behind)
[0mq_GtoI = 0.570,-0.595,0.403,0.399 | p_IinG = 7.343,-8.093,0.471 | dist = 14.68 (meters)
bg = -0.0036,0.0212,0.0784 | ba = -0.0474,0.1700,0.0705
[34m[TIME]: 0.0035 seconds total (283.7 hz, 0.50 ms behind)
[0mq_GtoI = 0.564,-0.604,0.397,0.401 | p_IinG = 7.314,-8.082,0.459 | dist = 14.72 (meters)
bg = -0.0036,0.0212,0.0784 | ba = -0.0508,0.1698,0.0695
[34m[TIME]: 0.0035 seconds total (281.8 hz, 0.50 ms behind)
[0mq_GtoI = 0.559,-0.611,0.390,0.402 | p_IinG = 7.284,-8.072,0.450 | dist = 14.75 (meters)
bg = -0.0036,0.0212,0.0784 | ba = -0.0548,0.1696,0.0684
[34m[TIME]: 0.0043 seconds total (231.3 hz, 0.50 ms behind)
[0mq_GtoI = 0.556,-0.617,0.384,0.402 | p_IinG = 7.254,-8.063,0.443 | dist = 14.78 (meters)
bg = -0.0036,0.0212,0.0784 | ba = -0.0583,0.1693,0.0673
[34m[TIME]: 0.0043 seconds total (234.1 hz, 0.50 ms behind)
[0mq_GtoI = 0.554,-0.622,0.378,0.403 | p_IinG = 7.225,-8.056,0.439 | dist = 14.81 (meters)
bg = -0.0036,0.0212,0.0784 | ba = -0.0624,0.1695,0.0661
[34m[TIME]: 0.0093 seconds total (107.6 hz, 0.50 ms behind)
[0mq_GtoI = 0.553,-0.625,0.373,0.404 | p_IinG = 7.195,-8.051,0.437 | dist = 14.84 (meters)
bg = -0.0036,0.0212,0.0784 | ba = -0.0656,0.1709,0.0643
[34m[TIME]: 0.0089 seconds total (112.1 hz, 0.50 ms behind)
[0mq_GtoI = 0.552,-0.628,0.371,0.404 | p_IinG = 7.168,-8.048,0.438 | dist = 14.87 (meters)
bg = -0.0036,0.0212,0.0784 | ba = -0.0691,0.1731,0.0636
[34m[TIME]: 0.0091 seconds total (110.1 hz, 0.50 ms behind)
[0mq_GtoI = 0.551,-0.629,0.370,0.406 | p_IinG = 7.140,-8.046,0.440 | dist = 14.90 (meters)
bg = -0.0036,0.0212,0.0784 | ba = -0.0700,0.1741,0.0631
[34m[TIME]: 0.0050 seconds total (200.6 hz, 0.50 ms behind)
[0mq_GtoI = 0.550,-0.629,0.370,0.407 | p_IinG = 7.112,-8.046,0.444 | dist = 14.93 (meters)
bg = -0.0036,0.0212,0.0784 | ba = -0.0707,0.1756,0.0635
[34m[TIME]: 0.0055 seconds total (182.5 hz, 0.50 ms behind)
[0mq_GtoI = 0.549,-0.628,0.370,0.409 | p_IinG = 7.085,-8.048,0.449 | dist = 14.96 (meters)
bg = -0.0036,0.0212,0.0784 | ba = -0.0717,0.1773,0.0638
[34m[TIME]: 0.0071 seconds total (141.6 hz, 0.50 ms behind)
[0mq_GtoI = 0.548,-0.627,0.371,0.411 | p_IinG = 7.058,-8.051,0.457 | dist = 14.99 (meters)
bg = -0.0036,0.0212,0.0784 | ba = -0.0722,0.1785,0.0639
[34m[TIME]: 0.0096 seconds total (104.3 hz, 0.50 ms behind)
[0mq_GtoI = 0.548,-0.625,0.372,0.412 | p_IinG = 7.030,-8.055,0.463 | dist = 15.02 (meters)
bg = -0.0036,0.0212,0.0784 | ba = -0.0727,0.1798,0.0641
[34m[TIME]: 0.0050 seconds total (201.4 hz, 0.50 ms behind)
[0mq_GtoI = 0.549,-0.623,0.373,0.414 | p_IinG = 7.003,-8.061,0.467 | dist = 15.04 (meters)
bg = -0.0036,0.0212,0.0783 | ba = -0.0731,0.1816,0.0642
[34m[TIME]: 0.0055 seconds total (180.3 hz, 0.50 ms behind)
[0mq_GtoI = 0.548,-0.618,0.379,0.418 | p_IinG = 6.949,-8.075,0.464 | dist = 15.10 (meters)
bg = -0.0036,0.0212,0.0783 | ba = -0.0734,0.1832,0.0656
[34m[TIME]: 0.0055 seconds total (183.3 hz, 0.50 ms behind)
[0mq_GtoI = 0.547,-0.614,0.383,0.422 | p_IinG = 6.923,-8.083,0.459 | dist = 15.13 (meters)
bg = -0.0036,0.0212,0.0783 | ba = -0.0736,0.1837,0.0668
[34m[TIME]: 0.0061 seconds total (163.6 hz, 0.50 ms behind)
[0mq_GtoI = 0.546,-0.610,0.387,0.425 | p_IinG = 6.897,-8.091,0.457 | dist = 15.16 (meters)
bg = -0.0036,0.0212,0.0783 | ba = -0.0742,0.1825,0.0684
[34m[TIME]: 0.0074 seconds total (134.6 hz, 0.50 ms behind)
[0mq_GtoI = 0.546,-0.606,0.390,0.428 | p_IinG = 6.871,-8.099,0.454 | dist = 15.19 (meters)
bg = -0.0036,0.0212,0.0783 | ba = -0.0737,0.1823,0.0694
[34m[TIME]: 0.0049 seconds total (203.0 hz, 0.50 ms behind)
[0mq_GtoI = 0.547,-0.603,0.392,0.429 | p_IinG = 6.846,-8.107,0.453 | dist = 15.21 (meters)
bg = -0.0036,0.0212,0.0783 | ba = -0.0735,0.1823,0.0706
[34m[TIME]: 0.0053 seconds total (189.8 hz, 0.50 ms behind)
[0mq_GtoI = 0.548,-0.601,0.393,0.429 | p_IinG = 6.821,-8.113,0.455 | dist = 15.24 (meters)
bg = -0.0036,0.0213,0.0783 | ba = -0.0737,0.1812,0.0720
[34m[TIME]: 0.0129 seconds total (77.3 hz, 0.50 ms behind)
[0mq_GtoI = 0.549,-0.600,0.394,0.428 | p_IinG = 6.797,-8.120,0.458 | dist = 15.26 (meters)
bg = -0.0036,0.0213,0.0783 | ba = -0.0737,0.1809,0.0731
[34m[TIME]: 0.0051 seconds total (196.2 hz, 0.50 ms behind)
[0mq_GtoI = 0.551,-0.599,0.395,0.427 | p_IinG = 6.773,-8.126,0.464 | dist = 15.29 (meters)
bg = -0.0036,0.0213,0.0783 | ba = -0.0732,0.1805,0.0737
[34m[TIME]: 0.0047 seconds total (213.3 hz, 0.50 ms behind)
[0mq_GtoI = 0.553,-0.598,0.396,0.425 | p_IinG = 6.750,-8.131,0.471 | dist = 15.31 (meters)
bg = -0.0036,0.0213,0.0783 | ba = -0.0724,0.1795,0.0738
[34m[TIME]: 0.0107 seconds total (93.6 hz, 0.50 ms behind)
[0mq_GtoI = 0.553,-0.596,0.398,0.425 | p_IinG = 6.726,-8.136,0.480 | dist = 15.34 (meters)
bg = -0.0036,0.0213,0.0783 | ba = -0.0711,0.1791,0.0742
[34m[TIME]: 0.0049 seconds total (205.3 hz, 0.50 ms behind)
[0mq_GtoI = 0.553,-0.594,0.400,0.426 | p_IinG = 6.704,-8.141,0.489 | dist = 15.37 (meters)
bg = -0.0036,0.0212,0.0783 | ba = -0.0697,0.1785,0.0748
[34m[TIME]: 0.0049 seconds total (205.5 hz, 0.50 ms behind)
[0mq_GtoI = 0.553,-0.592,0.402,0.427 | p_IinG = 6.681,-8.145,0.496 | dist = 15.39 (meters)
bg = -0.0036,0.0212,0.0783 | ba = -0.0675,0.1779,0.0756
[34m[TIME]: 0.0055 seconds total (183.3 hz, 0.50 ms behind)
[0mq_GtoI = 0.552,-0.591,0.404,0.428 | p_IinG = 6.660,-8.148,0.502 | dist = 15.41 (meters)
bg = -0.0036,0.0212,0.0783 | ba = -0.0654,0.1776,0.0763
[34m[TIME]: 0.0052 seconds total (191.3 hz, 0.50 ms behind)
[0mq_GtoI = 0.552,-0.589,0.405,0.429 | p_IinG = 6.638,-8.150,0.506 | dist = 15.44 (meters)
bg = -0.0036,0.0212,0.0783 | ba = -0.0635,0.1768,0.0770
[34m[TIME]: 0.0052 seconds total (192.3 hz, 0.50 ms behind)
[0mq_GtoI = 0.552,-0.588,0.405,0.430 | p_IinG = 6.616,-8.149,0.508 | dist = 15.46 (meters)
bg = -0.0036,0.0212,0.0783 | ba = -0.0607,0.1751,0.0783
[34m[TIME]: 0.0066 seconds total (151.4 hz, 0.50 ms behind)
[0mq_GtoI = 0.552,-0.588,0.405,0.430 | p_IinG = 6.596,-8.149,0.508 | dist = 15.48 (meters)
bg = -0.0036,0.0212,0.0783 | ba = -0.0587,0.1752,0.0795
[34m[TIME]: 0.0048 seconds total (210.5 hz, 0.50 ms behind)
[0mq_GtoI = 0.552,-0.589,0.406,0.428 | p_IinG = 6.577,-8.148,0.506 | dist = 15.50 (meters)
bg = -0.0036,0.0212,0.0783 | ba = -0.0564,0.1752,0.0803
[34m[TIME]: 0.0051 seconds total (194.5 hz, 0.50 ms behind)
[0mq_GtoI = 0.552,-0.591,0.406,0.426 | p_IinG = 6.558,-8.144,0.501 | dist = 15.52 (meters)
bg = -0.0036,0.0212,0.0783 | ba = -0.0520,0.1748,0.0819
[34m[TIME]: 0.0068 seconds total (146.5 hz, 0.50 ms behind)
[0mq_GtoI = 0.552,-0.592,0.407,0.424 | p_IinG = 6.540,-8.141,0.496 | dist = 15.54 (meters)
bg = -0.0036,0.0212,0.0783 | ba = -0.0499,0.1751,0.0824
[34m[TIME]: 0.0088 seconds total (113.1 hz, 0.50 ms behind)
[0mq_GtoI = 0.550,-0.593,0.407,0.423 | p_IinG = 6.521,-8.137,0.490 | dist = 15.56 (meters)
bg = -0.0036,0.0212,0.0783 | ba = -0.0477,0.1751,0.0829
[34m[TIME]: 0.0047 seconds total (212.2 hz, 0.50 ms behind)
[0mq_GtoI = 0.548,-0.595,0.407,0.424 | p_IinG = 6.504,-8.132,0.484 | dist = 15.58 (meters)
bg = -0.0036,0.0212,0.0783 | ba = -0.0442,0.1753,0.0840
[34m[TIME]: 0.0069 seconds total (145.1 hz, 0.50 ms behind)
[0mq_GtoI = 0.545,-0.597,0.406,0.427 | p_IinG = 6.486,-8.126,0.481 | dist = 15.60 (meters)
bg = -0.0036,0.0212,0.0783 | ba = -0.0421,0.1751,0.0850
[34m[TIME]: 0.0048 seconds total (209.4 hz, 0.50 ms behind)
[0mq_GtoI = 0.542,-0.600,0.403,0.429 | p_IinG = 6.467,-8.119,0.478 | dist = 15.62 (meters)
bg = -0.0036,0.0212,0.0783 | ba = -0.0398,0.1752,0.0859
[34m[TIME]: 0.0045 seconds total (220.2 hz, 0.50 ms behind)
[0mq_GtoI = 0.539,-0.603,0.399,0.432 | p_IinG = 6.447,-8.111,0.478 | dist = 15.64 (meters)
bg = -0.0036,0.0212,0.0783 | ba = -0.0371,0.1750,0.0870
[34m[TIME]: 0.0047 seconds total (212.7 hz, 0.50 ms behind)
[0mq_GtoI = 0.535,-0.608,0.394,0.434 | p_IinG = 6.428,-8.102,0.478 | dist = 15.66 (meters)
bg = -0.0036,0.0212,0.0783 | ba = -0.0339,0.1749,0.0878
[34m[TIME]: 0.0048 seconds total (207.0 hz, 0.50 ms behind)
[0mq_GtoI = 0.531,-0.613,0.388,0.437 | p_IinG = 6.408,-8.093,0.481 | dist = 15.69 (meters)
bg = -0.0036,0.0212,0.0783 | ba = -0.0310,0.1749,0.0882
[34m[TIME]: 0.0074 seconds total (135.1 hz, 0.50 ms behind)
[0mq_GtoI = 0.526,-0.619,0.383,0.440 | p_IinG = 6.388,-8.084,0.485 | dist = 15.71 (meters)
bg = -0.0036,0.0212,0.0783 | ba = -0.0271,0.1746,0.0884
[34m[TIME]: 0.0051 seconds total (195.7 hz, 0.50 ms behind)
[0mq_GtoI = 0.520,-0.625,0.377,0.444 | p_IinG = 6.368,-8.073,0.491 | dist = 15.73 (meters)
bg = -0.0036,0.0212,0.0783 | ba = -0.0238,0.1744,0.0887
[34m[TIME]: 0.0038 seconds total (260.8 hz, 0.50 ms behind)
[0mq_GtoI = 0.514,-0.631,0.371,0.448 | p_IinG = 6.349,-8.063,0.499 | dist = 15.76 (meters)
bg = -0.0036,0.0212,0.0783 | ba = -0.0205,0.1745,0.0893
[34m[TIME]: 0.0047 seconds total (214.3 hz, 0.50 ms behind)
[0mq_GtoI = 0.508,-0.637,0.365,0.450 | p_IinG = 6.332,-8.051,0.505 | dist = 15.78 (meters)
bg = -0.0036,0.0212,0.0783 | ba = -0.0148,0.1751,0.0905
[34m[TIME]: 0.0085 seconds total (117.7 hz, 0.50 ms behind)
[0mq_GtoI = 0.503,-0.644,0.362,0.450 | p_IinG = 6.314,-8.039,0.511 | dist = 15.80 (meters)
bg = -0.0036,0.0212,0.0783 | ba = -0.0121,0.1753,0.0912
[34m[TIME]: 0.0045 seconds total (222.3 hz, 0.50 ms behind)
[0mq_GtoI = 0.498,-0.649,0.358,0.451 | p_IinG = 6.297,-8.028,0.517 | dist = 15.82 (meters)
bg = -0.0036,0.0212,0.0783 | ba = -0.0094,0.1752,0.0917
[34m[TIME]: 0.0044 seconds total (229.7 hz, 0.50 ms behind)
[0mq_GtoI = 0.495,-0.653,0.354,0.451 | p_IinG = 6.280,-8.016,0.519 | dist = 15.85 (meters)
bg = -0.0036,0.0212,0.0783 | ba = -0.0054,0.1747,0.0925
[34m[TIME]: 0.0075 seconds total (133.7 hz, 0.50 ms behind)
[0mq_GtoI = 0.492,-0.656,0.350,0.453 | p_IinG = 6.263,-8.005,0.521 | dist = 15.87 (meters)
bg = -0.0036,0.0212,0.0783 | ba = -0.0038,0.1745,0.0930
[34m[TIME]: 0.0046 seconds total (217.7 hz, 0.50 ms behind)
[0mq_GtoI = 0.489,-0.658,0.347,0.454 | p_IinG = 6.246,-7.994,0.522 | dist = 15.89 (meters)
bg = -0.0036,0.0212,0.0783 | ba = -0.0028,0.1745,0.0936
[34m[TIME]: 0.0046 seconds total (218.9 hz, 0.50 ms behind)
[0mq_GtoI = 0.487,-0.660,0.345,0.456 | p_IinG = 6.230,-7.983,0.521 | dist = 15.91 (meters)
bg = -0.0036,0.0212,0.0783 | ba = -0.0026,0.1749,0.0947
[34m[TIME]: 0.0081 seconds total (122.8 hz, 0.50 ms behind)
[0mq_GtoI = 0.484,-0.659,0.345,0.461 | p_IinG = 6.214,-7.972,0.520 | dist = 15.92 (meters)
bg = -0.0036,0.0212,0.0783 | ba = -0.0033,0.1755,0.0961
[34m[TIME]: 0.0049 seconds total (204.8 hz, 0.50 ms behind)
[0mq_GtoI = 0.480,-0.658,0.347,0.465 | p_IinG = 6.199,-7.961,0.517 | dist = 15.94 (meters)
bg = -0.0036,0.0212,0.0783 | ba = -0.0044,0.1761,0.0972
[34m[TIME]: 0.0047 seconds total (213.1 hz, 0.50 ms behind)
[0mq_GtoI = 0.477,-0.657,0.348,0.469 | p_IinG = 6.183,-7.951,0.513 | dist = 15.96 (meters)
bg = -0.0036,0.0212,0.0782 | ba = -0.0057,0.1765,0.0983
[34m[TIME]: 0.0055 seconds total (182.9 hz, 0.50 ms behind)
[0mq_GtoI = 0.475,-0.656,0.350,0.471 | p_IinG = 6.169,-7.939,0.509 | dist = 15.98 (meters)
bg = -0.0036,0.0212,0.0783 | ba = -0.0086,0.1778,0.1001
[34m[TIME]: 0.0132 seconds total (75.6 hz, 0.50 ms behind)
[0mq_GtoI = 0.473,-0.655,0.351,0.474 | p_IinG = 6.154,-7.927,0.504 | dist = 16.00 (meters)
bg = -0.0036,0.0212,0.0782 | ba = -0.0104,0.1783,0.1012
[34m[TIME]: 0.0049 seconds total (203.8 hz, 0.50 ms behind)
[0mq_GtoI = 0.471,-0.654,0.353,0.475 | p_IinG = 6.140,-7.915,0.499 | dist = 16.02 (meters)
bg = -0.0036,0.0212,0.0782 | ba = -0.0123,0.1784,0.1018
[34m[TIME]: 0.0053 seconds total (187.2 hz, 0.50 ms behind)
[0mq_GtoI = 0.468,-0.655,0.354,0.476 | p_IinG = 6.125,-7.901,0.493 | dist = 16.04 (meters)
bg = -0.0036,0.0212,0.0782 | ba = -0.0141,0.1787,0.1028
[34m[TIME]: 0.0046 seconds total (217.6 hz, 0.50 ms behind)
[0mq_GtoI = 0.465,-0.656,0.354,0.478 | p_IinG = 6.111,-7.886,0.487 | dist = 16.06 (meters)
bg = -0.0036,0.0212,0.0782 | ba = -0.0156,0.1791,0.1039
[34m[TIME]: 0.0053 seconds total (187.8 hz, 0.50 ms behind)
[0mq_GtoI = 0.461,-0.658,0.354,0.479 | p_IinG = 6.098,-7.869,0.480 | dist = 16.08 (meters)
bg = -0.0036,0.0212,0.0782 | ba = -0.0168,0.1797,0.1048
[34m[TIME]: 0.0061 seconds total (164.6 hz, 0.50 ms behind)
[0mq_GtoI = 0.457,-0.660,0.353,0.480 | p_IinG = 6.085,-7.851,0.474 | dist = 16.11 (meters)
bg = -0.0036,0.0212,0.0782 | ba = -0.0177,0.1799,0.1052
[34m[TIME]: 0.0045 seconds total (223.8 hz, 0.50 ms behind)
[0mq_GtoI = 0.454,-0.662,0.352,0.483 | p_IinG = 6.072,-7.832,0.470 | dist = 16.13 (meters)
bg = -0.0036,0.0212,0.0782 | ba = -0.0187,0.1801,0.1055
[34m[TIME]: 0.0044 seconds total (228.2 hz, 0.50 ms behind)
[0mq_GtoI = 0.450,-0.665,0.349,0.484 | p_IinG = 6.059,-7.811,0.468 | dist = 16.15 (meters)
bg = -0.0036,0.0212,0.0782 | ba = -0.0198,0.1804,0.1053
[34m[TIME]: 0.0042 seconds total (239.6 hz, 0.50 ms behind)
[0mq_GtoI = 0.446,-0.670,0.344,0.483 | p_IinG = 6.046,-7.788,0.467 | dist = 16.18 (meters)
bg = -0.0036,0.0212,0.0782 | ba = -0.0210,0.1804,0.1047
[34m[TIME]: 0.0041 seconds total (244.7 hz, 0.50 ms behind)
[0mq_GtoI = 0.443,-0.677,0.338,0.481 | p_IinG = 6.033,-7.764,0.465 | dist = 16.21 (meters)
bg = -0.0036,0.0212,0.0782 | ba = -0.0221,0.1805,0.1038
[34m[TIME]: 0.0040 seconds total (247.7 hz, 0.50 ms behind)
[0mq_GtoI = 0.439,-0.684,0.332,0.478 | p_IinG = 6.021,-7.739,0.463 | dist = 16.24 (meters)
bg = -0.0036,0.0212,0.0782 | ba = -0.0231,0.1807,0.1027
[34m[TIME]: 0.0044 seconds total (226.9 hz, 0.50 ms behind)
[0mq_GtoI = 0.435,-0.691,0.328,0.475 | p_IinG = 6.008,-7.714,0.458 | dist = 16.26 (meters)
bg = -0.0036,0.0211,0.0782 | ba = -0.0244,0.1812,0.1010
[34m[TIME]: 0.0084 seconds total (119.3 hz, 0.50 ms behind)
[0mq_GtoI = 0.432,-0.696,0.323,0.474 | p_IinG = 5.995,-7.689,0.449 | dist = 16.29 (meters)
bg = -0.0036,0.0211,0.0782 | ba = -0.0247,0.1814,0.0995
[34m[TIME]: 0.0045 seconds total (220.2 hz, 0.50 ms behind)
[0mq_GtoI = 0.426,-0.701,0.318,0.474 | p_IinG = 5.981,-7.664,0.438 | dist = 16.32 (meters)
bg = -0.0036,0.0211,0.0782 | ba = -0.0251,0.1816,0.0978
[34m[TIME]: 0.0054 seconds total (186.8 hz, 0.50 ms behind)
[0mq_GtoI = 0.420,-0.707,0.314,0.475 | p_IinG = 5.966,-7.640,0.422 | dist = 16.36 (meters)
bg = -0.0036,0.0211,0.0782 | ba = -0.0249,0.1834,0.0948
[34m[TIME]: 0.0061 seconds total (163.7 hz, 0.50 ms behind)
[0mq_GtoI = 0.413,-0.712,0.309,0.476 | p_IinG = 5.951,-7.615,0.405 | dist = 16.39 (meters)
bg = -0.0035,0.0211,0.0782 | ba = -0.0264,0.1840,0.0930
[34m[TIME]: 0.0056 seconds total (179.6 hz, 0.50 ms behind)
[0mq_GtoI = 0.405,-0.717,0.305,0.479 | p_IinG = 5.934,-7.590,0.389 | dist = 16.43 (meters)
bg = -0.0035,0.0211,0.0782 | ba = -0.0279,0.1853,0.0912
[34m[TIME]: 0.0057 seconds total (175.6 hz, 0.50 ms behind)
[0mq_GtoI = 0.397,-0.721,0.301,0.481 | p_IinG = 5.918,-7.566,0.373 | dist = 16.46 (meters)
bg = -0.0035,0.0211,0.0782 | ba = -0.0295,0.1864,0.0899
[34m[TIME]: 0.0046 seconds total (215.6 hz, 0.50 ms behind)
[0mq_GtoI = 0.391,-0.724,0.297,0.484 | p_IinG = 5.900,-7.541,0.361 | dist = 16.49 (meters)
bg = -0.0035,0.0211,0.0782 | ba = -0.0310,0.1876,0.0889
[34m[TIME]: 0.0045 seconds total (220.4 hz, 0.50 ms behind)
[0mq_GtoI = 0.387,-0.726,0.293,0.487 | p_IinG = 5.882,-7.515,0.350 | dist = 16.53 (meters)
bg = -0.0035,0.0211,0.0782 | ba = -0.0323,0.1889,0.0882
[34m[TIME]: 0.0043 seconds total (230.7 hz, 0.50 ms behind)
[0mq_GtoI = 0.384,-0.728,0.288,0.489 | p_IinG = 5.864,-7.490,0.343 | dist = 16.56 (meters)
bg = -0.0035,0.0211,0.0782 | ba = -0.0339,0.1903,0.0871
[34m[TIME]: 0.0041 seconds total (245.9 hz, 0.50 ms behind)
[0mq_GtoI = 0.383,-0.730,0.283,0.490 | p_IinG = 5.845,-7.465,0.338 | dist = 16.59 (meters)
bg = -0.0035,0.0211,0.0782 | ba = -0.0355,0.1923,0.0862
[34m[TIME]: 0.0045 seconds total (220.3 hz, 0.50 ms behind)
[0mq_GtoI = 0.381,-0.732,0.280,0.491 | p_IinG = 5.826,-7.441,0.337 | dist = 16.62 (meters)
bg = -0.0035,0.0211,0.0782 | ba = -0.0374,0.1942,0.0852
[34m[TIME]: 0.0045 seconds total (223.5 hz, 0.50 ms behind)
[0mq_GtoI = 0.380,-0.733,0.277,0.491 | p_IinG = 5.807,-7.418,0.338 | dist = 16.65 (meters)
bg = -0.0035,0.0211,0.0782 | ba = -0.0393,0.1967,0.0843
[34m[TIME]: 0.0055 seconds total (183.2 hz, 0.50 ms behind)
[0mq_GtoI = 0.379,-0.735,0.276,0.490 | p_IinG = 5.786,-7.396,0.342 | dist = 16.69 (meters)
bg = -0.0035,0.0211,0.0782 | ba = -0.0404,0.1986,0.0833
[34m[TIME]: 0.0057 seconds total (174.2 hz, 0.50 ms behind)
[0mq_GtoI = 0.379,-0.735,0.275,0.490 | p_IinG = 5.765,-7.375,0.348 | dist = 16.72 (meters)
bg = -0.0035,0.0211,0.0782 | ba = -0.0415,0.2003,0.0823
[34m[TIME]: 0.0054 seconds total (185.6 hz, 0.50 ms behind)
[0mq_GtoI = 0.378,-0.736,0.275,0.490 | p_IinG = 5.745,-7.360,0.357 | dist = 16.75 (meters)
bg = -0.0035,0.0211,0.0782 | ba = -0.0439,0.2052,0.0802
[34m[TIME]: 0.0090 seconds total (110.9 hz, 0.50 ms behind)
[0mq_GtoI = 0.379,-0.736,0.274,0.490 | p_IinG = 5.722,-7.340,0.366 | dist = 16.78 (meters)
bg = -0.0035,0.0211,0.0782 | ba = -0.0441,0.2060,0.0801
[34m[TIME]: 0.0052 seconds total (191.1 hz, 0.50 ms behind)
[0mq_GtoI = 0.380,-0.735,0.273,0.491 | p_IinG = 5.699,-7.321,0.375 | dist = 16.81 (meters)
bg = -0.0035,0.0211,0.0782 | ba = -0.0443,0.2070,0.0797
[34m[TIME]: 0.0055 seconds total (183.4 hz, 0.50 ms behind)
[0mq_GtoI = 0.381,-0.733,0.274,0.493 | p_IinG = 5.676,-7.303,0.384 | dist = 16.84 (meters)
bg = -0.0035,0.0211,0.0782 | ba = -0.0446,0.2078,0.0795
[34m[TIME]: 0.0050 seconds total (198.2 hz, 0.50 ms behind)
[0mq_GtoI = 0.380,-0.730,0.276,0.496 | p_IinG = 5.652,-7.285,0.391 | dist = 16.87 (meters)
bg = -0.0035,0.0211,0.0782 | ba = -0.0450,0.2082,0.0798
[34m[TIME]: 0.0053 seconds total (186.9 hz, 0.50 ms behind)
[0mq_GtoI = 0.379,-0.726,0.280,0.501 | p_IinG = 5.627,-7.267,0.398 | dist = 16.91 (meters)
bg = -0.0035,0.0211,0.0782 | ba = -0.0444,0.2084,0.0794
[34m[TIME]: 0.0050 seconds total (200.8 hz, 0.50 ms behind)
[0mq_GtoI = 0.377,-0.721,0.284,0.506 | p_IinG = 5.603,-7.249,0.403 | dist = 16.94 (meters)
bg = -0.0035,0.0211,0.0781 | ba = -0.0437,0.2089,0.0787
[34m[TIME]: 0.0044 seconds total (226.1 hz, 0.50 ms behind)
[0mq_GtoI = 0.378,-0.718,0.286,0.511 | p_IinG = 5.578,-7.231,0.405 | dist = 16.97 (meters)
bg = -0.0035,0.0211,0.0781 | ba = -0.0424,0.2095,0.0778
[34m[TIME]: 0.0056 seconds total (177.0 hz, 0.50 ms behind)
[0mq_GtoI = 0.379,-0.715,0.286,0.514 | p_IinG = 5.554,-7.213,0.405 | dist = 17.00 (meters)
bg = -0.0035,0.0211,0.0781 | ba = -0.0413,0.2104,0.0774
[34m[TIME]: 0.0048 seconds total (208.1 hz, 0.50 ms behind)
[0mq_GtoI = 0.379,-0.712,0.288,0.516 | p_IinG = 5.533,-7.194,0.405 | dist = 17.03 (meters)
bg = -0.0034,0.0211,0.0782 | ba = -0.0411,0.2104,0.0788
[34m[TIME]: 0.0121 seconds total (82.6 hz, 0.50 ms behind)
[0mq_GtoI = 0.379,-0.711,0.290,0.517 | p_IinG = 5.511,-7.174,0.401 | dist = 17.06 (meters)
bg = -0.0034,0.0211,0.0782 | ba = -0.0398,0.2110,0.0788
[34m[TIME]: 0.0049 seconds total (202.3 hz, 0.50 ms behind)
[0mq_GtoI = 0.379,-0.710,0.292,0.517 | p_IinG = 5.490,-7.155,0.396 | dist = 17.09 (meters)
bg = -0.0034,0.0211,0.0782 | ba = -0.0386,0.2117,0.0789
[34m[TIME]: 0.0054 seconds total (183.6 hz, 0.50 ms behind)
[0mq_GtoI = 0.378,-0.709,0.294,0.517 | p_IinG = 5.469,-7.132,0.389 | dist = 17.12 (meters)
bg = -0.0034,0.0211,0.0782 | ba = -0.0368,0.2115,0.0797
[34m[TIME]: 0.0078 seconds total (128.0 hz, 0.50 ms behind)
[0mq_GtoI = 0.377,-0.709,0.297,0.516 | p_IinG = 5.449,-7.110,0.381 | dist = 17.15 (meters)
bg = -0.0034,0.0211,0.0782 | ba = -0.0368,0.2121,0.0802
[34m[TIME]: 0.0047 seconds total (211.1 hz, 0.50 ms behind)
[0mq_GtoI = 0.377,-0.709,0.299,0.515 | p_IinG = 5.430,-7.087,0.373 | dist = 17.18 (meters)
bg = -0.0034,0.0211,0.0782 | ba = -0.0364,0.2126,0.0809
[34m[TIME]: 0.0050 seconds total (200.2 hz, 0.50 ms behind)
[0mq_GtoI = 0.376,-0.710,0.301,0.514 | p_IinG = 5.411,-7.063,0.366 | dist = 17.21 (meters)
bg = -0.0034,0.0211,0.0782 | ba = -0.0365,0.2129,0.0815
[34m[TIME]: 0.0044 seconds total (229.1 hz, 0.50 ms behind)
[0mq_GtoI = 0.376,-0.712,0.301,0.511 | p_IinG = 5.392,-7.037,0.361 | dist = 17.24 (meters)
bg = -0.0034,0.0211,0.0782 | ba = -0.0377,0.2134,0.0820
[34m[TIME]: 0.0047 seconds total (212.1 hz, 0.50 ms behind)
[0mq_GtoI = 0.377,-0.713,0.301,0.508 | p_IinG = 5.373,-7.011,0.357 | dist = 17.28 (meters)
bg = -0.0034,0.0211,0.0782 | ba = -0.0382,0.2136,0.0821
[34m[TIME]: 0.0051 seconds total (196.7 hz, 0.50 ms behind)
[0mq_GtoI = 0.377,-0.716,0.300,0.505 | p_IinG = 5.355,-6.984,0.354 | dist = 17.31 (meters)
bg = -0.0034,0.0211,0.0781 | ba = -0.0380,0.2135,0.0825
[34m[TIME]: 0.0067 seconds total (148.9 hz, 0.50 ms behind)
[0mq_GtoI = 0.377,-0.719,0.300,0.501 | p_IinG = 5.337,-6.956,0.351 | dist = 17.34 (meters)
bg = -0.0034,0.0211,0.0781 | ba = -0.0375,0.2132,0.0831
[34m[TIME]: 0.0047 seconds total (212.3 hz, 0.50 ms behind)
[0mq_GtoI = 0.378,-0.722,0.298,0.496 | p_IinG = 5.319,-6.927,0.347 | dist = 17.38 (meters)
bg = -0.0034,0.0211,0.0781 | ba = -0.0369,0.2132,0.0837
[34m[TIME]: 0.0092 seconds total (109.3 hz, 0.50 ms behind)
[0mq_GtoI = 0.378,-0.725,0.298,0.492 | p_IinG = 5.298,-6.896,0.343 | dist = 17.41 (meters)
bg = -0.0034,0.0211,0.0781 | ba = -0.0368,0.2108,0.0857
[34m[TIME]: 0.0068 seconds total (146.5 hz, 0.50 ms behind)
[0mq_GtoI = 0.379,-0.727,0.296,0.490 | p_IinG = 5.279,-6.866,0.337 | dist = 17.45 (meters)
bg = -0.0034,0.0211,0.0781 | ba = -0.0362,0.2101,0.0870
[34m[TIME]: 0.0068 seconds total (147.7 hz, 0.50 ms behind)
[0mq_GtoI = 0.380,-0.728,0.295,0.489 | p_IinG = 5.259,-6.836,0.330 | dist = 17.48 (meters)
bg = -0.0034,0.0211,0.0782 | ba = -0.0353,0.2097,0.0884
[34m[TIME]: 0.0047 seconds total (211.6 hz, 0.50 ms behind)
[0mq_GtoI = 0.379,-0.728,0.296,0.489 | p_IinG = 5.216,-6.774,0.313 | dist = 17.56 (meters)
bg = -0.0034,0.0211,0.0782 | ba = -0.0318,0.2083,0.0913
[34m[TIME]: 0.0080 seconds total (124.4 hz, 0.50 ms behind)
[0mq_GtoI = 0.377,-0.729,0.295,0.489 | p_IinG = 5.195,-6.744,0.304 | dist = 17.60 (meters)
bg = -0.0034,0.0211,0.0782 | ba = -0.0313,0.2082,0.0927
[34m[TIME]: 0.0041 seconds total (244.0 hz, 0.50 ms behind)
[0mq_GtoI = 0.375,-0.730,0.295,0.489 | p_IinG = 5.172,-6.713,0.293 | dist = 17.64 (meters)
bg = -0.0034,0.0211,0.0782 | ba = -0.0311,0.2081,0.0939
[34m[TIME]: 0.0049 seconds total (206.1 hz, 0.50 ms behind)
[0mq_GtoI = 0.372,-0.733,0.297,0.487 | p_IinG = 5.149,-6.682,0.282 | dist = 17.68 (meters)
bg = -0.0034,0.0211,0.0782 | ba = -0.0305,0.2073,0.0948
[34m[TIME]: 0.0073 seconds total (136.9 hz, 0.50 ms behind)
[0mq_GtoI = 0.370,-0.736,0.297,0.483 | p_IinG = 5.125,-6.651,0.271 | dist = 17.72 (meters)
bg = -0.0034,0.0211,0.0782 | ba = -0.0303,0.2068,0.0958
[34m[TIME]: 0.0042 seconds total (235.9 hz, 0.50 ms behind)
[0mq_GtoI = 0.368,-0.738,0.297,0.481 | p_IinG = 5.100,-6.618,0.261 | dist = 17.76 (meters)
bg = -0.0034,0.0211,0.0782 | ba = -0.0303,0.2064,0.0969
[34m[TIME]: 0.0046 seconds total (219.7 hz, 0.50 ms behind)
[0mq_GtoI = 0.368,-0.739,0.296,0.481 | p_IinG = 5.073,-6.585,0.254 | dist = 17.80 (meters)
bg = -0.0034,0.0211,0.0782 | ba = -0.0309,0.2054,0.0984
[34m[TIME]: 0.0054 seconds total (183.6 hz, 0.50 ms behind)
[0mq_GtoI = 0.369,-0.739,0.293,0.481 | p_IinG = 5.044,-6.550,0.248 | dist = 17.84 (meters)
bg = -0.0034,0.0211,0.0782 | ba = -0.0314,0.2043,0.1008
[34m[TIME]: 0.0072 seconds total (139.3 hz, 0.50 ms behind)
[0mq_GtoI = 0.371,-0.738,0.288,0.485 | p_IinG = 5.015,-6.515,0.246 | dist = 17.89 (meters)
bg = -0.0034,0.0211,0.0782 | ba = -0.0322,0.2041,0.1022
[34m[TIME]: 0.0045 seconds total (223.7 hz, 0.50 ms behind)
[0mq_GtoI = 0.373,-0.737,0.284,0.487 | p_IinG = 4.984,-6.482,0.245 | dist = 17.93 (meters)
bg = -0.0034,0.0211,0.0782 | ba = -0.0339,0.2044,0.1030
[34m[TIME]: 0.0046 seconds total (219.4 hz, 0.50 ms behind)
[0mq_GtoI = 0.375,-0.736,0.280,0.489 | p_IinG = 4.954,-6.447,0.245 | dist = 17.98 (meters)
bg = -0.0034,0.0211,0.0782 | ba = -0.0360,0.2047,0.1044
[34m[TIME]: 0.0094 seconds total (105.9 hz, 0.50 ms behind)
[0mq_GtoI = 0.377,-0.735,0.275,0.492 | p_IinG = 4.922,-6.414,0.245 | dist = 18.03 (meters)
bg = -0.0034,0.0211,0.0782 | ba = -0.0378,0.2050,0.1052
[34m[TIME]: 0.0053 seconds total (188.7 hz, 0.50 ms behind)
[0mq_GtoI = 0.378,-0.734,0.273,0.493 | p_IinG = 4.888,-6.381,0.243 | dist = 18.07 (meters)
bg = -0.0034,0.0211,0.0782 | ba = -0.0413,0.2044,0.1057
[34m[TIME]: 0.0065 seconds total (153.6 hz, 0.50 ms behind)
[0mq_GtoI = 0.379,-0.734,0.270,0.494 | p_IinG = 4.856,-6.350,0.240 | dist = 18.12 (meters)
bg = -0.0034,0.0211,0.0782 | ba = -0.0445,0.2047,0.1056
[34m[TIME]: 0.0054 seconds total (186.5 hz, 0.50 ms behind)
[0mq_GtoI = 0.380,-0.734,0.268,0.494 | p_IinG = 4.823,-6.320,0.236 | dist = 18.16 (meters)
bg = -0.0034,0.0211,0.0782 | ba = -0.0474,0.2049,0.1053
[34m[TIME]: 0.0040 seconds total (250.4 hz, 0.50 ms behind)
[0mq_GtoI = 0.381,-0.734,0.265,0.495 | p_IinG = 4.791,-6.291,0.232 | dist = 18.21 (meters)
bg = -0.0034,0.0211,0.0781 | ba = -0.0502,0.2049,0.1050
[34m[TIME]: 0.0038 seconds total (265.0 hz, 0.50 ms behind)
[0mq_GtoI = 0.383,-0.734,0.263,0.496 | p_IinG = 4.756,-6.265,0.227 | dist = 18.25 (meters)
bg = -0.0034,0.0211,0.0781 | ba = -0.0540,0.2052,0.1031
[34m[TIME]: 0.0070 seconds total (143.4 hz, 0.50 ms behind)
[0mq_GtoI = 0.385,-0.732,0.259,0.498 | p_IinG = 4.724,-6.237,0.222 | dist = 18.29 (meters)
bg = -0.0034,0.0211,0.0781 | ba = -0.0563,0.2052,0.1028
[34m[TIME]: 0.0051 seconds total (194.7 hz, 0.50 ms behind)
[0mq_GtoI = 0.387,-0.731,0.256,0.500 | p_IinG = 4.690,-6.212,0.215 | dist = 18.34 (meters)
bg = -0.0034,0.0211,0.0781 | ba = -0.0581,0.2054,0.1012
[34m[TIME]: 0.0067 seconds total (149.5 hz, 0.50 ms behind)
[0mq_GtoI = 0.388,-0.731,0.255,0.501 | p_IinG = 4.658,-6.186,0.209 | dist = 18.38 (meters)
bg = -0.0034,0.0211,0.0781 | ba = -0.0599,0.2048,0.1008
[34m[TIME]: 0.0076 seconds total (132.3 hz, 0.50 ms behind)
[0mq_GtoI = 0.388,-0.730,0.254,0.502 | p_IinG = 4.626,-6.162,0.201 | dist = 18.42 (meters)
bg = -0.0034,0.0211,0.0781 | ba = -0.0613,0.2044,0.1005
[34m[TIME]: 0.0110 seconds total (90.7 hz, 0.50 ms behind)
[0mq_GtoI = 0.389,-0.728,0.253,0.505 | p_IinG = 4.595,-6.139,0.193 | dist = 18.46 (meters)
bg = -0.0034,0.0211,0.0781 | ba = -0.0622,0.2037,0.1000
[34m[TIME]: 0.0048 seconds total (209.4 hz, 0.50 ms behind)
[0mq_GtoI = 0.390,-0.725,0.251,0.509 | p_IinG = 4.563,-6.115,0.185 | dist = 18.50 (meters)
bg = -0.0034,0.0211,0.0781 | ba = -0.0629,0.2023,0.1001
[34m[TIME]: 0.0072 seconds total (138.6 hz, 0.50 ms behind)
[0mq_GtoI = 0.390,-0.723,0.251,0.512 | p_IinG = 4.533,-6.094,0.176 | dist = 18.53 (meters)
bg = -0.0034,0.0211,0.0781 | ba = -0.0633,0.2022,0.0994
[34m[TIME]: 0.0048 seconds total (208.6 hz, 0.50 ms behind)
[0mq_GtoI = 0.388,-0.722,0.254,0.514 | p_IinG = 4.503,-6.074,0.165 | dist = 18.57 (meters)
bg = -0.0034,0.0211,0.0781 | ba = -0.0631,0.2017,0.0981
[34m[TIME]: 0.0064 seconds total (156.8 hz, 0.50 ms behind)
[0mq_GtoI = 0.384,-0.721,0.258,0.515 | p_IinG = 4.476,-6.056,0.154 | dist = 18.60 (meters)
bg = -0.0034,0.0211,0.0781 | ba = -0.0628,0.2015,0.0972
[34m[TIME]: 0.0078 seconds total (127.6 hz, 0.50 ms behind)
[0mq_GtoI = 0.382,-0.721,0.262,0.515 | p_IinG = 4.450,-6.038,0.142 | dist = 18.64 (meters)
bg = -0.0034,0.0211,0.0781 | ba = -0.0623,0.2012,0.0963
[34m[TIME]: 0.0048 seconds total (208.2 hz, 0.50 ms behind)
[0mq_GtoI = 0.379,-0.720,0.266,0.518 | p_IinG = 4.424,-6.020,0.129 | dist = 18.67 (meters)
bg = -0.0034,0.0211,0.0781 | ba = -0.0609,0.2010,0.0952
[34m[TIME]: 0.0055 seconds total (181.7 hz, 0.50 ms behind)
[0mq_GtoI = 0.378,-0.719,0.268,0.519 | p_IinG = 4.400,-6.003,0.114 | dist = 18.70 (meters)
bg = -0.0034,0.0211,0.0781 | ba = -0.0597,0.2009,0.0941
[34m[TIME]: 0.0056 seconds total (178.2 hz, 0.50 ms behind)
[0mq_GtoI = 0.376,-0.718,0.270,0.520 | p_IinG = 4.376,-5.985,0.099 | dist = 18.74 (meters)
bg = -0.0034,0.0211,0.0781 | ba = -0.0584,0.2011,0.0932
[34m[TIME]: 0.0059 seconds total (168.8 hz, 0.50 ms behind)
[0mq_GtoI = 0.375,-0.717,0.271,0.521 | p_IinG = 4.354,-5.968,0.083 | dist = 18.77 (meters)
bg = -0.0033,0.0211,0.0781 | ba = -0.0572,0.2015,0.0925
[34m[TIME]: 0.0052 seconds total (190.5 hz, 0.50 ms behind)
[0mq_GtoI = 0.375,-0.717,0.272,0.520 | p_IinG = 4.332,-5.948,0.068 | dist = 18.80 (meters)
bg = -0.0033,0.0211,0.0781 | ba = -0.0552,0.2017,0.0928
[34m[TIME]: 0.0066 seconds total (152.0 hz, 0.50 ms behind)
[0mq_GtoI = 0.376,-0.719,0.271,0.519 | p_IinG = 4.312,-5.931,0.053 | dist = 18.83 (meters)
bg = -0.0033,0.0211,0.0781 | ba = -0.0535,0.2024,0.0924
[34m[TIME]: 0.0044 seconds total (227.6 hz, 0.50 ms behind)
[0mq_GtoI = 0.377,-0.720,0.270,0.516 | p_IinG = 4.293,-5.913,0.039 | dist = 18.86 (meters)
bg = -0.0033,0.0211,0.0781 | ba = -0.0513,0.2033,0.0923
[34m[TIME]: 0.0071 seconds total (141.4 hz, 0.50 ms behind)
[0mq_GtoI = 0.379,-0.722,0.267,0.513 | p_IinG = 4.274,-5.894,0.026 | dist = 18.89 (meters)
bg = -0.0033,0.0211,0.0781 | ba = -0.0485,0.2040,0.0924
[34m[TIME]: 0.0067 seconds total (149.5 hz, 0.50 ms behind)
[0mq_GtoI = 0.381,-0.725,0.265,0.510 | p_IinG = 4.256,-5.876,0.015 | dist = 18.91 (meters)
bg = -0.0033,0.0211,0.0781 | ba = -0.0465,0.2048,0.0931
[34m[TIME]: 0.0091 seconds total (110.3 hz, 0.50 ms behind)
[0mq_GtoI = 0.382,-0.725,0.263,0.509 | p_IinG = 4.238,-5.858,0.007 | dist = 18.94 (meters)
bg = -0.0034,0.0211,0.0781 | ba = -0.0442,0.2062,0.0936
[34m[TIME]: 0.0069 seconds total (145.1 hz, 0.50 ms behind)
[0mq_GtoI = 0.381,-0.726,0.264,0.508 | p_IinG = 4.222,-5.840,-0.000 | dist = 18.96 (meters)
bg = -0.0034,0.0211,0.0781 | ba = -0.0426,0.2069,0.0949
[34m[TIME]: 0.0058 seconds total (171.6 hz, 0.50 ms behind)
[0mq_GtoI = 0.381,-0.725,0.264,0.510 | p_IinG = 4.206,-5.823,-0.008 | dist = 18.99 (meters)
bg = -0.0034,0.0211,0.0781 | ba = -0.0411,0.2083,0.0961
[34m[TIME]: 0.0087 seconds total (115.1 hz, 0.50 ms behind)
[0mq_GtoI = 0.380,-0.724,0.264,0.512 | p_IinG = 4.191,-5.806,-0.017 | dist = 19.01 (meters)
bg = -0.0034,0.0210,0.0781 | ba = -0.0399,0.2098,0.0971
[34m[TIME]: 0.0047 seconds total (210.9 hz, 0.50 ms behind)
[0mq_GtoI = 0.379,-0.723,0.264,0.513 | p_IinG = 4.176,-5.789,-0.027 | dist = 19.04 (meters)
bg = -0.0034,0.0210,0.0781 | ba = -0.0389,0.2112,0.0983
[34m[TIME]: 0.0056 seconds total (179.8 hz, 0.50 ms behind)
[0mq_GtoI = 0.378,-0.723,0.264,0.515 | p_IinG = 4.163,-5.772,-0.038 | dist = 19.06 (meters)
bg = -0.0034,0.0210,0.0781 | ba = -0.0380,0.2126,0.0995
[34m[TIME]: 0.0051 seconds total (196.3 hz, 0.50 ms behind)
[0mq_GtoI = 0.378,-0.722,0.264,0.516 | p_IinG = 4.151,-5.756,-0.051 | dist = 19.08 (meters)
bg = -0.0034,0.0210,0.0781 | ba = -0.0368,0.2135,0.1004
[34m[TIME]: 0.0045 seconds total (223.8 hz, 0.50 ms behind)
[0mq_GtoI = 0.376,-0.723,0.264,0.516 | p_IinG = 4.140,-5.740,-0.065 | dist = 19.11 (meters)
bg = -0.0033,0.0210,0.0781 | ba = -0.0361,0.2142,0.1014
[34m[TIME]: 0.0056 seconds total (178.7 hz, 0.50 ms behind)
[0mq_GtoI = 0.376,-0.724,0.263,0.515 | p_IinG = 4.129,-5.724,-0.080 | dist = 19.13 (meters)
bg = -0.0033,0.0210,0.0781 | ba = -0.0360,0.2144,0.1022
[34m[TIME]: 0.0050 seconds total (198.1 hz, 0.50 ms behind)
[0mq_GtoI = 0.377,-0.726,0.260,0.513 | p_IinG = 4.120,-5.708,-0.097 | dist = 19.15 (meters)
bg = -0.0033,0.0210,0.0781 | ba = -0.0359,0.2148,0.1033
[34m[TIME]: 0.0057 seconds total (176.1 hz, 0.50 ms behind)
[0mq_GtoI = 0.378,-0.729,0.258,0.510 | p_IinG = 4.112,-5.692,-0.114 | dist = 19.18 (meters)
bg = -0.0033,0.0210,0.0781 | ba = -0.0359,0.2149,0.1039
[34m[TIME]: 0.0050 seconds total (199.4 hz, 0.50 ms behind)
[0mq_GtoI = 0.378,-0.731,0.256,0.506 | p_IinG = 4.104,-5.677,-0.133 | dist = 19.20 (meters)
bg = -0.0033,0.0210,0.0780 | ba = -0.0358,0.2150,0.1048
[34m[TIME]: 0.0061 seconds total (162.8 hz, 0.50 ms behind)
[0mq_GtoI = 0.379,-0.733,0.254,0.504 | p_IinG = 4.096,-5.663,-0.151 | dist = 19.23 (meters)
bg = -0.0033,0.0210,0.0780 | ba = -0.0360,0.2153,0.1048
[34m[TIME]: 0.0094 seconds total (106.2 hz, 0.50 ms behind)
[0mq_GtoI = 0.380,-0.735,0.252,0.502 | p_IinG = 4.088,-5.649,-0.171 | dist = 19.25 (meters)
bg = -0.0033,0.0210,0.0780 | ba = -0.0353,0.2158,0.1053
[34m[TIME]: 0.0063 seconds total (159.0 hz, 0.50 ms behind)
[0mq_GtoI = 0.380,-0.736,0.252,0.501 | p_IinG = 4.081,-5.637,-0.191 | dist = 19.28 (meters)
bg = -0.0033,0.0210,0.0780 | ba = -0.0350,0.2163,0.1057
[34m[TIME]: 0.0051 seconds total (196.5 hz, 0.50 ms behind)
[0mq_GtoI = 0.380,-0.738,0.250,0.499 | p_IinG = 4.074,-5.625,-0.212 | dist = 19.30 (meters)
bg = -0.0033,0.0210,0.0780 | ba = -0.0348,0.2169,0.1059
[34m[TIME]: 0.0042 seconds total (235.3 hz, 0.50 ms behind)
[0mq_GtoI = 0.382,-0.739,0.248,0.496 | p_IinG = 4.068,-5.615,-0.231 | dist = 19.32 (meters)
bg = -0.0033,0.0210,0.0780 | ba = -0.0347,0.2176,0.1062
[34m[TIME]: 0.0043 seconds total (233.2 hz, 0.50 ms behind)
[0mq_GtoI = 0.384,-0.743,0.244,0.491 | p_IinG = 4.061,-5.607,-0.249 | dist = 19.34 (meters)
bg = -0.0033,0.0210,0.0780 | ba = -0.0351,0.2182,0.1064
[34m[TIME]: 0.0042 seconds total (236.5 hz, 0.50 ms behind)
[0mq_GtoI = 0.385,-0.746,0.241,0.486 | p_IinG = 4.054,-5.601,-0.264 | dist = 19.36 (meters)
bg = -0.0033,0.0210,0.0780 | ba = -0.0357,0.2190,0.1065
[34m[TIME]: 0.0089 seconds total (111.8 hz, 0.50 ms behind)
[0mq_GtoI = 0.386,-0.748,0.240,0.484 | p_IinG = 4.046,-5.596,-0.277 | dist = 19.38 (meters)
bg = -0.0033,0.0210,0.0780 | ba = -0.0359,0.2195,0.1061
[34m[TIME]: 0.0072 seconds total (139.4 hz, 0.50 ms behind)
[0mq_GtoI = 0.386,-0.748,0.240,0.484 | p_IinG = 4.039,-5.593,-0.288 | dist = 19.39 (meters)
bg = -0.0033,0.0210,0.0780 | ba = -0.0364,0.2197,0.1058
[34m[TIME]: 0.0085 seconds total (117.6 hz, 0.50 ms behind)
[0mq_GtoI = 0.386,-0.746,0.241,0.487 | p_IinG = 4.030,-5.594,-0.299 | dist = 19.41 (meters)
bg = -0.0033,0.0210,0.0780 | ba = -0.0369,0.2199,0.1049
[34m[TIME]: 0.0052 seconds total (190.7 hz, 0.50 ms behind)
[0mq_GtoI = 0.384,-0.742,0.243,0.493 | p_IinG = 4.022,-5.596,-0.310 | dist = 19.42 (meters)
bg = -0.0033,0.0210,0.0780 | ba = -0.0371,0.2195,0.1041
[34m[TIME]: 0.0048 seconds total (210.3 hz, 0.50 ms behind)
[0mq_GtoI = 0.383,-0.737,0.245,0.500 | p_IinG = 4.014,-5.600,-0.323 | dist = 19.44 (meters)
bg = -0.0033,0.0210,0.0780 | ba = -0.0373,0.2190,0.1027
[34m[TIME]: 0.0055 seconds total (182.4 hz, 0.50 ms behind)
[0mq_GtoI = 0.382,-0.732,0.247,0.507 | p_IinG = 4.006,-5.606,-0.336 | dist = 19.45 (meters)
bg = -0.0033,0.0210,0.0780 | ba = -0.0377,0.2180,0.1010
[34m[TIME]: 0.0053 seconds total (188.8 hz, 0.50 ms behind)
[0mq_GtoI = 0.382,-0.727,0.247,0.514 | p_IinG = 3.999,-5.613,-0.352 | dist = 19.47 (meters)
bg = -0.0032,0.0210,0.0780 | ba = -0.0375,0.2175,0.0994
[34m[TIME]: 0.0062 seconds total (160.8 hz, 0.50 ms behind)
[0mq_GtoI = 0.383,-0.723,0.246,0.520 | p_IinG = 3.992,-5.619,-0.369 | dist = 19.49 (meters)
bg = -0.0032,0.0210,0.0780 | ba = -0.0369,0.2166,0.0978
[34m[TIME]: 0.0045 seconds total (223.0 hz, 0.50 ms behind)
[0mq_GtoI = 0.385,-0.719,0.244,0.525 | p_IinG = 3.987,-5.627,-0.387 | dist = 19.51 (meters)
bg = -0.0032,0.0210,0.0780 | ba = -0.0361,0.2157,0.0958
[34m[TIME]: 0.0047 seconds total (214.8 hz, 0.50 ms behind)
[0mq_GtoI = 0.385,-0.717,0.244,0.528 | p_IinG = 3.983,-5.636,-0.407 | dist = 19.53 (meters)
bg = -0.0032,0.0210,0.0780 | ba = -0.0351,0.2148,0.0936
[34m[TIME]: 0.0043 seconds total (230.5 hz, 0.50 ms behind)
[0mq_GtoI = 0.384,-0.716,0.246,0.528 | p_IinG = 3.980,-5.645,-0.427 | dist = 19.56 (meters)
bg = -0.0032,0.0211,0.0780 | ba = -0.0343,0.2136,0.0910
[34m[TIME]: 0.0077 seconds total (129.7 hz, 0.50 ms behind)
[0mq_GtoI = 0.382,-0.717,0.249,0.528 | p_IinG = 3.979,-5.654,-0.449 | dist = 19.58 (meters)
bg = -0.0032,0.0211,0.0779 | ba = -0.0336,0.2123,0.0891
[34m[TIME]: 0.0043 seconds total (233.9 hz, 0.50 ms behind)
[0mq_GtoI = 0.380,-0.717,0.252,0.527 | p_IinG = 3.979,-5.664,-0.472 | dist = 19.60 (meters)
bg = -0.0032,0.0211,0.0779 | ba = -0.0322,0.2114,0.0875
[34m[TIME]: 0.0103 seconds total (97.3 hz, 0.50 ms behind)
[0mq_GtoI = 0.378,-0.717,0.255,0.526 | p_IinG = 3.981,-5.674,-0.496 | dist = 19.63 (meters)
bg = -0.0032,0.0211,0.0779 | ba = -0.0317,0.2105,0.0859
[34m[TIME]: 0.0046 seconds total (219.4 hz, 0.50 ms behind)
[0mq_GtoI = 0.376,-0.718,0.258,0.526 | p_IinG = 3.984,-5.684,-0.521 | dist = 19.66 (meters)
bg = -0.0032,0.0211,0.0779 | ba = -0.0311,0.2093,0.0846
[34m[TIME]: 0.0064 seconds total (155.8 hz, 0.50 ms behind)
[0mq_GtoI = 0.374,-0.718,0.260,0.526 | p_IinG = 3.989,-5.695,-0.543 | dist = 19.68 (meters)
bg = -0.0032,0.0211,0.0779 | ba = -0.0309,0.2088,0.0835
[34m[TIME]: 0.0045 seconds total (223.7 hz, 0.50 ms behind)
[0mq_GtoI = 0.373,-0.719,0.262,0.525 | p_IinG = 3.994,-5.704,-0.565 | dist = 19.71 (meters)
bg = -0.0032,0.0211,0.0779 | ba = -0.0309,0.2084,0.0825
[34m[TIME]: 0.0053 seconds total (188.5 hz, 0.50 ms behind)
[0mq_GtoI = 0.372,-0.719,0.263,0.525 | p_IinG = 4.002,-5.713,-0.584 | dist = 19.73 (meters)
bg = -0.0032,0.0211,0.0779 | ba = -0.0312,0.2079,0.0815
[34m[TIME]: 0.0104 seconds total (96.3 hz, 0.50 ms behind)
[0mq_GtoI = 0.372,-0.719,0.264,0.525 | p_IinG = 4.009,-5.722,-0.602 | dist = 19.75 (meters)
bg = -0.0032,0.0211,0.0779 | ba = -0.0314,0.2078,0.0805
[34m[TIME]: 0.0059 seconds total (169.0 hz, 0.50 ms behind)
[0mq_GtoI = 0.372,-0.719,0.264,0.525 | p_IinG = 4.017,-5.730,-0.618 | dist = 19.77 (meters)
bg = -0.0032,0.0211,0.0779 | ba = -0.0315,0.2075,0.0793
[34m[TIME]: 0.0045 seconds total (224.4 hz, 0.50 ms behind)
[0mq_GtoI = 0.372,-0.719,0.264,0.524 | p_IinG = 4.026,-5.739,-0.632 | dist = 19.79 (meters)
bg = -0.0032,0.0211,0.0779 | ba = -0.0318,0.2075,0.0786
[34m[TIME]: 0.0044 seconds total (229.3 hz, 0.50 ms behind)
[0mq_GtoI = 0.372,-0.720,0.264,0.523 | p_IinG = 4.036,-5.747,-0.644 | dist = 19.81 (meters)
bg = -0.0032,0.0212,0.0779 | ba = -0.0319,0.2076,0.0777
[34m[TIME]: 0.0081 seconds total (123.6 hz, 0.50 ms behind)
[0mq_GtoI = 0.372,-0.721,0.265,0.521 | p_IinG = 4.048,-5.754,-0.653 | dist = 19.83 (meters)
bg = -0.0032,0.0212,0.0779 | ba = -0.0313,0.2079,0.0775
[34m[TIME]: 0.0054 seconds total (186.8 hz, 0.50 ms behind)
[0mq_GtoI = 0.371,-0.722,0.266,0.519 | p_IinG = 4.060,-5.760,-0.662 | dist = 19.84 (meters)
bg = -0.0032,0.0212,0.0779 | ba = -0.0309,0.2083,0.0771
[34m[TIME]: 0.0050 seconds total (201.9 hz, 0.50 ms behind)
[0mq_GtoI = 0.371,-0.722,0.268,0.519 | p_IinG = 4.072,-5.767,-0.668 | dist = 19.86 (meters)
bg = -0.0032,0.0212,0.0779 | ba = -0.0306,0.2089,0.0763
[34m[TIME]: 0.0046 seconds total (216.5 hz, 0.50 ms behind)
[0mq_GtoI = 0.370,-0.722,0.269,0.520 | p_IinG = 4.085,-5.773,-0.673 | dist = 19.87 (meters)
bg = -0.0032,0.0212,0.0779 | ba = -0.0303,0.2093,0.0759
[34m[TIME]: 0.0041 seconds total (242.5 hz, 0.50 ms behind)
[0mq_GtoI = 0.367,-0.722,0.273,0.519 | p_IinG = 4.099,-5.779,-0.676 | dist = 19.89 (meters)
bg = -0.0032,0.0212,0.0779 | ba = -0.0301,0.2098,0.0759
[34m[TIME]: 0.0060 seconds total (166.7 hz, 0.50 ms behind)
[0mq_GtoI = 0.365,-0.723,0.277,0.517 | p_IinG = 4.112,-5.785,-0.676 | dist = 19.90 (meters)
bg = -0.0032,0.0212,0.0779 | ba = -0.0306,0.2103,0.0755
[34m[TIME]: 0.0078 seconds total (128.9 hz, 0.50 ms behind)
[0mq_GtoI = 0.363,-0.723,0.280,0.517 | p_IinG = 4.126,-5.789,-0.675 | dist = 19.92 (meters)
bg = -0.0032,0.0212,0.0778 | ba = -0.0307,0.2107,0.0751
[34m[TIME]: 0.0053 seconds total (189.8 hz, 0.50 ms behind)
[0mq_GtoI = 0.362,-0.723,0.282,0.517 | p_IinG = 4.140,-5.793,-0.673 | dist = 19.93 (meters)
bg = -0.0032,0.0212,0.0778 | ba = -0.0300,0.2117,0.0749
[34m[TIME]: 0.0071 seconds total (141.8 hz, 0.50 ms behind)
[0mq_GtoI = 0.362,-0.723,0.283,0.516 | p_IinG = 4.154,-5.796,-0.668 | dist = 19.95 (meters)
bg = -0.0032,0.0212,0.0778 | ba = -0.0295,0.2126,0.0745
[34m[TIME]: 0.0051 seconds total (194.2 hz, 0.50 ms behind)
[0mq_GtoI = 0.362,-0.722,0.283,0.517 | p_IinG = 4.167,-5.797,-0.662 | dist = 19.96 (meters)
bg = -0.0032,0.0212,0.0778 | ba = -0.0284,0.2134,0.0745
[34m[TIME]: 0.0058 seconds total (172.0 hz, 0.50 ms behind)
[0mq_GtoI = 0.363,-0.721,0.283,0.518 | p_IinG = 4.181,-5.798,-0.654 | dist = 19.98 (meters)
bg = -0.0032,0.0212,0.0778 | ba = -0.0268,0.2145,0.0745
[34m[TIME]: 0.0080 seconds total (125.7 hz, 0.50 ms behind)
[0mq_GtoI = 0.363,-0.721,0.283,0.518 | p_IinG = 4.194,-5.797,-0.646 | dist = 20.00 (meters)
bg = -0.0032,0.0212,0.0778 | ba = -0.0251,0.2157,0.0747
[34m[TIME]: 0.0092 seconds total (108.9 hz, 0.50 ms behind)
[0mq_GtoI = 0.365,-0.721,0.279,0.519 | p_IinG = 4.208,-5.796,-0.639 | dist = 20.01 (meters)
bg = -0.0032,0.0212,0.0778 | ba = -0.0228,0.2158,0.0747
[34m[TIME]: 0.0056 seconds total (178.7 hz, 0.50 ms behind)
[0mq_GtoI = 0.368,-0.721,0.275,0.519 | p_IinG = 4.223,-5.793,-0.633 | dist = 20.03 (meters)
bg = -0.0032,0.0212,0.0778 | ba = -0.0208,0.2170,0.0753
[34m[TIME]: 0.0048 seconds total (208.6 hz, 0.50 ms behind)
[0mq_GtoI = 0.373,-0.720,0.267,0.521 | p_IinG = 4.253,-5.786,-0.626 | dist = 20.06 (meters)
bg = -0.0032,0.0213,0.0778 | ba = -0.0183,0.2190,0.0758
[34m[TIME]: 0.0048 seconds total (209.5 hz, 0.50 ms behind)
[0mq_GtoI = 0.375,-0.720,0.263,0.521 | p_IinG = 4.269,-5.783,-0.626 | dist = 20.08 (meters)
bg = -0.0032,0.0213,0.0778 | ba = -0.0161,0.2205,0.0764
[34m[TIME]: 0.0048 seconds total (209.3 hz, 0.50 ms behind)
[0mq_GtoI = 0.376,-0.722,0.260,0.519 | p_IinG = 4.285,-5.779,-0.626 | dist = 20.09 (meters)
bg = -0.0032,0.0213,0.0778 | ba = -0.0142,0.2224,0.0771
[34m[TIME]: 0.0055 seconds total (182.0 hz, 0.50 ms behind)
[0mq_GtoI = 0.378,-0.725,0.258,0.516 | p_IinG = 4.303,-5.776,-0.629 | dist = 20.11 (meters)
bg = -0.0032,0.0213,0.0778 | ba = -0.0133,0.2236,0.0775
[34m[TIME]: 0.0090 seconds total (111.1 hz, 0.50 ms behind)
[0mq_GtoI = 0.379,-0.727,0.255,0.512 | p_IinG = 4.321,-5.772,-0.633 | dist = 20.13 (meters)
bg = -0.0032,0.0213,0.0778 | ba = -0.0127,0.2246,0.0781
[34m[TIME]: 0.0052 seconds total (192.0 hz, 0.50 ms behind)
[0mq_GtoI = 0.378,-0.730,0.255,0.509 | p_IinG = 4.339,-5.770,-0.637 | dist = 20.15 (meters)
bg = -0.0032,0.0213,0.0778 | ba = -0.0123,0.2255,0.0786
[34m[TIME]: 0.0052 seconds total (191.1 hz, 0.50 ms behind)
[0mq_GtoI = 0.376,-0.733,0.258,0.505 | p_IinG = 4.359,-5.768,-0.643 | dist = 20.17 (meters)
bg = -0.0032,0.0213,0.0778 | ba = -0.0124,0.2258,0.0792
[34m[TIME]: 0.0048 seconds total (208.5 hz, 0.50 ms behind)
[0mq_GtoI = 0.370,-0.736,0.264,0.501 | p_IinG = 4.377,-5.766,-0.649 | dist = 20.19 (meters)
bg = -0.0032,0.0213,0.0778 | ba = -0.0126,0.2264,0.0799
[34m[TIME]: 0.0094 seconds total (106.5 hz, 0.50 ms behind)
[0mq_GtoI = 0.365,-0.738,0.271,0.499 | p_IinG = 4.396,-5.765,-0.655 | dist = 20.21 (meters)
bg = -0.0032,0.0213,0.0778 | ba = -0.0133,0.2265,0.0808
[34m[TIME]: 0.0043 seconds total (234.0 hz, 0.50 ms behind)
[0mq_GtoI = 0.361,-0.739,0.276,0.498 | p_IinG = 4.413,-5.764,-0.663 | dist = 20.23 (meters)
bg = -0.0032,0.0213,0.0778 | ba = -0.0141,0.2268,0.0817
[34m[TIME]: 0.0057 seconds total (176.3 hz, 0.50 ms behind)
[0mq_GtoI = 0.358,-0.739,0.280,0.497 | p_IinG = 4.429,-5.763,-0.672 | dist = 20.24 (meters)
bg = -0.0032,0.0213,0.0778 | ba = -0.0144,0.2271,0.0827
[34m[TIME]: 0.0043 seconds total (232.1 hz, 0.50 ms behind)
[0mq_GtoI = 0.357,-0.741,0.280,0.495 | p_IinG = 4.445,-5.762,-0.682 | dist = 20.26 (meters)
bg = -0.0032,0.0213,0.0778 | ba = -0.0146,0.2271,0.0838
[34m[TIME]: 0.0052 seconds total (193.5 hz, 0.50 ms behind)
[0mq_GtoI = 0.359,-0.742,0.277,0.493 | p_IinG = 4.459,-5.759,-0.693 | dist = 20.28 (meters)
bg = -0.0032,0.0213,0.0778 | ba = -0.0152,0.2273,0.0850
[34m[TIME]: 0.0045 seconds total (224.4 hz, 0.50 ms behind)
[0mq_GtoI = 0.359,-0.744,0.276,0.491 | p_IinG = 4.472,-5.757,-0.705 | dist = 20.30 (meters)
bg = -0.0032,0.0213,0.0778 | ba = -0.0160,0.2276,0.0859
[34m[TIME]: 0.0046 seconds total (219.5 hz, 0.50 ms behind)
[0mq_GtoI = 0.359,-0.747,0.277,0.487 | p_IinG = 4.484,-5.756,-0.716 | dist = 20.32 (meters)
bg = -0.0032,0.0213,0.0778 | ba = -0.0171,0.2273,0.0872
[34m[TIME]: 0.0106 seconds total (94.2 hz, 0.50 ms behind)
[0mq_GtoI = 0.357,-0.750,0.278,0.483 | p_IinG = 4.494,-5.754,-0.726 | dist = 20.33 (meters)
bg = -0.0032,0.0213,0.0778 | ba = -0.0182,0.2272,0.0885
[34m[TIME]: 0.0181 seconds total (55.1 hz, 0.50 ms behind)
[0mq_GtoI = 0.355,-0.752,0.280,0.480 | p_IinG = 4.502,-5.751,-0.735 | dist = 20.34 (meters)
bg = -0.0032,0.0213,0.0778 | ba = -0.0188,0.2269,0.0896
[34m[TIME]: 0.0056 seconds total (177.2 hz, 0.50 ms behind)
[0mq_GtoI = 0.355,-0.754,0.280,0.477 | p_IinG = 4.508,-5.749,-0.742 | dist = 20.35 (meters)
bg = -0.0032,0.0213,0.0778 | ba = -0.0193,0.2260,0.0909
[34m[TIME]: 0.0056 seconds total (178.0 hz, 0.50 ms behind)
[0mq_GtoI = 0.357,-0.753,0.276,0.478 | p_IinG = 4.512,-5.747,-0.747 | dist = 20.36 (meters)
bg = -0.0032,0.0213,0.0778 | ba = -0.0192,0.2253,0.0917
[34m[TIME]: 0.0049 seconds total (204.8 hz, 0.50 ms behind)
[0mq_GtoI = 0.363,-0.750,0.268,0.483 | p_IinG = 4.514,-5.744,-0.753 | dist = 20.37 (meters)
bg = -0.0032,0.0213,0.0778 | ba = -0.0183,0.2245,0.0921
[34m[TIME]: 0.0095 seconds total (104.8 hz, 0.50 ms behind)
[0mq_GtoI = 0.369,-0.749,0.260,0.486 | p_IinG = 4.514,-5.742,-0.760 | dist = 20.37 (meters)
bg = -0.0032,0.0213,0.0778 | ba = -0.0174,0.2238,0.0924
[34m[TIME]: 0.0084 seconds total (118.6 hz, 0.50 ms behind)
[0mq_GtoI = 0.374,-0.747,0.252,0.488 | p_IinG = 4.514,-5.741,-0.769 | dist = 20.38 (meters)
bg = -0.0032,0.0213,0.0778 | ba = -0.0171,0.2237,0.0928
[34m[TIME]: 0.0055 seconds total (182.7 hz, 0.50 ms behind)
[0mq_GtoI = 0.379,-0.747,0.245,0.488 | p_IinG = 4.513,-5.742,-0.780 | dist = 20.40 (meters)
bg = -0.0032,0.0213,0.0778 | ba = -0.0169,0.2231,0.0926
[34m[TIME]: 0.0058 seconds total (173.6 hz, 0.50 ms behind)
[0mq_GtoI = 0.382,-0.748,0.240,0.487 | p_IinG = 4.511,-5.744,-0.791 | dist = 20.41 (meters)
bg = -0.0032,0.0213,0.0778 | ba = -0.0172,0.2229,0.0930
[34m[TIME]: 0.0045 seconds total (223.6 hz, 0.50 ms behind)
[0mq_GtoI = 0.385,-0.748,0.235,0.486 | p_IinG = 4.509,-5.747,-0.805 | dist = 20.42 (meters)
bg = -0.0032,0.0213,0.0778 | ba = -0.0177,0.2229,0.0936
[34m[TIME]: 0.0043 seconds total (234.6 hz, 0.50 ms behind)
[0mq_GtoI = 0.387,-0.749,0.232,0.485 | p_IinG = 4.507,-5.753,-0.819 | dist = 20.44 (meters)
bg = -0.0032,0.0213,0.0778 | ba = -0.0178,0.2227,0.0939
[34m[TIME]: 0.0041 seconds total (241.8 hz, 0.50 ms behind)
[0mq_GtoI = 0.388,-0.749,0.231,0.484 | p_IinG = 4.505,-5.761,-0.834 | dist = 20.46 (meters)
bg = -0.0032,0.0213,0.0778 | ba = -0.0178,0.2225,0.0941
[34m[TIME]: 0.0051 seconds total (195.6 hz, 0.50 ms behind)
[0mq_GtoI = 0.389,-0.750,0.230,0.483 | p_IinG = 4.502,-5.772,-0.849 | dist = 20.47 (meters)
bg = -0.0032,0.0214,0.0778 | ba = -0.0186,0.2225,0.0940
[34m[TIME]: 0.0061 seconds total (164.2 hz, 0.50 ms behind)
[0mq_GtoI = 0.392,-0.748,0.227,0.485 | p_IinG = 4.498,-5.785,-0.863 | dist = 20.49 (meters)
bg = -0.0032,0.0214,0.0778 | ba = -0.0187,0.2222,0.0940
[34m[TIME]: 0.0044 seconds total (228.7 hz, 0.50 ms behind)
[0mq_GtoI = 0.394,-0.746,0.224,0.488 | p_IinG = 4.494,-5.800,-0.877 | dist = 20.52 (meters)
bg = -0.0033,0.0214,0.0778 | ba = -0.0186,0.2223,0.0938
[34m[TIME]: 0.0044 seconds total (225.0 hz, 0.50 ms behind)
[0mq_GtoI = 0.397,-0.742,0.221,0.493 | p_IinG = 4.490,-5.818,-0.889 | dist = 20.54 (meters)
bg = -0.0033,0.0214,0.0778 | ba = -0.0189,0.2225,0.0937
[34m[TIME]: 0.0050 seconds total (201.5 hz, 0.50 ms behind)
[0mq_GtoI = 0.400,-0.737,0.219,0.499 | p_IinG = 4.486,-5.840,-0.898 | dist = 20.56 (meters)
bg = -0.0033,0.0214,0.0777 | ba = -0.0193,0.2226,0.0933
[34m[TIME]: 0.0075 seconds total (132.7 hz, 0.50 ms behind)
[0mq_GtoI = 0.402,-0.733,0.219,0.503 | p_IinG = 4.484,-5.864,-0.906 | dist = 20.59 (meters)
bg = -0.0033,0.0214,0.0777 | ba = -0.0196,0.2227,0.0932
[34m[TIME]: 0.0046 seconds total (218.4 hz, 0.50 ms behind)
[0mq_GtoI = 0.403,-0.728,0.219,0.509 | p_IinG = 4.483,-5.891,-0.912 | dist = 20.61 (meters)
bg = -0.0033,0.0214,0.0777 | ba = -0.0195,0.2225,0.0931
[34m[TIME]: 0.0044 seconds total (228.7 hz, 0.50 ms behind)
[0mq_GtoI = 0.404,-0.723,0.219,0.516 | p_IinG = 4.483,-5.920,-0.915 | dist = 20.64 (meters)
bg = -0.0033,0.0214,0.0777 | ba = -0.0197,0.2224,0.0928
[34m[TIME]: 0.0061 seconds total (164.1 hz, 0.50 ms behind)
[0mq_GtoI = 0.404,-0.720,0.222,0.519 | p_IinG = 4.485,-5.952,-0.918 | dist = 20.67 (meters)
bg = -0.0033,0.0214,0.0777 | ba = -0.0201,0.2225,0.0929
[34m[TIME]: 0.0065 seconds total (153.4 hz, 0.50 ms behind)
[0mq_GtoI = 0.402,-0.719,0.227,0.520 | p_IinG = 4.490,-5.985,-0.918 | dist = 20.71 (meters)
bg = -0.0033,0.0214,0.0777 | ba = -0.0204,0.2222,0.0928
[34m[TIME]: 0.0041 seconds total (243.9 hz, 0.50 ms behind)
[0mq_GtoI = 0.399,-0.717,0.233,0.521 | p_IinG = 4.496,-6.020,-0.918 | dist = 20.74 (meters)
bg = -0.0033,0.0215,0.0777 | ba = -0.0203,0.2219,0.0931
[34m[TIME]: 0.0071 seconds total (140.9 hz, 0.50 ms behind)
[0mq_GtoI = 0.396,-0.716,0.240,0.522 | p_IinG = 4.504,-6.056,-0.916 | dist = 20.78 (meters)
bg = -0.0033,0.0215,0.0777 | ba = -0.0197,0.2216,0.0930
[34m[TIME]: 0.0057 seconds total (174.0 hz, 0.50 ms behind)
[0mq_GtoI = 0.394,-0.715,0.246,0.523 | p_IinG = 4.514,-6.094,-0.916 | dist = 20.82 (meters)
bg = -0.0033,0.0215,0.0777 | ba = -0.0191,0.2210,0.0923
[34m[TIME]: 0.0058 seconds total (171.4 hz, 0.50 ms behind)
[0mq_GtoI = 0.392,-0.714,0.252,0.523 | p_IinG = 4.525,-6.132,-0.918 | dist = 20.86 (meters)
bg = -0.0033,0.0215,0.0777 | ba = -0.0190,0.2201,0.0916
[34m[TIME]: 0.0055 seconds total (181.4 hz, 0.50 ms behind)
[0mq_GtoI = 0.391,-0.713,0.256,0.523 | p_IinG = 4.537,-6.169,-0.925 | dist = 20.90 (meters)
bg = -0.0033,0.0215,0.0778 | ba = -0.0186,0.2195,0.0906
[34m[TIME]: 0.0041 seconds total (246.7 hz, 0.50 ms behind)
[0mq_GtoI = 0.391,-0.712,0.259,0.523 | p_IinG = 4.550,-6.208,-0.936 | dist = 20.94 (meters)
bg = -0.0033,0.0215,0.0778 | ba = -0.0190,0.2183,0.0895
[34m[TIME]: 0.0047 seconds total (210.6 hz, 0.50 ms behind)
[0mq_GtoI = 0.391,-0.711,0.262,0.522 | p_IinG = 4.564,-6.246,-0.950 | dist = 20.98 (meters)
bg = -0.0033,0.0215,0.0778 | ba = -0.0199,0.2170,0.0885
[34m[TIME]: 0.0072 seconds total (138.0 hz, 0.50 ms behind)
[0mq_GtoI = 0.391,-0.710,0.266,0.522 | p_IinG = 4.579,-6.284,-0.964 | dist = 21.02 (meters)
bg = -0.0033,0.0215,0.0778 | ba = -0.0216,0.2150,0.0872
[34m[TIME]: 0.0053 seconds total (188.2 hz, 0.50 ms behind)
[0mq_GtoI = 0.391,-0.710,0.269,0.521 | p_IinG = 4.595,-6.321,-0.980 | dist = 21.07 (meters)
bg = -0.0033,0.0216,0.0778 | ba = -0.0217,0.2140,0.0846
[34m[TIME]: 0.0066 seconds total (151.8 hz, 0.50 ms behind)
[0mq_GtoI = 0.389,-0.710,0.276,0.518 | p_IinG = 4.613,-6.358,-0.994 | dist = 21.11 (meters)
bg = -0.0034,0.0216,0.0778 | ba = -0.0233,0.2120,0.0834
[34m[TIME]: 0.0056 seconds total (179.3 hz, 0.50 ms behind)
[0mq_GtoI = 0.388,-0.710,0.280,0.517 | p_IinG = 4.632,-6.394,-1.006 | dist = 21.15 (meters)
bg = -0.0034,0.0216,0.0778 | ba = -0.0248,0.2101,0.0826
[34m[TIME]: 0.0048 seconds total (207.3 hz, 0.50 ms behind)
[0mq_GtoI = 0.388,-0.711,0.283,0.514 | p_IinG = 4.651,-6.430,-1.017 | dist = 21.20 (meters)
bg = -0.0034,0.0216,0.0778 | ba = -0.0263,0.2083,0.0813
[34m[TIME]: 0.0049 seconds total (206.0 hz, 0.50 ms behind)
[0mq_GtoI = 0.392,-0.710,0.281,0.513 | p_IinG = 4.671,-6.464,-1.026 | dist = 21.24 (meters)
bg = -0.0034,0.0216,0.0778 | ba = -0.0269,0.2068,0.0803
[34m[TIME]: 0.0043 seconds total (233.3 hz, 0.50 ms behind)
[0mq_GtoI = 0.395,-0.710,0.279,0.512 | p_IinG = 4.691,-6.497,-1.034 | dist = 21.28 (meters)
bg = -0.0034,0.0216,0.0778 | ba = -0.0276,0.2055,0.0796
[34m[TIME]: 0.0047 seconds total (213.3 hz, 0.50 ms behind)
[0mq_GtoI = 0.397,-0.709,0.279,0.512 | p_IinG = 4.712,-6.530,-1.039 | dist = 21.32 (meters)
bg = -0.0034,0.0216,0.0778 | ba = -0.0287,0.2040,0.0781
[34m[TIME]: 0.0055 seconds total (183.2 hz, 0.50 ms behind)
[0mq_GtoI = 0.398,-0.709,0.281,0.510 | p_IinG = 4.734,-6.563,-1.043 | dist = 21.36 (meters)
bg = -0.0034,0.0217,0.0778 | ba = -0.0281,0.2031,0.0774
[34m[TIME]: 0.0070 seconds total (143.6 hz, 0.50 ms behind)
[0mq_GtoI = 0.400,-0.710,0.280,0.508 | p_IinG = 4.756,-6.596,-1.046 | dist = 21.40 (meters)
bg = -0.0034,0.0217,0.0778 | ba = -0.0289,0.2023,0.0760
[34m[TIME]: 0.0063 seconds total (159.6 hz, 0.50 ms behind)
[0mq_GtoI = 0.401,-0.712,0.281,0.504 | p_IinG = 4.779,-6.629,-1.046 | dist = 21.44 (meters)
bg = -0.0034,0.0217,0.0778 | ba = -0.0290,0.2017,0.0756
[34m[TIME]: 0.0043 seconds total (235.0 hz, 0.50 ms behind)
[0mq_GtoI = 0.403,-0.714,0.280,0.499 | p_IinG = 4.803,-6.660,-1.046 | dist = 21.48 (meters)
bg = -0.0034,0.0217,0.0778 | ba = -0.0289,0.2009,0.0751
[34m[TIME]: 0.0049 seconds total (202.0 hz, 0.50 ms behind)
[0mq_GtoI = 0.404,-0.716,0.279,0.496 | p_IinG = 4.827,-6.691,-1.043 | dist = 21.52 (meters)
bg = -0.0034,0.0217,0.0778 | ba = -0.0286,0.2008,0.0740
[34m[TIME]: 0.0054 seconds total (186.5 hz, 0.50 ms behind)
[0mq_GtoI = 0.405,-0.718,0.278,0.493 | p_IinG = 4.850,-6.723,-1.039 | dist = 21.56 (meters)
bg = -0.0034,0.0217,0.0778 | ba = -0.0284,0.2004,0.0724
[34m[TIME]: 0.0066 seconds total (150.9 hz, 0.50 ms behind)
[0mq_GtoI = 0.404,-0.719,0.282,0.490 | p_IinG = 4.874,-6.755,-1.034 | dist = 21.60 (meters)
bg = -0.0034,0.0217,0.0778 | ba = -0.0286,0.2005,0.0705
[34m[TIME]: 0.0058 seconds total (171.5 hz, 0.50 ms behind)
[0mq_GtoI = 0.400,-0.719,0.288,0.490 | p_IinG = 4.898,-6.787,-1.027 | dist = 21.64 (meters)
bg = -0.0034,0.0217,0.0778 | ba = -0.0296,0.2004,0.0691
[34m[TIME]: 0.0093 seconds total (107.5 hz, 0.50 ms behind)
[0mq_GtoI = 0.397,-0.718,0.292,0.491 | p_IinG = 4.921,-6.820,-1.020 | dist = 21.68 (meters)
bg = -0.0034,0.0217,0.0779 | ba = -0.0313,0.2005,0.0686
[34m[TIME]: 0.0091 seconds total (109.3 hz, 0.50 ms behind)
[0mq_GtoI = 0.396,-0.717,0.294,0.492 | p_IinG = 4.943,-6.852,-1.013 | dist = 21.72 (meters)
bg = -0.0034,0.0217,0.0779 | ba = -0.0322,0.2004,0.0673
[34m[TIME]: 0.0088 seconds total (113.6 hz, 0.50 ms behind)
[0mq_GtoI = 0.397,-0.716,0.293,0.494 | p_IinG = 4.964,-6.885,-1.006 | dist = 21.75 (meters)
bg = -0.0034,0.0217,0.0779 | ba = -0.0331,0.2005,0.0664
[34m[TIME]: 0.0095 seconds total (104.8 hz, 0.50 ms behind)
[0mq_GtoI = 0.400,-0.715,0.289,0.495 | p_IinG = 4.985,-6.917,-1.000 | dist = 21.79 (meters)
bg = -0.0034,0.0217,0.0779 | ba = -0.0338,0.2011,0.0658
[34m[TIME]: 0.0045 seconds total (224.6 hz, 0.50 ms behind)
[0mq_GtoI = 0.403,-0.714,0.283,0.497 | p_IinG = 5.006,-6.947,-0.994 | dist = 21.83 (meters)
bg = -0.0034,0.0217,0.0779 | ba = -0.0348,0.2017,0.0649
[34m[TIME]: 0.0042 seconds total (238.3 hz, 0.50 ms behind)
[0mq_GtoI = 0.406,-0.713,0.278,0.500 | p_IinG = 5.028,-6.978,-0.986 | dist = 21.87 (meters)
bg = -0.0034,0.0217,0.0779 | ba = -0.0357,0.2026,0.0639
[34m[TIME]: 0.0047 seconds total (211.1 hz, 0.50 ms behind)
[0mq_GtoI = 0.408,-0.713,0.274,0.500 | p_IinG = 5.050,-7.008,-0.979 | dist = 21.90 (meters)
bg = -0.0034,0.0217,0.0779 | ba = -0.0374,0.2037,0.0631
[34m[TIME]: 0.0046 seconds total (219.6 hz, 0.50 ms behind)
[0mq_GtoI = 0.409,-0.712,0.271,0.501 | p_IinG = 5.073,-7.040,-0.971 | dist = 21.94 (meters)
bg = -0.0034,0.0217,0.0779 | ba = -0.0392,0.2046,0.0619
[34m[TIME]: 0.0043 seconds total (234.6 hz, 0.50 ms behind)
[0mq_GtoI = 0.409,-0.712,0.270,0.503 | p_IinG = 5.096,-7.072,-0.963 | dist = 21.98 (meters)
bg = -0.0034,0.0218,0.0779 | ba = -0.0419,0.2058,0.0608
[34m[TIME]: 0.0083 seconds total (120.3 hz, 0.50 ms behind)
[0mq_GtoI = 0.408,-0.710,0.270,0.506 | p_IinG = 5.120,-7.104,-0.954 | dist = 22.02 (meters)
bg = -0.0034,0.0218,0.0779 | ba = -0.0442,0.2067,0.0600
[34m[TIME]: 0.0065 seconds total (154.9 hz, 0.50 ms behind)
[0mq_GtoI = 0.406,-0.709,0.271,0.508 | p_IinG = 5.145,-7.137,-0.945 | dist = 22.06 (meters)
bg = -0.0034,0.0218,0.0779 | ba = -0.0468,0.2078,0.0596
[34m[TIME]: 0.0053 seconds total (189.2 hz, 0.50 ms behind)
[0mq_GtoI = 0.400,-0.710,0.278,0.508 | p_IinG = 5.170,-7.171,-0.936 | dist = 22.10 (meters)
bg = -0.0034,0.0218,0.0779 | ba = -0.0488,0.2085,0.0587
[34m[TIME]: 0.0089 seconds total (112.7 hz, 0.50 ms behind)
[0mq_GtoI = 0.395,-0.712,0.285,0.506 | p_IinG = 5.196,-7.204,-0.926 | dist = 22.15 (meters)
bg = -0.0033,0.0218,0.0779 | ba = -0.0512,0.2090,0.0580
[34m[TIME]: 0.0062 seconds total (162.3 hz, 0.50 ms behind)
[0mq_GtoI = 0.390,-0.714,0.291,0.504 | p_IinG = 5.224,-7.236,-0.916 | dist = 22.19 (meters)
bg = -0.0033,0.0218,0.0779 | ba = -0.0552,0.2107,0.0595
[34m[TIME]: 0.0070 seconds total (142.6 hz, 0.50 ms behind)
[0mq_GtoI = 0.386,-0.716,0.295,0.501 | p_IinG = 5.250,-7.267,-0.909 | dist = 22.23 (meters)
bg = -0.0033,0.0218,0.0779 | ba = -0.0566,0.2108,0.0597
[34m[TIME]: 0.0052 seconds total (191.2 hz, 0.50 ms behind)
[0mq_GtoI = 0.384,-0.717,0.297,0.500 | p_IinG = 5.276,-7.298,-0.903 | dist = 22.27 (meters)
bg = -0.0033,0.0218,0.0780 | ba = -0.0583,0.2105,0.0599
[34m[TIME]: 0.0051 seconds total (195.6 hz, 0.50 ms behind)
[0mq_GtoI = 0.385,-0.717,0.295,0.501 | p_IinG = 5.301,-7.328,-0.899 | dist = 22.31 (meters)
bg = -0.0033,0.0218,0.0780 | ba = -0.0592,0.2107,0.0600
[34m[TIME]: 0.0056 seconds total (178.4 hz, 0.50 ms behind)
[0mq_GtoI = 0.386,-0.715,0.292,0.504 | p_IinG = 5.325,-7.357,-0.895 | dist = 22.35 (meters)
bg = -0.0033,0.0218,0.0780 | ba = -0.0603,0.2112,0.0603
[34m[TIME]: 0.0044 seconds total (224.8 hz, 0.50 ms behind)
[0mq_GtoI = 0.387,-0.714,0.291,0.506 | p_IinG = 5.351,-7.385,-0.893 | dist = 22.38 (meters)
bg = -0.0033,0.0218,0.0780 | ba = -0.0617,0.2122,0.0616
[34m[TIME]: 0.0103 seconds total (96.7 hz, 0.50 ms behind)
[0mq_GtoI = 0.387,-0.713,0.291,0.506 | p_IinG = 5.376,-7.412,-0.893 | dist = 22.42 (meters)
bg = -0.0033,0.0218,0.0780 | ba = -0.0623,0.2123,0.0624
[34m[TIME]: 0.0057 seconds total (175.6 hz, 0.50 ms behind)
[0mq_GtoI = 0.386,-0.713,0.293,0.507 | p_IinG = 5.400,-7.439,-0.894 | dist = 22.46 (meters)
bg = -0.0033,0.0218,0.0780 | ba = -0.0620,0.2125,0.0631
[34m[TIME]: 0.0066 seconds total (152.6 hz, 0.50 ms behind)
[0mq_GtoI = 0.385,-0.713,0.296,0.507 | p_IinG = 5.426,-7.464,-0.896 | dist = 22.49 (meters)
bg = -0.0033,0.0218,0.0780 | ba = -0.0620,0.2130,0.0646
[34m[TIME]: 0.0054 seconds total (185.3 hz, 0.50 ms behind)
[0mq_GtoI = 0.383,-0.714,0.298,0.504 | p_IinG = 5.450,-7.488,-0.899 | dist = 22.53 (meters)
bg = -0.0033,0.0218,0.0780 | ba = -0.0620,0.2129,0.0657
[34m[TIME]: 0.0082 seconds total (121.7 hz, 0.50 ms behind)
[0mq_GtoI = 0.383,-0.715,0.300,0.502 | p_IinG = 5.475,-7.510,-0.901 | dist = 22.56 (meters)
bg = -0.0033,0.0218,0.0780 | ba = -0.0614,0.2130,0.0670
[34m[TIME]: 0.0092 seconds total (108.9 hz, 0.50 ms behind)
[0mq_GtoI = 0.384,-0.716,0.300,0.500 | p_IinG = 5.499,-7.531,-0.901 | dist = 22.59 (meters)
bg = -0.0034,0.0218,0.0780 | ba = -0.0606,0.2129,0.0683
[34m[TIME]: 0.0058 seconds total (171.9 hz, 0.50 ms behind)
[0mq_GtoI = 0.386,-0.717,0.298,0.499 | p_IinG = 5.524,-7.550,-0.899 | dist = 22.62 (meters)
bg = -0.0034,0.0218,0.0780 | ba = -0.0599,0.2136,0.0697
[34m[TIME]: 0.0074 seconds total (135.4 hz, 0.50 ms behind)
[0mq_GtoI = 0.390,-0.717,0.295,0.497 | p_IinG = 5.548,-7.569,-0.895 | dist = 22.65 (meters)
bg = -0.0034,0.0218,0.0780 | ba = -0.0585,0.2136,0.0706
[34m[TIME]: 0.0048 seconds total (208.5 hz, 0.50 ms behind)
[0mq_GtoI = 0.394,-0.717,0.290,0.497 | p_IinG = 5.571,-7.586,-0.889 | dist = 22.68 (meters)
bg = -0.0033,0.0218,0.0780 | ba = -0.0569,0.2137,0.0712
[34m[TIME]: 0.0042 seconds total (239.3 hz, 0.50 ms behind)
[0mq_GtoI = 0.398,-0.718,0.286,0.494 | p_IinG = 5.594,-7.603,-0.882 | dist = 22.71 (meters)
bg = -0.0033,0.0218,0.0781 | ba = -0.0554,0.2140,0.0715
[34m[TIME]: 0.0054 seconds total (184.8 hz, 0.50 ms behind)
[0mq_GtoI = 0.401,-0.719,0.283,0.492 | p_IinG = 5.617,-7.621,-0.875 | dist = 22.74 (meters)
bg = -0.0033,0.0218,0.0781 | ba = -0.0533,0.2140,0.0709
[34m[TIME]: 0.0050 seconds total (200.1 hz, 0.50 ms behind)
[0mq_GtoI = 0.403,-0.721,0.282,0.488 | p_IinG = 5.639,-7.639,-0.868 | dist = 22.77 (meters)
bg = -0.0033,0.0218,0.0781 | ba = -0.0492,0.2133,0.0694
[34m[TIME]: 0.0053 seconds total (188.6 hz, 0.50 ms behind)
[0mq_GtoI = 0.403,-0.725,0.282,0.483 | p_IinG = 5.662,-7.657,-0.862 | dist = 22.80 (meters)
bg = -0.0033,0.0218,0.0781 | ba = -0.0468,0.2133,0.0692
[34m[TIME]: 0.0108 seconds total (92.5 hz, 0.50 ms behind)
[0mq_GtoI = 0.401,-0.730,0.286,0.474 | p_IinG = 5.684,-7.675,-0.857 | dist = 22.83 (meters)
bg = -0.0033,0.0218,0.0781 | ba = -0.0452,0.2132,0.0691
[34m[TIME]: 0.0044 seconds total (228.3 hz, 0.50 ms behind)
[0mq_GtoI = 0.398,-0.735,0.291,0.466 | p_IinG = 5.705,-7.693,-0.855 | dist = 22.86 (meters)
bg = -0.0033,0.0218,0.0781 | ba = -0.0437,0.2130,0.0692
[34m[TIME]: 0.0055 seconds total (182.0 hz, 0.50 ms behind)
[0mq_GtoI = 0.396,-0.736,0.294,0.464 | p_IinG = 5.724,-7.712,-0.853 | dist = 22.88 (meters)
bg = -0.0033,0.0218,0.0781 | ba = -0.0422,0.2129,0.0693
[34m[TIME]: 0.0044 seconds total (227.9 hz, 0.50 ms behind)
[0mq_GtoI = 0.395,-0.736,0.296,0.464 | p_IinG = 5.742,-7.731,-0.851 | dist = 22.91 (meters)
bg = -0.0033,0.0218,0.0781 | ba = -0.0405,0.2125,0.0694
[34m[TIME]: 0.0054 seconds total (186.3 hz, 0.50 ms behind)
[0mq_GtoI = 0.396,-0.730,0.295,0.472 | p_IinG = 5.757,-7.751,-0.850 | dist = 22.93 (meters)
bg = -0.0033,0.0218,0.0781 | ba = -0.0384,0.2125,0.0691
[34m[TIME]: 0.0054 seconds total (186.2 hz, 0.50 ms behind)
[0mq_GtoI = 0.397,-0.723,0.293,0.482 | p_IinG = 5.769,-7.773,-0.852 | dist = 22.96 (meters)
bg = -0.0033,0.0218,0.0781 | ba = -0.0334,0.2112,0.0649
[34m[TIME]: 0.0071 seconds total (140.9 hz, 0.50 ms behind)
[0mq_GtoI = 0.399,-0.717,0.292,0.491 | p_IinG = 5.782,-7.793,-0.853 | dist = 22.98 (meters)
bg = -0.0033,0.0218,0.0781 | ba = -0.0325,0.2114,0.0649
[34m[TIME]: 0.0061 seconds total (163.1 hz, 0.50 ms behind)
[0mq_GtoI = 0.401,-0.712,0.289,0.499 | p_IinG = 5.795,-7.814,-0.855 | dist = 23.01 (meters)
bg = -0.0033,0.0218,0.0781 | ba = -0.0310,0.2116,0.0638
[34m[TIME]: 0.0052 seconds total (193.2 hz, 0.50 ms behind)
[0mq_GtoI = 0.403,-0.708,0.287,0.503 | p_IinG = 5.808,-7.835,-0.859 | dist = 23.03 (meters)
bg = -0.0033,0.0218,0.0781 | ba = -0.0299,0.2118,0.0633
[34m[TIME]: 0.0041 seconds total (244.9 hz, 0.50 ms behind)
[0mq_GtoI = 0.404,-0.706,0.287,0.506 | p_IinG = 5.821,-7.855,-0.865 | dist = 23.05 (meters)
bg = -0.0033,0.0218,0.0781 | ba = -0.0286,0.2117,0.0626
[34m[TIME]: 0.0050 seconds total (200.0 hz, 0.50 ms behind)
[0mq_GtoI = 0.405,-0.706,0.286,0.506 | p_IinG = 5.835,-7.875,-0.872 | dist = 23.08 (meters)
bg = -0.0033,0.0218,0.0781 | ba = -0.0272,0.2116,0.0624
[34m[TIME]: 0.0083 seconds total (120.5 hz, 0.50 ms behind)
[0mq_GtoI = 0.406,-0.707,0.284,0.504 | p_IinG = 5.850,-7.894,-0.879 | dist = 23.10 (meters)
bg = -0.0033,0.0218,0.0781 | ba = -0.0257,0.2114,0.0626
[34m[TIME]: 0.0054 seconds total (186.8 hz, 0.50 ms behind)
[0mq_GtoI = 0.408,-0.709,0.283,0.500 | p_IinG = 5.865,-7.912,-0.887 | dist = 23.13 (meters)
bg = -0.0033,0.0218,0.0782 | ba = -0.0245,0.2112,0.0627
[34m[TIME]: 0.0046 seconds total (215.8 hz, 0.50 ms behind)
[0mq_GtoI = 0.408,-0.713,0.283,0.495 | p_IinG = 5.881,-7.932,-0.895 | dist = 23.16 (meters)
bg = -0.0033,0.0218,0.0782 | ba = -0.0238,0.2111,0.0633
[34m[TIME]: 0.0053 seconds total (187.3 hz, 0.50 ms behind)
[0mq_GtoI = 0.407,-0.718,0.284,0.489 | p_IinG = 5.897,-7.951,-0.902 | dist = 23.18 (meters)
bg = -0.0033,0.0218,0.0782 | ba = -0.0235,0.2110,0.0639
[34m[TIME]: 0.0046 seconds total (219.1 hz, 0.50 ms behind)
[0mq_GtoI = 0.406,-0.721,0.286,0.484 | p_IinG = 5.913,-7.971,-0.906 | dist = 23.21 (meters)
bg = -0.0033,0.0218,0.0782 | ba = -0.0237,0.2105,0.0648
[34m[TIME]: 0.0046 seconds total (215.8 hz, 0.50 ms behind)
[0mq_GtoI = 0.405,-0.722,0.288,0.481 | p_IinG = 5.928,-7.990,-0.908 | dist = 23.23 (meters)
bg = -0.0033,0.0218,0.0782 | ba = -0.0234,0.2101,0.0657
[34m[TIME]: 0.0061 seconds total (163.3 hz, 0.50 ms behind)
[0mq_GtoI = 0.404,-0.723,0.289,0.480 | p_IinG = 5.944,-8.009,-0.906 | dist = 23.26 (meters)
bg = -0.0033,0.0218,0.0782 | ba = -0.0258,0.2101,0.0687
[34m[TIME]: 0.0068 seconds total (146.8 hz, 0.50 ms behind)
[0mq_GtoI = 0.403,-0.723,0.291,0.481 | p_IinG = 5.958,-8.029,-0.904 | dist = 23.28 (meters)
bg = -0.0033,0.0218,0.0782 | ba = -0.0257,0.2098,0.0692
[34m[TIME]: 0.0041 seconds total (243.7 hz, 0.50 ms behind)
[0mq_GtoI = 0.402,-0.723,0.291,0.481 | p_IinG = 5.972,-8.049,-0.902 | dist = 23.31 (meters)
bg = -0.0033,0.0218,0.0782 | ba = -0.0261,0.2095,0.0697
[34m[TIME]: 0.0047 seconds total (210.7 hz, 0.50 ms behind)
[0mq_GtoI = 0.400,-0.723,0.292,0.481 | p_IinG = 5.985,-8.068,-0.900 | dist = 23.33 (meters)
bg = -0.0033,0.0218,0.0782 | ba = -0.0264,0.2092,0.0699
[34m[TIME]: 0.0058 seconds total (173.6 hz, 0.50 ms behind)
[0mq_GtoI = 0.401,-0.724,0.291,0.480 | p_IinG = 5.997,-8.088,-0.898 | dist = 23.35 (meters)
bg = -0.0033,0.0218,0.0782 | ba = -0.0277,0.2089,0.0699
[34m[TIME]: 0.0079 seconds total (126.4 hz, 0.50 ms behind)
[0mq_GtoI = 0.400,-0.724,0.291,0.481 | p_IinG = 6.008,-8.108,-0.898 | dist = 23.38 (meters)
bg = -0.0033,0.0218,0.0782 | ba = -0.0288,0.2085,0.0698
[34m[TIME]: 0.0044 seconds total (229.2 hz, 0.50 ms behind)
[0mq_GtoI = 0.401,-0.723,0.289,0.483 | p_IinG = 6.019,-8.128,-0.899 | dist = 23.40 (meters)
bg = -0.0033,0.0218,0.0782 | ba = -0.0298,0.2082,0.0697
[34m[TIME]: 0.0044 seconds total (225.5 hz, 0.50 ms behind)
[0mq_GtoI = 0.401,-0.722,0.286,0.485 | p_IinG = 6.029,-8.149,-0.903 | dist = 23.42 (meters)
bg = -0.0033,0.0219,0.0782 | ba = -0.0308,0.2080,0.0698
[34m[TIME]: 0.0092 seconds total (108.1 hz, 0.50 ms behind)
[0mq_GtoI = 0.402,-0.722,0.283,0.487 | p_IinG = 6.039,-8.170,-0.908 | dist = 23.45 (meters)
bg = -0.0033,0.0219,0.0782 | ba = -0.0312,0.2078,0.0697
[34m[TIME]: 0.0044 seconds total (225.4 hz, 0.50 ms behind)
[0mq_GtoI = 0.403,-0.722,0.280,0.487 | p_IinG = 6.048,-8.192,-0.915 | dist = 23.47 (meters)
bg = -0.0033,0.0219,0.0782 | ba = -0.0316,0.2076,0.0699
[34m[TIME]: 0.0045 seconds total (219.8 hz, 0.50 ms behind)
[0mq_GtoI = 0.404,-0.723,0.277,0.488 | p_IinG = 6.057,-8.214,-0.923 | dist = 23.49 (meters)
bg = -0.0033,0.0219,0.0782 | ba = -0.0314,0.2072,0.0703
[34m[TIME]: 0.0056 seconds total (177.1 hz, 0.50 ms behind)
[0mq_GtoI = 0.404,-0.723,0.274,0.489 | p_IinG = 6.066,-8.236,-0.932 | dist = 23.52 (meters)
bg = -0.0032,0.0219,0.0782 | ba = -0.0317,0.2074,0.0707
[34m[TIME]: 0.0054 seconds total (186.6 hz, 0.50 ms behind)
[0mq_GtoI = 0.403,-0.723,0.273,0.489 | p_IinG = 6.076,-8.259,-0.941 | dist = 23.55 (meters)
bg = -0.0032,0.0219,0.0782 | ba = -0.0319,0.2073,0.0706
[34m[TIME]: 0.0061 seconds total (163.6 hz, 0.50 ms behind)
[0mq_GtoI = 0.403,-0.723,0.272,0.491 | p_IinG = 6.085,-8.283,-0.952 | dist = 23.57 (meters)
bg = -0.0032,0.0219,0.0782 | ba = -0.0320,0.2075,0.0706
[34m[TIME]: 0.0042 seconds total (239.8 hz, 0.50 ms behind)
[0mq_GtoI = 0.401,-0.722,0.272,0.493 | p_IinG = 6.095,-8.307,-0.963 | dist = 23.60 (meters)
bg = -0.0032,0.0219,0.0782 | ba = -0.0318,0.2081,0.0702
[34m[TIME]: 0.0045 seconds total (222.1 hz, 0.50 ms behind)
[0mq_GtoI = 0.401,-0.722,0.271,0.494 | p_IinG = 6.104,-8.332,-0.975 | dist = 23.63 (meters)
bg = -0.0032,0.0219,0.0782 | ba = -0.0317,0.2086,0.0699
[34m[TIME]: 0.0054 seconds total (186.9 hz, 0.50 ms behind)
[0mq_GtoI = 0.400,-0.723,0.271,0.495 | p_IinG = 6.114,-8.357,-0.987 | dist = 23.66 (meters)
bg = -0.0032,0.0219,0.0782 | ba = -0.0315,0.2091,0.0698
[34m[TIME]: 0.0042 seconds total (236.6 hz, 0.50 ms behind)
[0mq_GtoI = 0.399,-0.723,0.270,0.495 | p_IinG = 6.124,-8.383,-0.999 | dist = 23.69 (meters)
bg = -0.0032,0.0219,0.0782 | ba = -0.0311,0.2094,0.0696
[34m[TIME]: 0.0045 seconds total (223.7 hz, 0.50 ms behind)
[0mq_GtoI = 0.399,-0.723,0.269,0.496 | p_IinG = 6.134,-8.409,-1.012 | dist = 23.72 (meters)
bg = -0.0032,0.0219,0.0782 | ba = -0.0307,0.2098,0.0694
[34m[TIME]: 0.0040 seconds total (251.1 hz, 0.50 ms behind)
[0mq_GtoI = 0.400,-0.722,0.266,0.498 | p_IinG = 6.144,-8.437,-1.024 | dist = 23.75 (meters)
bg = -0.0032,0.0219,0.0782 | ba = -0.0304,0.2101,0.0693
[34m[TIME]: 0.0048 seconds total (209.4 hz, 0.50 ms behind)
[0mq_GtoI = 0.401,-0.720,0.262,0.502 | p_IinG = 6.154,-8.464,-1.036 | dist = 23.78 (meters)
bg = -0.0032,0.0219,0.0782 | ba = -0.0297,0.2102,0.0692
[34m[TIME]: 0.0044 seconds total (225.2 hz, 0.50 ms behind)
[0mq_GtoI = 0.402,-0.717,0.260,0.507 | p_IinG = 6.165,-8.493,-1.048 | dist = 23.82 (meters)
bg = -0.0032,0.0219,0.0782 | ba = -0.0292,0.2102,0.0690
[34m[TIME]: 0.0054 seconds total (185.0 hz, 0.50 ms behind)
[0mq_GtoI = 0.405,-0.714,0.256,0.511 | p_IinG = 6.177,-8.521,-1.058 | dist = 23.85 (meters)
bg = -0.0032,0.0219,0.0782 | ba = -0.0289,0.2099,0.0699
[34m[TIME]: 0.0059 seconds total (170.0 hz, 0.50 ms behind)
[0mq_GtoI = 0.406,-0.710,0.254,0.516 | p_IinG = 6.191,-8.550,-1.067 | dist = 23.88 (meters)
bg = -0.0032,0.0219,0.0782 | ba = -0.0287,0.2098,0.0703
[34m[TIME]: 0.0074 seconds total (134.4 hz, 0.50 ms behind)
[0mq_GtoI = 0.404,-0.709,0.257,0.517 | p_IinG = 6.207,-8.580,-1.073 | dist = 23.92 (meters)
bg = -0.0032,0.0219,0.0782 | ba = -0.0290,0.2094,0.0710
[34m[TIME]: 0.0108 seconds total (92.8 hz, 0.50 ms behind)
[0mq_GtoI = 0.400,-0.710,0.262,0.517 | p_IinG = 6.224,-8.610,-1.077 | dist = 23.95 (meters)
bg = -0.0033,0.0219,0.0782 | ba = -0.0298,0.2086,0.0719
[34m[TIME]: 0.0043 seconds total (233.6 hz, 0.50 ms behind)
[0mq_GtoI = 0.393,-0.711,0.271,0.516 | p_IinG = 6.263,-8.669,-1.081 | dist = 24.02 (meters)
bg = -0.0033,0.0218,0.0782 | ba = -0.0329,0.2068,0.0730
[34m[TIME]: 0.0047 seconds total (214.9 hz, 0.50 ms behind)
[0mq_GtoI = 0.391,-0.712,0.273,0.515 | p_IinG = 6.284,-8.697,-1.081 | dist = 24.06 (meters)
bg = -0.0032,0.0218,0.0782 | ba = -0.0365,0.2051,0.0739
[34m[TIME]: 0.0059 seconds total (169.8 hz, 0.50 ms behind)
[0mq_GtoI = 0.390,-0.712,0.275,0.516 | p_IinG = 6.306,-8.724,-1.081 | dist = 24.10 (meters)
bg = -0.0032,0.0218,0.0782 | ba = -0.0409,0.2035,0.0755
[34m[TIME]: 0.0044 seconds total (226.4 hz, 0.50 ms behind)
[0mq_GtoI = 0.389,-0.712,0.275,0.516 | p_IinG = 6.329,-8.752,-1.083 | dist = 24.13 (meters)
bg = -0.0032,0.0218,0.0782 | ba = -0.0448,0.2027,0.0750
[34m[TIME]: 0.0072 seconds total (138.6 hz, 0.50 ms behind)
[0mq_GtoI = 0.389,-0.712,0.275,0.516 | p_IinG = 6.352,-8.779,-1.086 | dist = 24.17 (meters)
bg = -0.0032,0.0218,0.0782 | ba = -0.0487,0.2024,0.0741
[34m[TIME]: 0.0042 seconds total (238.2 hz, 0.50 ms behind)
[0mq_GtoI = 0.389,-0.713,0.275,0.515 | p_IinG = 6.376,-8.807,-1.091 | dist = 24.21 (meters)
bg = -0.0032,0.0218,0.0782 | ba = -0.0527,0.2022,0.0732
[34m[TIME]: 0.0052 seconds total (191.3 hz, 0.50 ms behind)
[0mq_GtoI = 0.388,-0.712,0.275,0.516 | p_IinG = 6.401,-8.834,-1.096 | dist = 24.24 (meters)
bg = -0.0032,0.0218,0.0782 | ba = -0.0574,0.2017,0.0729
[34m[TIME]: 0.0040 seconds total (247.6 hz, 0.50 ms behind)
[0mq_GtoI = 0.387,-0.711,0.277,0.518 | p_IinG = 6.427,-8.861,-1.102 | dist = 24.28 (meters)
bg = -0.0032,0.0218,0.0782 | ba = -0.0622,0.2012,0.0724
[34m[TIME]: 0.0059 seconds total (170.0 hz, 0.50 ms behind)
[0mq_GtoI = 0.386,-0.709,0.278,0.520 | p_IinG = 6.453,-8.887,-1.109 | dist = 24.32 (meters)
bg = -0.0032,0.0218,0.0782 | ba = -0.0662,0.2009,0.0709
[34m[TIME]: 0.0073 seconds total (137.1 hz, 0.50 ms behind)
[0mq_GtoI = 0.385,-0.707,0.280,0.522 | p_IinG = 6.480,-8.913,-1.117 | dist = 24.36 (meters)
bg = -0.0032,0.0218,0.0782 | ba = -0.0681,0.2010,0.0700
[34m[TIME]: 0.0108 seconds total (92.2 hz, 0.50 ms behind)
[0mq_GtoI = 0.384,-0.704,0.282,0.527 | p_IinG = 6.508,-8.939,-1.125 | dist = 24.39 (meters)
bg = -0.0032,0.0218,0.0782 | ba = -0.0693,0.2014,0.0692
[34m[TIME]: 0.0072 seconds total (139.2 hz, 0.50 ms behind)
[0mq_GtoI = 0.383,-0.701,0.284,0.530 | p_IinG = 6.537,-8.963,-1.132 | dist = 24.43 (meters)
bg = -0.0032,0.0218,0.0782 | ba = -0.0707,0.2016,0.0689
[34m[TIME]: 0.0049 seconds total (202.1 hz, 0.50 ms behind)
[0mq_GtoI = 0.382,-0.698,0.287,0.534 | p_IinG = 6.567,-8.986,-1.138 | dist = 24.47 (meters)
bg = -0.0032,0.0218,0.0783 | ba = -0.0708,0.2016,0.0685
[34m[TIME]: 0.0053 seconds total (188.3 hz, 0.50 ms behind)
[0mq_GtoI = 0.381,-0.697,0.289,0.535 | p_IinG = 6.598,-9.008,-1.143 | dist = 24.51 (meters)
bg = -0.0032,0.0218,0.0783 | ba = -0.0707,0.2019,0.0681
[34m[TIME]: 0.0041 seconds total (242.7 hz, 0.50 ms behind)
[0mq_GtoI = 0.377,-0.699,0.297,0.531 | p_IinG = 6.630,-9.028,-1.146 | dist = 24.55 (meters)
bg = -0.0032,0.0218,0.0783 | ba = -0.0706,0.2020,0.0685
[34m[TIME]: 0.0045 seconds total (221.8 hz, 0.50 ms behind)
[0mq_GtoI = 0.370,-0.703,0.308,0.524 | p_IinG = 6.664,-9.047,-1.148 | dist = 24.59 (meters)
bg = -0.0032,0.0218,0.0783 | ba = -0.0689,0.2026,0.0694
[34m[TIME]: 0.0075 seconds total (132.7 hz, 0.50 ms behind)
[0mq_GtoI = 0.365,-0.710,0.316,0.513 | p_IinG = 6.699,-9.063,-1.149 | dist = 24.62 (meters)
bg = -0.0032,0.0218,0.0783 | ba = -0.0661,0.2031,0.0702
[34m[TIME]: 0.0070 seconds total (143.1 hz, 0.50 ms behind)
[0mq_GtoI = 0.361,-0.715,0.322,0.505 | p_IinG = 6.733,-9.076,-1.149 | dist = 24.66 (meters)
bg = -0.0032,0.0218,0.0783 | ba = -0.0623,0.2033,0.0720
[34m[TIME]: 0.0054 seconds total (185.5 hz, 0.50 ms behind)
[0mq_GtoI = 0.359,-0.719,0.325,0.499 | p_IinG = 6.765,-9.086,-1.146 | dist = 24.69 (meters)
bg = -0.0032,0.0218,0.0783 | ba = -0.0591,0.2035,0.0738
[34m[TIME]: 0.0041 seconds total (246.9 hz, 0.50 ms behind)
[0mq_GtoI = 0.358,-0.722,0.327,0.494 | p_IinG = 6.797,-9.093,-1.143 | dist = 24.73 (meters)
bg = -0.0032,0.0218,0.0783 | ba = -0.0556,0.2034,0.0760
[34m[TIME]: 0.0043 seconds total (234.3 hz, 0.50 ms behind)
[0mq_GtoI = 0.358,-0.724,0.330,0.489 | p_IinG = 6.827,-9.097,-1.138 | dist = 24.76 (meters)
bg = -0.0032,0.0218,0.0783 | ba = -0.0520,0.2028,0.0789
[34m[TIME]: 0.0062 seconds total (162.3 hz, 0.50 ms behind)
[0mq_GtoI = 0.357,-0.723,0.335,0.488 | p_IinG = 6.856,-9.096,-1.133 | dist = 24.78 (meters)
bg = -0.0032,0.0217,0.0783 | ba = -0.0462,0.2013,0.0831
[34m[TIME]: 0.0071 seconds total (140.9 hz, 0.50 ms behind)
[0mq_GtoI = 0.353,-0.721,0.344,0.486 | p_IinG = 6.882,-9.094,-1.126 | dist = 24.81 (meters)
bg = -0.0032,0.0217,0.0783 | ba = -0.0429,0.2003,0.0860
[34m[TIME]: 0.0095 seconds total (104.8 hz, 0.50 ms behind)
[0mq_GtoI = 0.350,-0.719,0.353,0.485 | p_IinG = 6.907,-9.090,-1.120 | dist = 24.84 (meters)
bg = -0.0032,0.0217,0.0783 | ba = -0.0397,0.1993,0.0882
[34m[TIME]: 0.0045 seconds total (223.1 hz, 0.50 ms behind)
[0mq_GtoI = 0.348,-0.718,0.360,0.483 | p_IinG = 6.928,-9.082,-1.116 | dist = 24.86 (meters)
bg = -0.0032,0.0217,0.0783 | ba = -0.0369,0.1983,0.0902
[34m[TIME]: 0.0043 seconds total (234.6 hz, 0.50 ms behind)
[0mq_GtoI = 0.348,-0.717,0.366,0.480 | p_IinG = 6.948,-9.072,-1.113 | dist = 24.88 (meters)
bg = -0.0032,0.0217,0.0783 | ba = -0.0343,0.1971,0.0919
[34m[TIME]: 0.0042 seconds total (239.2 hz, 0.50 ms behind)
[0mq_GtoI = 0.351,-0.717,0.370,0.476 | p_IinG = 6.964,-9.058,-1.112 | dist = 24.90 (meters)
bg = -0.0032,0.0217,0.0783 | ba = -0.0318,0.1958,0.0937
[34m[TIME]: 0.0044 seconds total (225.0 hz, 0.50 ms behind)
[0mq_GtoI = 0.354,-0.716,0.376,0.470 | p_IinG = 6.980,-9.040,-1.113 | dist = 24.92 (meters)
bg = -0.0032,0.0217,0.0783 | ba = -0.0277,0.1939,0.0957
[34m[TIME]: 0.0071 seconds total (141.8 hz, 0.50 ms behind)
[0mq_GtoI = 0.358,-0.715,0.381,0.465 | p_IinG = 6.990,-9.019,-1.110 | dist = 24.94 (meters)
bg = -0.0032,0.0217,0.0783 | ba = -0.0268,0.1934,0.0969
[34m[TIME]: 0.0042 seconds total (237.2 hz, 0.50 ms behind)
[0mq_GtoI = 0.364,-0.712,0.386,0.460 | p_IinG = 6.996,-8.994,-1.105 | dist = 24.96 (meters)
bg = -0.0032,0.0217,0.0783 | ba = -0.0262,0.1926,0.0980
[34m[TIME]: 0.0053 seconds total (190.4 hz, 0.50 ms behind)
[0mq_GtoI = 0.371,-0.709,0.391,0.455 | p_IinG = 6.998,-8.966,-1.099 | dist = 24.99 (meters)
bg = -0.0032,0.0216,0.0783 | ba = -0.0249,0.1914,0.0990
[34m[TIME]: 0.0072 seconds total (138.8 hz, 0.50 ms behind)
[0mq_GtoI = 0.379,-0.704,0.396,0.451 | p_IinG = 6.996,-8.934,-1.091 | dist = 25.02 (meters)
bg = -0.0032,0.0216,0.0783 | ba = -0.0236,0.1902,0.1000
[34m[TIME]: 0.0042 seconds total (236.0 hz, 0.50 ms behind)
[0mq_GtoI = 0.387,-0.699,0.401,0.448 | p_IinG = 6.990,-8.899,-1.081 | dist = 25.06 (meters)
bg = -0.0032,0.0216,0.0783 | ba = -0.0228,0.1894,0.1008
[34m[TIME]: 0.0046 seconds total (217.6 hz, 0.50 ms behind)
[0mq_GtoI = 0.396,-0.694,0.406,0.444 | p_IinG = 6.980,-8.862,-1.070 | dist = 25.10 (meters)
bg = -0.0032,0.0216,0.0783 | ba = -0.0205,0.1871,0.1015
[34m[TIME]: 0.0060 seconds total (166.5 hz, 0.50 ms behind)
[0mq_GtoI = 0.403,-0.689,0.414,0.438 | p_IinG = 6.966,-8.822,-1.060 | dist = 25.14 (meters)
bg = -0.0032,0.0216,0.0783 | ba = -0.0198,0.1867,0.1022
[34m[TIME]: 0.0047 seconds total (211.3 hz, 0.50 ms behind)
[0mq_GtoI = 0.410,-0.683,0.423,0.431 | p_IinG = 6.950,-8.779,-1.050 | dist = 25.19 (meters)
bg = -0.0031,0.0216,0.0783 | ba = -0.0191,0.1865,0.1028
[34m[TIME]: 0.0080 seconds total (125.8 hz, 0.50 ms behind)
[0mq_GtoI = 0.416,-0.677,0.433,0.424 | p_IinG = 6.929,-8.733,-1.041 | dist = 25.24 (meters)
bg = -0.0031,0.0216,0.0783 | ba = -0.0184,0.1865,0.1032
[34m[TIME]: 0.0062 seconds total (160.1 hz, 0.50 ms behind)
[0mq_GtoI = 0.422,-0.670,0.446,0.417 | p_IinG = 6.905,-8.684,-1.031 | dist = 25.29 (meters)
bg = -0.0031,0.0216,0.0783 | ba = -0.0183,0.1869,0.1035
[34m[TIME]: 0.0049 seconds total (202.3 hz, 0.50 ms behind)
[0mq_GtoI = 0.431,-0.662,0.456,0.411 | p_IinG = 6.875,-8.631,-1.020 | dist = 25.35 (meters)
bg = -0.0031,0.0216,0.0783 | ba = -0.0180,0.1871,0.1034
[34m[TIME]: 0.0049 seconds total (202.1 hz, 0.50 ms behind)
[0mq_GtoI = 0.441,-0.652,0.464,0.406 | p_IinG = 6.841,-8.575,-1.006 | dist = 25.42 (meters)
bg = -0.0031,0.0216,0.0783 | ba = -0.0176,0.1880,0.1032
[34m[TIME]: 0.0069 seconds total (145.2 hz, 0.50 ms behind)
[0mq_GtoI = 0.455,-0.641,0.468,0.403 | p_IinG = 6.801,-8.516,-0.989 | dist = 25.50 (meters)
bg = -0.0031,0.0216,0.0783 | ba = -0.0169,0.1878,0.1024
[34m[TIME]: 0.0044 seconds total (225.3 hz, 0.50 ms behind)
[0mq_GtoI = 0.469,-0.632,0.471,0.399 | p_IinG = 6.756,-8.454,-0.971 | dist = 25.58 (meters)
bg = -0.0031,0.0216,0.0784 | ba = -0.0158,0.1865,0.1010
[34m[TIME]: 0.0061 seconds total (163.6 hz, 0.50 ms behind)
[0mq_GtoI = 0.483,-0.623,0.472,0.395 | p_IinG = 6.706,-8.388,-0.951 | dist = 25.66 (meters)
bg = -0.0031,0.0216,0.0784 | ba = -0.0152,0.1864,0.1003
[34m[TIME]: 0.0042 seconds total (236.1 hz, 0.50 ms behind)
[0mq_GtoI = 0.497,-0.616,0.469,0.392 | p_IinG = 6.651,-8.319,-0.931 | dist = 25.75 (meters)
bg = -0.0031,0.0216,0.0784 | ba = -0.0136,0.1855,0.1000
[34m[TIME]: 0.0050 seconds total (199.8 hz, 0.50 ms behind)
[0mq_GtoI = 0.514,-0.609,0.461,0.390 | p_IinG = 6.592,-8.248,-0.910 | dist = 25.85 (meters)
bg = -0.0031,0.0216,0.0784 | ba = -0.0124,0.1855,0.0992
[34m[TIME]: 0.0057 seconds total (176.8 hz, 0.50 ms behind)
[0mq_GtoI = 0.551,-0.593,0.437,0.393 | p_IinG = 6.464,-8.102,-0.870 | dist = 26.05 (meters)
bg = -0.0031,0.0215,0.0784 | ba = -0.0108,0.1860,0.0977
[34m[TIME]: 0.0121 seconds total (82.3 hz, 0.50 ms behind)
[0mq_GtoI = 0.567,-0.585,0.427,0.392 | p_IinG = 6.399,-8.028,-0.851 | dist = 26.15 (meters)
bg = -0.0031,0.0215,0.0784 | ba = -0.0102,0.1865,0.0964
[34m[TIME]: 0.0045 seconds total (222.6 hz, 0.50 ms behind)
[0mq_GtoI = 0.581,-0.580,0.419,0.387 | p_IinG = 6.334,-7.956,-0.833 | dist = 26.25 (meters)
bg = -0.0031,0.0215,0.0784 | ba = -0.0117,0.1858,0.0942
[34m[TIME]: 0.0087 seconds total (114.9 hz, 0.50 ms behind)
[0mq_GtoI = 0.593,-0.576,0.414,0.381 | p_IinG = 6.269,-7.883,-0.818 | dist = 26.35 (meters)
bg = -0.0031,0.0215,0.0784 | ba = -0.0117,0.1863,0.0928
[34m[TIME]: 0.0043 seconds total (233.0 hz, 0.50 ms behind)
[0mq_GtoI = 0.602,-0.574,0.409,0.375 | p_IinG = 6.204,-7.813,-0.804 | dist = 26.45 (meters)
bg = -0.0031,0.0215,0.0784 | ba = -0.0118,0.1865,0.0917
[34m[TIME]: 0.0082 seconds total (122.2 hz, 0.50 ms behind)
[0mq_GtoI = 0.610,-0.573,0.404,0.369 | p_IinG = 6.140,-7.743,-0.792 | dist = 26.54 (meters)
bg = -0.0031,0.0215,0.0784 | ba = -0.0123,0.1870,0.0898
[34m[TIME]: 0.0041 seconds total (242.7 hz, 0.50 ms behind)
[0mq_GtoI = 0.616,-0.572,0.401,0.364 | p_IinG = 6.076,-7.677,-0.780 | dist = 26.64 (meters)
bg = -0.0030,0.0215,0.0784 | ba = -0.0133,0.1866,0.0881
[34m[TIME]: 0.0060 seconds total (166.4 hz, 0.50 ms behind)
[0mq_GtoI = 0.620,-0.572,0.398,0.360 | p_IinG = 6.013,-7.613,-0.769 | dist = 26.73 (meters)
bg = -0.0030,0.0215,0.0784 | ba = -0.0147,0.1859,0.0869
[34m[TIME]: 0.0044 seconds total (228.8 hz, 0.50 ms behind)
[0mq_GtoI = 0.625,-0.572,0.394,0.358 | p_IinG = 5.950,-7.551,-0.760 | dist = 26.82 (meters)
bg = -0.0030,0.0215,0.0784 | ba = -0.0160,0.1855,0.0856
[34m[TIME]: 0.0079 seconds total (125.8 hz, 0.50 ms behind)
[0mq_GtoI = 0.628,-0.573,0.390,0.354 | p_IinG = 5.889,-7.494,-0.749 | dist = 26.91 (meters)
bg = -0.0030,0.0215,0.0784 | ba = -0.0181,0.1839,0.0848
[34m[TIME]: 0.0075 seconds total (132.7 hz, 0.50 ms behind)
[0mq_GtoI = 0.631,-0.575,0.385,0.351 | p_IinG = 5.828,-7.440,-0.738 | dist = 26.99 (meters)
bg = -0.0030,0.0215,0.0784 | ba = -0.0212,0.1818,0.0842
[34m[TIME]: 0.0057 seconds total (176.7 hz, 0.50 ms behind)
[0mq_GtoI = 0.635,-0.576,0.378,0.349 | p_IinG = 5.769,-7.390,-0.724 | dist = 27.07 (meters)
bg = -0.0030,0.0215,0.0784 | ba = -0.0238,0.1796,0.0842
[34m[TIME]: 0.0048 seconds total (210.4 hz, 0.50 ms behind)
[0mq_GtoI = 0.639,-0.578,0.371,0.347 | p_IinG = 5.711,-7.345,-0.707 | dist = 27.15 (meters)
bg = -0.0030,0.0215,0.0784 | ba = -0.0271,0.1761,0.0843
[34m[TIME]: 0.0059 seconds total (169.0 hz, 0.50 ms behind)
[0mq_GtoI = 0.642,-0.577,0.364,0.350 | p_IinG = 5.655,-7.309,-0.687 | dist = 27.22 (meters)
bg = -0.0029,0.0215,0.0784 | ba = -0.0326,0.1654,0.0827
[34m[TIME]: 0.0085 seconds total (117.5 hz, 0.50 ms behind)
[0mq_GtoI = 0.645,-0.573,0.359,0.356 | p_IinG = 5.600,-7.274,-0.666 | dist = 27.29 (meters)
bg = -0.0029,0.0215,0.0784 | ba = -0.0353,0.1628,0.0822
[34m[TIME]: 0.0074 seconds total (135.1 hz, 0.50 ms behind)
[0mq_GtoI = 0.646,-0.570,0.356,0.362 | p_IinG = 5.547,-7.241,-0.643 | dist = 27.35 (meters)
bg = -0.0029,0.0215,0.0784 | ba = -0.0368,0.1613,0.0829
[34m[TIME]: 0.0058 seconds total (173.7 hz, 0.50 ms behind)
[0mq_GtoI = 0.647,-0.568,0.353,0.366 | p_IinG = 5.497,-7.213,-0.618 | dist = 27.41 (meters)
bg = -0.0029,0.0215,0.0784 | ba = -0.0384,0.1591,0.0848
[34m[TIME]: 0.0052 seconds total (192.9 hz, 0.50 ms behind)
[0mq_GtoI = 0.647,-0.567,0.351,0.369 | p_IinG = 5.450,-7.189,-0.594 | dist = 27.47 (meters)
bg = -0.0029,0.0215,0.0784 | ba = -0.0400,0.1573,0.0869
[34m[TIME]: 0.0046 seconds total (218.7 hz, 0.50 ms behind)
[0mq_GtoI = 0.647,-0.565,0.350,0.374 | p_IinG = 5.406,-7.169,-0.571 | dist = 27.53 (meters)
bg = -0.0029,0.0215,0.0784 | ba = -0.0412,0.1555,0.0887
[34m[TIME]: 0.0048 seconds total (207.6 hz, 0.50 ms behind)
[0mq_GtoI = 0.647,-0.560,0.349,0.381 | p_IinG = 5.365,-7.153,-0.549 | dist = 27.57 (meters)
bg = -0.0029,0.0215,0.0785 | ba = -0.0429,0.1531,0.0896
[34m[TIME]: 0.0048 seconds total (208.7 hz, 0.50 ms behind)
[0mq_GtoI = 0.647,-0.554,0.349,0.390 | p_IinG = 5.327,-7.140,-0.529 | dist = 27.62 (meters)
bg = -0.0029,0.0215,0.0785 | ba = -0.0444,0.1513,0.0912
[34m[TIME]: 0.0046 seconds total (215.7 hz, 0.50 ms behind)
[0mq_GtoI = 0.645,-0.548,0.354,0.399 | p_IinG = 5.293,-7.131,-0.512 | dist = 27.66 (meters)
bg = -0.0029,0.0215,0.0785 | ba = -0.0470,0.1480,0.0923
[34m[TIME]: 0.0065 seconds total (154.0 hz, 0.50 ms behind)
[0mq_GtoI = 0.637,-0.545,0.365,0.405 | p_IinG = 5.262,-7.122,-0.499 | dist = 27.69 (meters)
bg = -0.0029,0.0215,0.0785 | ba = -0.0479,0.1469,0.0935
[34m[TIME]: 0.0046 seconds total (215.7 hz, 0.50 ms behind)
[0mq_GtoI = 0.628,-0.543,0.379,0.409 | p_IinG = 5.234,-7.113,-0.490 | dist = 27.72 (meters)
bg = -0.0029,0.0215,0.0785 | ba = -0.0483,0.1464,0.0956
[34m[TIME]: 0.0065 seconds total (153.6 hz, 0.50 ms behind)
[0mq_GtoI = 0.620,-0.542,0.392,0.410 | p_IinG = 5.208,-7.108,-0.487 | dist = 27.75 (meters)
bg = -0.0029,0.0215,0.0785 | ba = -0.0491,0.1436,0.0964
[34m[TIME]: 0.0055 seconds total (181.6 hz, 0.50 ms behind)
[0mq_GtoI = 0.613,-0.543,0.402,0.410 | p_IinG = 5.184,-7.103,-0.488 | dist = 27.77 (meters)
bg = -0.0029,0.0215,0.0785 | ba = -0.0491,0.1410,0.0961
[34m[TIME]: 0.0076 seconds total (131.3 hz, 0.50 ms behind)
[0mq_GtoI = 0.609,-0.545,0.408,0.407 | p_IinG = 5.162,-7.099,-0.496 | dist = 27.79 (meters)
bg = -0.0029,0.0215,0.0785 | ba = -0.0489,0.1380,0.0952
[34m[TIME]: 0.0091 seconds total (110.2 hz, 0.50 ms behind)
[0mq_GtoI = 0.609,-0.550,0.409,0.400 | p_IinG = 5.141,-7.093,-0.508 | dist = 27.82 (meters)
bg = -0.0029,0.0215,0.0785 | ba = -0.0487,0.1373,0.0954
[34m[TIME]: 0.0077 seconds total (130.0 hz, 0.50 ms behind)
[0mq_GtoI = 0.610,-0.553,0.408,0.393 | p_IinG = 5.122,-7.086,-0.522 | dist = 27.84 (meters)
bg = -0.0029,0.0215,0.0785 | ba = -0.0488,0.1366,0.0961
[34m[TIME]: 0.0043 seconds total (230.2 hz, 0.50 ms behind)
[0mq_GtoI = 0.613,-0.552,0.408,0.390 | p_IinG = 5.104,-7.080,-0.535 | dist = 27.87 (meters)
bg = -0.0029,0.0215,0.0785 | ba = -0.0482,0.1362,0.0965
[34m[TIME]: 0.0044 seconds total (227.4 hz, 0.50 ms behind)
[0mq_GtoI = 0.617,-0.549,0.410,0.386 | p_IinG = 5.087,-7.075,-0.546 | dist = 27.89 (meters)
bg = -0.0029,0.0215,0.0785 | ba = -0.0480,0.1352,0.0965
[34m[TIME]: 0.0045 seconds total (224.5 hz, 0.50 ms behind)
[0mq_GtoI = 0.622,-0.545,0.412,0.383 | p_IinG = 5.072,-7.070,-0.555 | dist = 27.90 (meters)
bg = -0.0029,0.0215,0.0785 | ba = -0.0479,0.1341,0.0968
[34m[TIME]: 0.0083 seconds total (120.0 hz, 0.50 ms behind)
[0mq_GtoI = 0.628,-0.539,0.414,0.380 | p_IinG = 5.058,-7.066,-0.563 | dist = 27.92 (meters)
bg = -0.0029,0.0215,0.0785 | ba = -0.0478,0.1328,0.0969
[34m[TIME]: 0.0094 seconds total (106.8 hz, 0.50 ms behind)
[0mq_GtoI = 0.634,-0.533,0.415,0.377 | p_IinG = 5.046,-7.063,-0.569 | dist = 27.93 (meters)
bg = -0.0029,0.0215,0.0785 | ba = -0.0472,0.1319,0.0962
[34m[TIME]: 0.0063 seconds total (158.1 hz, 0.50 ms behind)
[0mq_GtoI = 0.640,-0.528,0.416,0.373 | p_IinG = 5.035,-7.061,-0.574 | dist = 27.94 (meters)
bg = -0.0029,0.0215,0.0785 | ba = -0.0460,0.1306,0.0952
[34m[TIME]: 0.0118 seconds total (84.7 hz, 0.50 ms behind)
[0mq_GtoI = 0.646,-0.526,0.414,0.366 | p_IinG = 5.025,-7.060,-0.575 | dist = 27.95 (meters)
bg = -0.0029,0.0215,0.0785 | ba = -0.0450,0.1299,0.0954
[34m[TIME]: 0.0051 seconds total (195.0 hz, 0.50 ms behind)
[0mq_GtoI = 0.653,-0.525,0.411,0.359 | p_IinG = 5.016,-7.058,-0.576 | dist = 27.96 (meters)
bg = -0.0029,0.0215,0.0785 | ba = -0.0428,0.1299,0.0956
[34m[TIME]: 0.0055 seconds total (181.8 hz, 0.50 ms behind)
[0mq_GtoI = 0.660,-0.523,0.407,0.353 | p_IinG = 5.009,-7.058,-0.575 | dist = 27.97 (meters)
bg = -0.0029,0.0215,0.0785 | ba = -0.0412,0.1296,0.0966
[34m[TIME]: 0.0067 seconds total (149.6 hz, 0.50 ms behind)
[0mq_GtoI = 0.665,-0.523,0.404,0.347 | p_IinG = 5.004,-7.060,-0.573 | dist = 27.97 (meters)
bg = -0.0029,0.0215,0.0785 | ba = -0.0382,0.1295,0.0956
[34m[TIME]: 0.0101 seconds total (99.0 hz, 0.50 ms behind)
[0mq_GtoI = 0.669,-0.522,0.402,0.344 | p_IinG = 5.001,-7.063,-0.569 | dist = 27.98 (meters)
bg = -0.0029,0.0215,0.0785 | ba = -0.0363,0.1298,0.0955
[34m[TIME]: 0.0046 seconds total (218.3 hz, 0.50 ms behind)
[0mq_GtoI = 0.671,-0.520,0.402,0.342 | p_IinG = 4.999,-7.070,-0.565 | dist = 27.99 (meters)
bg = -0.0029,0.0215,0.0785 | ba = -0.0339,0.1299,0.0951
[34m[TIME]: 0.0046 seconds total (218.8 hz, 0.50 ms behind)
[0mq_GtoI = 0.672,-0.519,0.404,0.341 | p_IinG = 4.999,-7.078,-0.562 | dist = 28.00 (meters)
bg = -0.0029,0.0215,0.0785 | ba = -0.0311,0.1302,0.0946
[34m[TIME]: 0.0049 seconds total (202.1 hz, 0.50 ms behind)
[0mq_GtoI = 0.673,-0.517,0.405,0.341 | p_IinG = 5.001,-7.089,-0.561 | dist = 28.01 (meters)
bg = -0.0029,0.0215,0.0785 | ba = -0.0284,0.1306,0.0939
[34m[TIME]: 0.0047 seconds total (213.0 hz, 0.50 ms behind)
[0mq_GtoI = 0.672,-0.514,0.409,0.342 | p_IinG = 5.005,-7.102,-0.565 | dist = 28.02 (meters)
bg = -0.0029,0.0215,0.0785 | ba = -0.0218,0.1316,0.0897
[34m[TIME]: 0.0076 seconds total (131.9 hz, 0.50 ms behind)
[0mq_GtoI = 0.670,-0.511,0.413,0.346 | p_IinG = 5.010,-7.116,-0.565 | dist = 28.04 (meters)
bg = -0.0029,0.0215,0.0785 | ba = -0.0209,0.1318,0.0893
[34m[TIME]: 0.0086 seconds total (116.5 hz, 0.50 ms behind)
[0mq_GtoI = 0.667,-0.507,0.419,0.349 | p_IinG = 5.018,-7.132,-0.566 | dist = 28.06 (meters)
bg = -0.0029,0.0215,0.0785 | ba = -0.0202,0.1320,0.0889
[34m[TIME]: 0.0048 seconds total (207.6 hz, 0.50 ms behind)
[0mq_GtoI = 0.665,-0.504,0.424,0.353 | p_IinG = 5.027,-7.150,-0.567 | dist = 28.08 (meters)
bg = -0.0029,0.0215,0.0785 | ba = -0.0195,0.1321,0.0885
[34m[TIME]: 0.0047 seconds total (211.6 hz, 0.50 ms behind)
[0mq_GtoI = 0.662,-0.500,0.430,0.358 | p_IinG = 5.037,-7.168,-0.568 | dist = 28.10 (meters)
bg = -0.0029,0.0215,0.0785 | ba = -0.0187,0.1323,0.0878
[34m[TIME]: 0.0046 seconds total (215.1 hz, 0.50 ms behind)
[0mq_GtoI = 0.659,-0.497,0.435,0.360 | p_IinG = 5.049,-7.185,-0.569 | dist = 28.12 (meters)
bg = -0.0029,0.0215,0.0785 | ba = -0.0180,0.1321,0.0867
[34m[TIME]: 0.0046 seconds total (219.2 hz, 0.50 ms behind)
[0mq_GtoI = 0.658,-0.495,0.437,0.362 | p_IinG = 5.062,-7.202,-0.570 | dist = 28.14 (meters)
bg = -0.0029,0.0215,0.0785 | ba = -0.0172,0.1320,0.0855
[34m[TIME]: 0.0054 seconds total (185.3 hz, 0.50 ms behind)
[0mq_GtoI = 0.659,-0.494,0.436,0.363 | p_IinG = 5.077,-7.220,-0.570 | dist = 28.16 (meters)
bg = -0.0029,0.0215,0.0785 | ba = -0.0168,0.1320,0.0835
[34m[TIME]: 0.0047 seconds total (211.8 hz, 0.50 ms behind)
[0mq_GtoI = 0.659,-0.494,0.436,0.363 | p_IinG = 5.093,-7.237,-0.569 | dist = 28.18 (meters)
bg = -0.0029,0.0215,0.0785 | ba = -0.0158,0.1324,0.0821
[34m[TIME]: 0.0045 seconds total (224.1 hz, 0.50 ms behind)
[0mq_GtoI = 0.659,-0.495,0.436,0.362 | p_IinG = 5.111,-7.255,-0.568 | dist = 28.20 (meters)
bg = -0.0029,0.0215,0.0785 | ba = -0.0156,0.1323,0.0809
[34m[TIME]: 0.0043 seconds total (234.1 hz, 0.50 ms behind)
[0mq_GtoI = 0.659,-0.495,0.436,0.361 | p_IinG = 5.130,-7.273,-0.568 | dist = 28.23 (meters)
bg = -0.0029,0.0215,0.0785 | ba = -0.0152,0.1322,0.0797
[34m[TIME]: 0.0043 seconds total (234.7 hz, 0.50 ms behind)
[0mq_GtoI = 0.659,-0.496,0.436,0.360 | p_IinG = 5.151,-7.292,-0.571 | dist = 28.26 (meters)
bg = -0.0029,0.0215,0.0785 | ba = -0.0145,0.1321,0.0771
[34m[TIME]: 0.0052 seconds total (193.6 hz, 0.50 ms behind)
[0mq_GtoI = 0.658,-0.496,0.438,0.360 | p_IinG = 5.172,-7.311,-0.574 | dist = 28.28 (meters)
bg = -0.0029,0.0216,0.0785 | ba = -0.0138,0.1302,0.0756
[34m[TIME]: 0.0067 seconds total (150.0 hz, 0.50 ms behind)
[0mq_GtoI = 0.656,-0.496,0.440,0.360 | p_IinG = 5.194,-7.329,-0.579 | dist = 28.31 (meters)
bg = -0.0029,0.0216,0.0785 | ba = -0.0136,0.1299,0.0751
[34m[TIME]: 0.0044 seconds total (227.7 hz, 0.50 ms behind)
[0mq_GtoI = 0.654,-0.498,0.444,0.358 | p_IinG = 5.218,-7.347,-0.586 | dist = 28.34 (meters)
bg = -0.0029,0.0216,0.0785 | ba = -0.0138,0.1294,0.0746
[34m[TIME]: 0.0052 seconds total (190.6 hz, 0.50 ms behind)
[0mq_GtoI = 0.650,-0.501,0.448,0.354 | p_IinG = 5.242,-7.364,-0.594 | dist = 28.37 (meters)
bg = -0.0029,0.0216,0.0785 | ba = -0.0143,0.1288,0.0740
[34m[TIME]: 0.0056 seconds total (179.5 hz, 0.50 ms behind)
[0mq_GtoI = 0.648,-0.503,0.452,0.349 | p_IinG = 5.267,-7.380,-0.605 | dist = 28.40 (meters)
bg = -0.0029,0.0216,0.0785 | ba = -0.0149,0.1282,0.0735
[34m[TIME]: 0.0071 seconds total (141.7 hz, 0.50 ms behind)
[0mq_GtoI = 0.647,-0.505,0.457,0.343 | p_IinG = 5.293,-7.397,-0.616 | dist = 28.44 (meters)
bg = -0.0029,0.0216,0.0785 | ba = -0.0161,0.1276,0.0729
[34m[TIME]: 0.0060 seconds total (165.5 hz, 0.50 ms behind)
[0mq_GtoI = 0.646,-0.504,0.463,0.338 | p_IinG = 5.319,-7.413,-0.629 | dist = 28.47 (meters)
bg = -0.0029,0.0216,0.0785 | ba = -0.0178,0.1269,0.0725
[34m[TIME]: 0.0060 seconds total (166.3 hz, 0.50 ms behind)
[0mq_GtoI = 0.647,-0.502,0.468,0.333 | p_IinG = 5.344,-7.430,-0.643 | dist = 28.50 (meters)
bg = -0.0029,0.0216,0.0785 | ba = -0.0189,0.1264,0.0723
[34m[TIME]: 0.0056 seconds total (178.3 hz, 0.50 ms behind)
[0mq_GtoI = 0.649,-0.499,0.471,0.329 | p_IinG = 5.368,-7.446,-0.659 | dist = 28.54 (meters)
bg = -0.0029,0.0216,0.0785 | ba = -0.0204,0.1258,0.0721
[34m[TIME]: 0.0049 seconds total (203.5 hz, 0.50 ms behind)
[0mq_GtoI = 0.651,-0.495,0.474,0.327 | p_IinG = 5.391,-7.462,-0.676 | dist = 28.57 (meters)
bg = -0.0029,0.0216,0.0785 | ba = -0.0217,0.1252,0.0719
[34m[TIME]: 0.0046 seconds total (217.2 hz, 0.50 ms behind)
[0mq_GtoI = 0.653,-0.490,0.476,0.326 | p_IinG = 5.414,-7.479,-0.693 | dist = 28.60 (meters)
bg = -0.0029,0.0216,0.0785 | ba = -0.0229,0.1243,0.0714
[34m[TIME]: 0.0049 seconds total (202.3 hz, 0.50 ms behind)
[0mq_GtoI = 0.656,-0.488,0.477,0.323 | p_IinG = 5.435,-7.496,-0.712 | dist = 28.63 (meters)
bg = -0.0029,0.0216,0.0785 | ba = -0.0240,0.1236,0.0710
[34m[TIME]: 0.0047 seconds total (213.1 hz, 0.50 ms behind)
[0mq_GtoI = 0.660,-0.488,0.475,0.318 | p_IinG = 5.455,-7.513,-0.732 | dist = 28.67 (meters)
bg = -0.0029,0.0216,0.0785 | ba = -0.0254,0.1225,0.0696
[34m[TIME]: 0.0060 seconds total (166.1 hz, 0.50 ms behind)
[0mq_GtoI = 0.665,-0.488,0.471,0.312 | p_IinG = 5.474,-7.530,-0.752 | dist = 28.70 (meters)
bg = -0.0029,0.0216,0.0785 | ba = -0.0254,0.1219,0.0693
[34m[TIME]: 0.0043 seconds total (230.1 hz, 0.50 ms behind)
[0mq_GtoI = 0.670,-0.490,0.467,0.306 | p_IinG = 5.492,-7.548,-0.771 | dist = 28.73 (meters)
bg = -0.0029,0.0216,0.0785 | ba = -0.0263,0.1215,0.0692
[34m[TIME]: 0.0054 seconds total (184.8 hz, 0.50 ms behind)
[0mq_GtoI = 0.674,-0.491,0.463,0.301 | p_IinG = 5.509,-7.566,-0.788 | dist = 28.76 (meters)
bg = -0.0029,0.0217,0.0785 | ba = -0.0255,0.1210,0.0683
[34m[TIME]: 0.0062 seconds total (160.1 hz, 0.50 ms behind)
[0mq_GtoI = 0.678,-0.492,0.458,0.297 | p_IinG = 5.526,-7.587,-0.803 | dist = 28.79 (meters)
bg = -0.0029,0.0217,0.0785 | ba = -0.0250,0.1204,0.0669
[34m[TIME]: 0.0095 seconds total (105.8 hz, 0.50 ms behind)
[0mq_GtoI = 0.681,-0.493,0.455,0.294 | p_IinG = 5.543,-7.609,-0.816 | dist = 28.82 (meters)
bg = -0.0029,0.0217,0.0785 | ba = -0.0246,0.1200,0.0665
[34m[TIME]: 0.0043 seconds total (234.7 hz, 0.50 ms behind)
[0mq_GtoI = 0.684,-0.493,0.451,0.292 | p_IinG = 5.559,-7.632,-0.826 | dist = 28.85 (meters)
bg = -0.0029,0.0217,0.0785 | ba = -0.0242,0.1200,0.0664
[34m[TIME]: 0.0058 seconds total (173.6 hz, 0.50 ms behind)
[0mq_GtoI = 0.687,-0.491,0.447,0.294 | p_IinG = 5.575,-7.659,-0.834 | dist = 28.88 (meters)
bg = -0.0029,0.0217,0.0785 | ba = -0.0232,0.1200,0.0656
[34m[TIME]: 0.0048 seconds total (206.5 hz, 0.50 ms behind)
[0mq_GtoI = 0.691,-0.488,0.442,0.298 | p_IinG = 5.591,-7.687,-0.839 | dist = 28.91 (meters)
bg = -0.0029,0.0217,0.0785 | ba = -0.0224,0.1201,0.0647
[34m[TIME]: 0.0043 seconds total (231.2 hz, 0.50 ms behind)
[0mq_GtoI = 0.694,-0.483,0.438,0.304 | p_IinG = 5.609,-7.718,-0.842 | dist = 28.95 (meters)
bg = -0.0029,0.0217,0.0785 | ba = -0.0217,0.1204,0.0637
[34m[TIME]: 0.0043 seconds total (231.2 hz, 0.50 ms behind)
[0mq_GtoI = 0.696,-0.480,0.435,0.310 | p_IinG = 5.628,-7.752,-0.843 | dist = 28.99 (meters)
bg = -0.0029,0.0217,0.0785 | ba = -0.0211,0.1210,0.0630
[34m[TIME]: 0.0049 seconds total (203.1 hz, 0.50 ms behind)
[0mq_GtoI = 0.698,-0.477,0.433,0.315 | p_IinG = 5.648,-7.788,-0.843 | dist = 29.03 (meters)
bg = -0.0029,0.0217,0.0786 | ba = -0.0202,0.1215,0.0627
[34m[TIME]: 0.0046 seconds total (216.6 hz, 0.50 ms behind)
[0mq_GtoI = 0.697,-0.472,0.435,0.320 | p_IinG = 5.670,-7.825,-0.841 | dist = 29.07 (meters)
bg = -0.0029,0.0217,0.0786 | ba = -0.0189,0.1219,0.0625
[34m[TIME]: 0.0058 seconds total (171.4 hz, 0.50 ms behind)
[0mq_GtoI = 0.695,-0.467,0.440,0.325 | p_IinG = 5.694,-7.863,-0.838 | dist = 29.12 (meters)
bg = -0.0029,0.0217,0.0786 | ba = -0.0182,0.1222,0.0627
[34m[TIME]: 0.0045 seconds total (223.8 hz, 0.50 ms behind)
[0mq_GtoI = 0.693,-0.461,0.446,0.328 | p_IinG = 5.720,-7.902,-0.836 | dist = 29.16 (meters)
bg = -0.0029,0.0217,0.0786 | ba = -0.0182,0.1228,0.0635
[34m[TIME]: 0.0044 seconds total (227.9 hz, 0.50 ms behind)
[0mq_GtoI = 0.693,-0.454,0.451,0.331 | p_IinG = 5.748,-7.941,-0.834 | dist = 29.21 (meters)
bg = -0.0029,0.0217,0.0786 | ba = -0.0183,0.1234,0.0647
[34m[TIME]: 0.0078 seconds total (127.6 hz, 0.50 ms behind)
[0mq_GtoI = 0.694,-0.447,0.456,0.333 | p_IinG = 5.777,-7.980,-0.835 | dist = 29.26 (meters)
bg = -0.0029,0.0217,0.0786 | ba = -0.0186,0.1241,0.0659
[34m[TIME]: 0.0051 seconds total (196.5 hz, 0.50 ms behind)
[0mq_GtoI = 0.694,-0.440,0.460,0.335 | p_IinG = 5.807,-8.018,-0.837 | dist = 29.31 (meters)
bg = -0.0029,0.0217,0.0786 | ba = -0.0187,0.1242,0.0670
[34m[TIME]: 0.0057 seconds total (174.9 hz, 0.50 ms behind)
[0mq_GtoI = 0.696,-0.434,0.464,0.335 | p_IinG = 5.839,-8.055,-0.841 | dist = 29.36 (meters)
bg = -0.0029,0.0217,0.0786 | ba = -0.0188,0.1260,0.0688
[34m[TIME]: 0.0065 seconds total (153.1 hz, 0.50 ms behind)
[0mq_GtoI = 0.696,-0.429,0.469,0.333 | p_IinG = 5.872,-8.092,-0.845 | dist = 29.41 (meters)
bg = -0.0029,0.0217,0.0785 | ba = -0.0200,0.1261,0.0699
[34m[TIME]: 0.0063 seconds total (159.4 hz, 0.50 ms behind)
[0mq_GtoI = 0.696,-0.423,0.477,0.330 | p_IinG = 5.906,-8.127,-0.852 | dist = 29.46 (meters)
bg = -0.0029,0.0217,0.0785 | ba = -0.0205,0.1259,0.0705
[34m[TIME]: 0.0054 seconds total (183.7 hz, 0.50 ms behind)
[0mq_GtoI = 0.695,-0.421,0.486,0.320 | p_IinG = 5.942,-8.161,-0.860 | dist = 29.51 (meters)
bg = -0.0029,0.0217,0.0785 | ba = -0.0208,0.1255,0.0712
[34m[TIME]: 0.0047 seconds total (214.5 hz, 0.50 ms behind)
[0mq_GtoI = 0.694,-0.419,0.497,0.309 | p_IinG = 5.978,-8.195,-0.869 | dist = 29.56 (meters)
bg = -0.0029,0.0217,0.0785 | ba = -0.0212,0.1249,0.0724
[34m[TIME]: 0.0044 seconds total (226.8 hz, 0.50 ms behind)
[0mq_GtoI = 0.695,-0.419,0.505,0.294 | p_IinG = 6.014,-8.225,-0.881 | dist = 29.61 (meters)
bg = -0.0029,0.0217,0.0785 | ba = -0.0226,0.1247,0.0737
[34m[TIME]: 0.0067 seconds total (150.2 hz, 0.50 ms behind)
[0mq_GtoI = 0.697,-0.417,0.511,0.280 | p_IinG = 6.049,-8.256,-0.894 | dist = 29.66 (meters)
bg = -0.0029,0.0217,0.0785 | ba = -0.0235,0.1246,0.0737
[34m[TIME]: 0.0038 seconds total (260.6 hz, 0.50 ms behind)
[0mq_GtoI = 0.702,-0.414,0.514,0.269 | p_IinG = 6.084,-8.286,-0.908 | dist = 29.71 (meters)
bg = -0.0029,0.0217,0.0785 | ba = -0.0244,0.1250,0.0750
[34m[TIME]: 0.0070 seconds total (142.7 hz, 0.50 ms behind)
[0mq_GtoI = 0.707,-0.407,0.515,0.261 | p_IinG = 6.117,-8.316,-0.922 | dist = 29.76 (meters)
bg = -0.0029,0.0217,0.0785 | ba = -0.0256,0.1244,0.0767
[34m[TIME]: 0.0066 seconds total (151.3 hz, 0.50 ms behind)
[0mq_GtoI = 0.715,-0.399,0.514,0.257 | p_IinG = 6.148,-8.346,-0.936 | dist = 29.81 (meters)
bg = -0.0029,0.0217,0.0785 | ba = -0.0269,0.1237,0.0782
[34m[TIME]: 0.0044 seconds total (229.5 hz, 0.50 ms behind)
[0mq_GtoI = 0.723,-0.386,0.512,0.256 | p_IinG = 6.178,-8.376,-0.951 | dist = 29.85 (meters)
bg = -0.0029,0.0217,0.0785 | ba = -0.0278,0.1232,0.0809
[34m[TIME]: 0.0038 seconds total (263.4 hz, 0.50 ms behind)
[0mq_GtoI = 0.731,-0.374,0.511,0.256 | p_IinG = 6.208,-8.405,-0.967 | dist = 29.90 (meters)
bg = -0.0029,0.0217,0.0785 | ba = -0.0284,0.1231,0.0827
[34m[TIME]: 0.0036 seconds total (279.6 hz, 0.50 ms behind)
[0mq_GtoI = 0.740,-0.359,0.508,0.258 | p_IinG = 6.239,-8.433,-0.983 | dist = 29.95 (meters)
bg = -0.0029,0.0217,0.0785 | ba = -0.0295,0.1254,0.0851
[34m[TIME]: 0.0068 seconds total (147.1 hz, 0.50 ms behind)
[0mq_GtoI = 0.748,-0.346,0.505,0.256 | p_IinG = 6.270,-8.459,-0.999 | dist = 29.99 (meters)
bg = -0.0029,0.0217,0.0785 | ba = -0.0307,0.1278,0.0889
[34m[TIME]: 0.0074 seconds total (135.4 hz, 0.50 ms behind)
[0mq_GtoI = 0.755,-0.331,0.505,0.256 | p_IinG = 6.302,-8.487,-1.014 | dist = 30.04 (meters)
bg = -0.0029,0.0217,0.0785 | ba = -0.0307,0.1290,0.0901
[34m[TIME]: 0.0040 seconds total (251.6 hz, 0.50 ms behind)
[0mq_GtoI = 0.761,-0.318,0.505,0.254 | p_IinG = 6.336,-8.513,-1.028 | dist = 30.08 (meters)
bg = -0.0029,0.0217,0.0785 | ba = -0.0308,0.1306,0.0911
[34m[TIME]: 0.0041 seconds total (241.3 hz, 0.50 ms behind)
[0mq_GtoI = 0.766,-0.308,0.506,0.248 | p_IinG = 6.372,-8.538,-1.040 | dist = 30.13 (meters)
bg = -0.0029,0.0217,0.0785 | ba = -0.0306,0.1315,0.0918
[34m[TIME]: 0.0043 seconds total (234.5 hz, 0.50 ms behind)
[0mq_GtoI = 0.770,-0.300,0.509,0.240 | p_IinG = 6.408,-8.562,-1.051 | dist = 30.17 (meters)
bg = -0.0029,0.0216,0.0785 | ba = -0.0309,0.1321,0.0923
[34m[TIME]: 0.0075 seconds total (133.7 hz, 0.50 ms behind)
[0mq_GtoI = 0.772,-0.294,0.514,0.229 | p_IinG = 6.447,-8.585,-1.060 | dist = 30.22 (meters)
bg = -0.0029,0.0216,0.0785 | ba = -0.0312,0.1330,0.0930
[34m[TIME]: 0.0048 seconds total (210.0 hz, 0.50 ms behind)
[0mq_GtoI = 0.774,-0.290,0.519,0.220 | p_IinG = 6.486,-8.606,-1.065 | dist = 30.27 (meters)
bg = -0.0029,0.0216,0.0785 | ba = -0.0320,0.1340,0.0951
[34m[TIME]: 0.0040 seconds total (250.5 hz, 0.50 ms behind)
[0mq_GtoI = 0.774,-0.286,0.523,0.211 | p_IinG = 6.528,-8.626,-1.069 | dist = 30.31 (meters)
bg = -0.0029,0.0216,0.0785 | ba = -0.0325,0.1371,0.0969
[34m[TIME]: 0.0063 seconds total (159.0 hz, 0.50 ms behind)
[0mq_GtoI = 0.774,-0.284,0.528,0.204 | p_IinG = 6.569,-8.647,-1.070 | dist = 30.36 (meters)
bg = -0.0028,0.0216,0.0785 | ba = -0.0327,0.1391,0.0983
[34m[TIME]: 0.0059 seconds total (168.1 hz, 0.50 ms behind)
[0mq_GtoI = 0.774,-0.282,0.532,0.197 | p_IinG = 6.610,-8.667,-1.070 | dist = 30.41 (meters)
bg = -0.0028,0.0216,0.0785 | ba = -0.0330,0.1412,0.1001
[34m[TIME]: 0.0042 seconds total (239.6 hz, 0.50 ms behind)
[0mq_GtoI = 0.774,-0.281,0.535,0.191 | p_IinG = 6.651,-8.686,-1.069 | dist = 30.45 (meters)
bg = -0.0028,0.0216,0.0785 | ba = -0.0332,0.1437,0.1026
[34m[TIME]: 0.0040 seconds total (251.8 hz, 0.50 ms behind)
[0mq_GtoI = 0.774,-0.281,0.537,0.184 | p_IinG = 6.692,-8.704,-1.065 | dist = 30.50 (meters)
bg = -0.0028,0.0216,0.0785 | ba = -0.0332,0.1463,0.1045
[34m[TIME]: 0.0059 seconds total (169.6 hz, 0.50 ms behind)
[0mq_GtoI = 0.774,-0.279,0.539,0.180 | p_IinG = 6.732,-8.723,-1.061 | dist = 30.55 (meters)
bg = -0.0028,0.0216,0.0785 | ba = -0.0341,0.1487,0.1065
[34m[TIME]: 0.0118 seconds total (85.1 hz, 0.50 ms behind)
[0mq_GtoI = 0.774,-0.278,0.541,0.177 | p_IinG = 6.770,-8.741,-1.059 | dist = 30.59 (meters)
bg = -0.0028,0.0216,0.0785 | ba = -0.0338,0.1508,0.1087
[34m[TIME]: 0.0050 seconds total (198.3 hz, 0.50 ms behind)
[0mq_GtoI = 0.774,-0.276,0.542,0.177 | p_IinG = 6.806,-8.759,-1.059 | dist = 30.63 (meters)
bg = -0.0028,0.0216,0.0785 | ba = -0.0348,0.1538,0.1120
[34m[TIME]: 0.0071 seconds total (141.0 hz, 0.50 ms behind)
[0mq_GtoI = 0.775,-0.273,0.541,0.181 | p_IinG = 6.844,-8.778,-1.064 | dist = 30.68 (meters)
bg = -0.0028,0.0216,0.0785 | ba = -0.0356,0.1552,0.1129
[34m[TIME]: 0.0044 seconds total (227.7 hz, 0.50 ms behind)
[0mq_GtoI = 0.776,-0.269,0.540,0.185 | p_IinG = 6.882,-8.798,-1.074 | dist = 30.72 (meters)
bg = -0.0028,0.0216,0.0785 | ba = -0.0364,0.1560,0.1131
[34m[TIME]: 0.0042 seconds total (238.8 hz, 0.50 ms behind)
[0mq_GtoI = 0.777,-0.266,0.539,0.189 | p_IinG = 6.920,-8.818,-1.086 | dist = 30.77 (meters)
bg = -0.0028,0.0216,0.0785 | ba = -0.0373,0.1562,0.1129
[34m[TIME]: 0.0090 seconds total (111.6 hz, 0.50 ms behind)
[0mq_GtoI = 0.776,-0.264,0.539,0.192 | p_IinG = 6.958,-8.837,-1.101 | dist = 30.81 (meters)
bg = -0.0028,0.0216,0.0785 | ba = -0.0383,0.1563,0.1120
[34m[TIME]: 0.0079 seconds total (126.7 hz, 0.50 ms behind)
[0mq_GtoI = 0.775,-0.261,0.541,0.195 | p_IinG = 6.997,-8.856,-1.116 | dist = 30.86 (meters)
bg = -0.0028,0.0216,0.0785 | ba = -0.0397,0.1558,0.1110
[34m[TIME]: 0.0055 seconds total (180.6 hz, 0.50 ms behind)
[0mq_GtoI = 0.774,-0.258,0.544,0.196 | p_IinG = 7.036,-8.873,-1.129 | dist = 30.90 (meters)
bg = -0.0027,0.0216,0.0785 | ba = -0.0421,0.1558,0.1102
[34m[TIME]: 0.0070 seconds total (143.8 hz, 0.50 ms behind)
[0mq_GtoI = 0.772,-0.253,0.549,0.197 | p_IinG = 7.076,-8.890,-1.141 | dist = 30.94 (meters)
bg = -0.0027,0.0216,0.0785 | ba = -0.0447,0.1550,0.1089
[34m[TIME]: 0.0052 seconds total (190.5 hz, 0.50 ms behind)
[0mq_GtoI = 0.770,-0.247,0.555,0.196 | p_IinG = 7.119,-8.907,-1.147 | dist = 30.98 (meters)
bg = -0.0027,0.0216,0.0785 | ba = -0.0504,0.1534,0.1071
[34m[TIME]: 0.0130 seconds total (77.2 hz, 0.50 ms behind)
[0mq_GtoI = 0.768,-0.241,0.561,0.194 | p_IinG = 7.158,-8.921,-1.153 | dist = 31.03 (meters)
bg = -0.0027,0.0216,0.0785 | ba = -0.0532,0.1528,0.1068
[34m[TIME]: 0.0051 seconds total (197.8 hz, 0.50 ms behind)
[0mq_GtoI = 0.766,-0.236,0.567,0.189 | p_IinG = 7.196,-8.933,-1.158 | dist = 31.06 (meters)
bg = -0.0027,0.0217,0.0785 | ba = -0.0554,0.1512,0.1066
[34m[TIME]: 0.0106 seconds total (93.9 hz, 0.50 ms behind)
[0mq_GtoI = 0.766,-0.231,0.571,0.184 | p_IinG = 7.234,-8.944,-1.161 | dist = 31.10 (meters)
bg = -0.0027,0.0217,0.0785 | ba = -0.0573,0.1494,0.1057
[34m[TIME]: 0.0078 seconds total (128.2 hz, 0.50 ms behind)
[0mq_GtoI = 0.767,-0.226,0.575,0.176 | p_IinG = 7.270,-8.954,-1.163 | dist = 31.14 (meters)
bg = -0.0027,0.0217,0.0785 | ba = -0.0588,0.1474,0.1051
[34m[TIME]: 0.0062 seconds total (162.3 hz, 0.50 ms behind)
[0mq_GtoI = 0.769,-0.221,0.576,0.168 | p_IinG = 7.305,-8.962,-1.163 | dist = 31.17 (meters)
bg = -0.0027,0.0217,0.0785 | ba = -0.0597,0.1453,0.1039
[34m[TIME]: 0.0046 seconds total (216.8 hz, 0.50 ms behind)
[0mq_GtoI = 0.771,-0.215,0.578,0.157 | p_IinG = 7.339,-8.969,-1.163 | dist = 31.21 (meters)
bg = -0.0027,0.0216,0.0785 | ba = -0.0602,0.1430,0.1028
[34m[TIME]: 0.0043 seconds total (230.4 hz, 0.50 ms behind)
[0mq_GtoI = 0.775,-0.210,0.578,0.147 | p_IinG = 7.371,-8.975,-1.160 | dist = 31.24 (meters)
bg = -0.0027,0.0216,0.0785 | ba = -0.0611,0.1417,0.1023
[34m[TIME]: 0.0061 seconds total (163.5 hz, 0.50 ms behind)
[0mq_GtoI = 0.780,-0.205,0.576,0.134 | p_IinG = 7.401,-8.979,-1.158 | dist = 31.27 (meters)
bg = -0.0027,0.0216,0.0785 | ba = -0.0611,0.1414,0.1012
[34m[TIME]: 0.0078 seconds total (128.9 hz, 0.50 ms behind)
[0mq_GtoI = 0.785,-0.200,0.574,0.120 | p_IinG = 7.430,-8.982,-1.155 | dist = 31.30 (meters)
bg = -0.0027,0.0216,0.0786 | ba = -0.0610,0.1408,0.1000
[34m[TIME]: 0.0045 seconds total (220.9 hz, 0.50 ms behind)
[0mq_GtoI = 0.790,-0.193,0.572,0.106 | p_IinG = 7.457,-8.986,-1.151 | dist = 31.32 (meters)
bg = -0.0027,0.0216,0.0786 | ba = -0.0610,0.1401,0.0990
[34m[TIME]: 0.0042 seconds total (236.4 hz, 0.50 ms behind)
[0mq_GtoI = 0.795,-0.186,0.570,0.095 | p_IinG = 7.484,-8.991,-1.146 | dist = 31.35 (meters)
bg = -0.0027,0.0216,0.0786 | ba = -0.0602,0.1399,0.0980
[34m[TIME]: 0.0051 seconds total (194.4 hz, 0.50 ms behind)
[0mq_GtoI = 0.799,-0.176,0.568,0.086 | p_IinG = 7.510,-8.997,-1.141 | dist = 31.37 (meters)
bg = -0.0027,0.0216,0.0786 | ba = -0.0608,0.1388,0.0967
[34m[TIME]: 0.0076 seconds total (131.7 hz, 0.50 ms behind)
[0mq_GtoI = 0.802,-0.166,0.569,0.080 | p_IinG = 7.533,-9.004,-1.137 | dist = 31.40 (meters)
bg = -0.0027,0.0216,0.0786 | ba = -0.0610,0.1384,0.0966
[34m[TIME]: 0.0046 seconds total (216.7 hz, 0.50 ms behind)
[0mq_GtoI = 0.804,-0.154,0.569,0.078 | p_IinG = 7.556,-9.013,-1.133 | dist = 31.42 (meters)
bg = -0.0027,0.0216,0.0786 | ba = -0.0609,0.1384,0.0963
[34m[TIME]: 0.0056 seconds total (179.2 hz, 0.50 ms behind)
[0mq_GtoI = 0.805,-0.144,0.570,0.077 | p_IinG = 7.579,-9.022,-1.131 | dist = 31.45 (meters)
bg = -0.0027,0.0216,0.0786 | ba = -0.0604,0.1384,0.0961
[34m[TIME]: 0.0054 seconds total (186.7 hz, 0.50 ms behind)
[0mq_GtoI = 0.807,-0.133,0.569,0.078 | p_IinG = 7.600,-9.032,-1.131 | dist = 31.47 (meters)
bg = -0.0027,0.0216,0.0786 | ba = -0.0589,0.1394,0.0964
[34m[TIME]: 0.0054 seconds total (184.6 hz, 0.50 ms behind)
[0mq_GtoI = 0.809,-0.124,0.570,0.078 | p_IinG = 7.620,-9.043,-1.132 | dist = 31.50 (meters)
bg = -0.0027,0.0216,0.0786 | ba = -0.0576,0.1401,0.0962
[34m[TIME]: 0.0044 seconds total (227.5 hz, 0.50 ms behind)
[0mq_GtoI = 0.810,-0.116,0.570,0.075 | p_IinG = 7.640,-9.052,-1.133 | dist = 31.52 (meters)
bg = -0.0027,0.0216,0.0786 | ba = -0.0550,0.1407,0.0958
[34m[TIME]: 0.0135 seconds total (74.1 hz, 0.50 ms behind)
[0mq_GtoI = 0.810,-0.109,0.572,0.069 | p_IinG = 7.660,-9.062,-1.132 | dist = 31.54 (meters)
bg = -0.0027,0.0216,0.0786 | ba = -0.0545,0.1411,0.0960
[34m[TIME]: 0.0046 seconds total (216.4 hz, 0.50 ms behind)
[0mq_GtoI = 0.812,-0.102,0.571,0.064 | p_IinG = 7.679,-9.072,-1.129 | dist = 31.56 (meters)
bg = -0.0027,0.0216,0.0786 | ba = -0.0537,0.1416,0.0965
[34m[TIME]: 0.0073 seconds total (136.5 hz, 0.50 ms behind)
[0mq_GtoI = 0.813,-0.095,0.571,0.059 | p_IinG = 7.698,-9.082,-1.124 | dist = 31.59 (meters)
bg = -0.0027,0.0216,0.0786 | ba = -0.0531,0.1424,0.0965
[34m[TIME]: 0.0047 seconds total (213.1 hz, 0.50 ms behind)
[0mq_GtoI = 0.815,-0.087,0.571,0.054 | p_IinG = 7.718,-9.092,-1.118 | dist = 31.61 (meters)
bg = -0.0027,0.0216,0.0786 | ba = -0.0525,0.1431,0.0966
[34m[TIME]: 0.0045 seconds total (221.3 hz, 0.50 ms behind)
[0mq_GtoI = 0.815,-0.079,0.572,0.048 | p_IinG = 7.737,-9.102,-1.110 | dist = 31.63 (meters)
bg = -0.0027,0.0216,0.0786 | ba = -0.0519,0.1444,0.0963
[34m[TIME]: 0.0044 seconds total (225.4 hz, 0.50 ms behind)
[0mq_GtoI = 0.816,-0.069,0.573,0.041 | p_IinG = 7.755,-9.111,-1.101 | dist = 31.66 (meters)
bg = -0.0027,0.0216,0.0786 | ba = -0.0504,0.1455,0.0971
[34m[TIME]: 0.0052 seconds total (192.7 hz, 0.50 ms behind)
[0mq_GtoI = 0.816,-0.057,0.573,0.037 | p_IinG = 7.773,-9.120,-1.092 | dist = 31.68 (meters)
bg = -0.0027,0.0216,0.0786 | ba = -0.0493,0.1462,0.0973
[34m[TIME]: 0.0069 seconds total (144.1 hz, 0.50 ms behind)
[0mq_GtoI = 0.817,-0.043,0.574,0.035 | p_IinG = 7.791,-9.129,-1.084 | dist = 31.70 (meters)
bg = -0.0027,0.0216,0.0786 | ba = -0.0485,0.1467,0.0972
[34m[TIME]: 0.0048 seconds total (206.7 hz, 0.50 ms behind)
[0mq_GtoI = 0.818,-0.027,0.574,0.034 | p_IinG = 7.809,-9.137,-1.078 | dist = 31.72 (meters)
bg = -0.0027,0.0216,0.0786 | ba = -0.0478,0.1466,0.0969
[34m[TIME]: 0.0056 seconds total (177.3 hz, 0.50 ms behind)
[0mq_GtoI = 0.819,-0.011,0.573,0.034 | p_IinG = 7.827,-9.145,-1.073 | dist = 31.74 (meters)
bg = -0.0027,0.0216,0.0785 | ba = -0.0466,0.1465,0.0971
[34m[TIME]: 0.0057 seconds total (175.6 hz, 0.50 ms behind)
[0mq_GtoI = 0.819,0.003,0.572,0.033 | p_IinG = 7.845,-9.152,-1.071 | dist = 31.76 (meters)
bg = -0.0027,0.0216,0.0785 | ba = -0.0462,0.1457,0.0967
[34m[TIME]: 0.0067 seconds total (148.6 hz, 0.50 ms behind)
[0mq_GtoI = 0.819,0.017,0.572,0.033 | p_IinG = 7.863,-9.158,-1.070 | dist = 31.78 (meters)
bg = -0.0027,0.0216,0.0785 | ba = -0.0459,0.1459,0.0964
[34m[TIME]: 0.0068 seconds total (146.8 hz, 0.50 ms behind)
[0mq_GtoI = 0.820,0.028,0.571,0.030 | p_IinG = 7.880,-9.161,-1.070 | dist = 31.80 (meters)
bg = -0.0027,0.0216,0.0785 | ba = -0.0460,0.1459,0.0971
[34m[TIME]: 0.0071 seconds total (140.6 hz, 0.50 ms behind)
[0mq_GtoI = 0.819,0.038,0.572,0.024 | p_IinG = 7.897,-9.162,-1.072 | dist = 31.81 (meters)
bg = -0.0027,0.0216,0.0785 | ba = -0.0467,0.1459,0.0974
[34m[TIME]: 0.0048 seconds total (208.2 hz, 0.50 ms behind)
[0mq_GtoI = 0.818,0.045,0.573,0.016 | p_IinG = 7.914,-9.161,-1.074 | dist = 31.83 (meters)
bg = -0.0027,0.0216,0.0785 | ba = -0.0473,0.1458,0.0979
[34m[TIME]: 0.0044 seconds total (228.4 hz, 0.50 ms behind)
[0mq_GtoI = 0.816,0.053,0.575,0.007 | p_IinG = 7.931,-9.158,-1.078 | dist = 31.85 (meters)
bg = -0.0027,0.0216,0.0785 | ba = -0.0481,0.1457,0.0981
[34m[TIME]: 0.0043 seconds total (233.6 hz, 0.50 ms behind)
[0mq_GtoI = -0.815,-0.058,-0.577,0.006 | p_IinG = 7.947,-9.153,-1.083 | dist = 31.87 (meters)
bg = -0.0027,0.0216,0.0785 | ba = -0.0495,0.1462,0.0980
[34m[TIME]: 0.0044 seconds total (229.6 hz, 0.50 ms behind)
[0mq_GtoI = -0.812,-0.063,-0.580,0.021 | p_IinG = 7.961,-9.146,-1.088 | dist = 31.88 (meters)
bg = -0.0027,0.0216,0.0785 | ba = -0.0514,0.1475,0.0980
[34m[TIME]: 0.0073 seconds total (136.7 hz, 0.50 ms behind)
[0mq_GtoI = -0.809,-0.069,-0.582,0.035 | p_IinG = 7.976,-9.138,-1.095 | dist = 31.90 (meters)
bg = -0.0027,0.0216,0.0785 | ba = -0.0512,0.1460,0.0975
[34m[TIME]: 0.0059 seconds total (168.5 hz, 0.50 ms behind)
[0mq_GtoI = -0.807,-0.075,-0.583,0.049 | p_IinG = 7.990,-9.129,-1.098 | dist = 31.92 (meters)
bg = -0.0027,0.0215,0.0785 | ba = -0.0523,0.1462,0.0971
[34m[TIME]: 0.0084 seconds total (119.2 hz, 0.50 ms behind)
[0mq_GtoI = -0.805,-0.083,-0.584,0.060 | p_IinG = 8.003,-9.120,-1.100 | dist = 31.93 (meters)
bg = -0.0027,0.0215,0.0785 | ba = -0.0535,0.1465,0.0969
[34m[TIME]: 0.0042 seconds total (239.2 hz, 0.50 ms behind)
[0mq_GtoI = -0.804,-0.092,-0.583,0.070 | p_IinG = 8.014,-9.111,-1.100 | dist = 31.95 (meters)
bg = -0.0027,0.0215,0.0785 | ba = -0.0545,0.1471,0.0969
[34m[TIME]: 0.0044 seconds total (225.1 hz, 0.50 ms behind)
[0mq_GtoI = -0.803,-0.102,-0.582,0.079 | p_IinG = 8.022,-9.102,-1.099 | dist = 31.96 (meters)
bg = -0.0027,0.0215,0.0786 | ba = -0.0539,0.1495,0.0978
[34m[TIME]: 0.0055 seconds total (182.5 hz, 0.50 ms behind)
[0mq_GtoI = -0.802,-0.112,-0.580,0.087 | p_IinG = 8.031,-9.094,-1.095 | dist = 31.98 (meters)
bg = -0.0027,0.0215,0.0786 | ba = -0.0532,0.1505,0.0988
[34m[TIME]: 0.0069 seconds total (145.4 hz, 0.50 ms behind)
[0mq_GtoI = -0.801,-0.120,-0.578,0.093 | p_IinG = 8.040,-9.086,-1.090 | dist = 31.99 (meters)
bg = -0.0027,0.0215,0.0786 | ba = -0.0541,0.1504,0.0985
[34m[TIME]: 0.0042 seconds total (236.7 hz, 0.50 ms behind)
[0mq_GtoI = -0.801,-0.127,-0.577,0.099 | p_IinG = 8.049,-9.079,-1.082 | dist = 32.00 (meters)
bg = -0.0027,0.0215,0.0786 | ba = -0.0542,0.1507,0.0983
[34m[TIME]: 0.0079 seconds total (126.6 hz, 0.50 ms behind)
[0mq_GtoI = -0.802,-0.133,-0.574,0.104 | p_IinG = 8.056,-9.073,-1.074 | dist = 32.01 (meters)
bg = -0.0027,0.0215,0.0786 | ba = -0.0543,0.1511,0.0977
[34m[TIME]: 0.0093 seconds total (107.3 hz, 0.50 ms behind)
[0mq_GtoI = -0.802,-0.139,-0.572,0.107 | p_IinG = 8.062,-9.068,-1.064 | dist = 32.03 (meters)
bg = -0.0027,0.0215,0.0786 | ba = -0.0541,0.1516,0.0976
[34m[TIME]: 0.0080 seconds total (124.7 hz, 0.50 ms behind)
[0mq_GtoI = -0.801,-0.144,-0.571,0.108 | p_IinG = 8.067,-9.063,-1.052 | dist = 32.04 (meters)
bg = -0.0027,0.0215,0.0786 | ba = -0.0541,0.1525,0.0980
[34m[TIME]: 0.0096 seconds total (103.6 hz, 0.50 ms behind)
[0mq_GtoI = -0.798,-0.148,-0.574,0.109 | p_IinG = 8.072,-9.059,-1.038 | dist = 32.06 (meters)
bg = -0.0027,0.0215,0.0786 | ba = -0.0541,0.1537,0.0966
[34m[TIME]: 0.0059 seconds total (170.1 hz, 0.50 ms behind)
[0mq_GtoI = -0.796,-0.150,-0.577,0.109 | p_IinG = 8.078,-9.054,-1.021 | dist = 32.07 (meters)
bg = -0.0027,0.0215,0.0786 | ba = -0.0537,0.1552,0.0946
[34m[TIME]: 0.0045 seconds total (220.6 hz, 0.50 ms behind)
[0mq_GtoI = -0.792,-0.155,-0.581,0.106 | p_IinG = 8.083,-9.050,-1.003 | dist = 32.09 (meters)
bg = -0.0027,0.0215,0.0786 | ba = -0.0524,0.1561,0.0929
[34m[TIME]: 0.0041 seconds total (246.1 hz, 0.50 ms behind)
[0mq_GtoI = -0.791,-0.157,-0.582,0.104 | p_IinG = 8.088,-9.046,-0.984 | dist = 32.11 (meters)
bg = -0.0027,0.0215,0.0786 | ba = -0.0509,0.1568,0.0920
[34m[TIME]: 0.0040 seconds total (252.3 hz, 0.50 ms behind)
[0mq_GtoI = -0.788,-0.166,-0.585,0.091 | p_IinG = 8.091,-9.037,-0.942 | dist = 32.16 (meters)
bg = -0.0027,0.0215,0.0786 | ba = -0.0481,0.1586,0.0908
[34m[TIME]: 0.0069 seconds total (145.5 hz, 0.50 ms behind)
[0mq_GtoI = -0.787,-0.171,-0.587,0.083 | p_IinG = 8.091,-9.032,-0.921 | dist = 32.18 (meters)
bg = -0.0027,0.0215,0.0786 | ba = -0.0459,0.1592,0.0895
[34m[TIME]: 0.0051 seconds total (196.5 hz, 0.50 ms behind)
[0mq_GtoI = -0.786,-0.173,-0.588,0.079 | p_IinG = 8.088,-9.025,-0.901 | dist = 32.20 (meters)
bg = -0.0027,0.0215,0.0786 | ba = -0.0441,0.1604,0.0881
[34m[TIME]: 0.0054 seconds total (186.7 hz, 0.50 ms behind)
[0mq_GtoI = -0.786,-0.172,-0.588,0.079 | p_IinG = 8.084,-9.017,-0.882 | dist = 32.22 (meters)
bg = -0.0027,0.0215,0.0786 | ba = -0.0431,0.1608,0.0873
[34m[TIME]: 0.0082 seconds total (122.4 hz, 0.50 ms behind)
[0mq_GtoI = -0.785,-0.171,-0.591,0.079 | p_IinG = 8.077,-9.008,-0.865 | dist = 32.24 (meters)
bg = -0.0027,0.0215,0.0786 | ba = -0.0421,0.1611,0.0867
[34m[TIME]: 0.0080 seconds total (124.4 hz, 0.50 ms behind)
[0mq_GtoI = -0.784,-0.172,-0.592,0.076 | p_IinG = 8.069,-8.997,-0.850 | dist = 32.27 (meters)
bg = -0.0027,0.0215,0.0786 | ba = -0.0412,0.1613,0.0862
[34m[TIME]: 0.0045 seconds total (224.0 hz, 0.50 ms behind)
[0mq_GtoI = -0.785,-0.175,-0.590,0.069 | p_IinG = 8.059,-8.986,-0.837 | dist = 32.29 (meters)
bg = -0.0027,0.0215,0.0786 | ba = -0.0404,0.1614,0.0861
[34m[TIME]: 0.0043 seconds total (233.6 hz, 0.50 ms behind)
[0mq_GtoI = -0.787,-0.177,-0.588,0.064 | p_IinG = 8.047,-8.972,-0.825 | dist = 32.31 (meters)
bg = -0.0027,0.0215,0.0786 | ba = -0.0397,0.1616,0.0857
[34m[TIME]: 0.0055 seconds total (180.3 hz, 0.50 ms behind)
[0mq_GtoI = -0.788,-0.177,-0.586,0.060 | p_IinG = 8.033,-8.957,-0.815 | dist = 32.33 (meters)
bg = -0.0027,0.0215,0.0786 | ba = -0.0389,0.1619,0.0853
[34m[TIME]: 0.0069 seconds total (145.6 hz, 0.50 ms behind)
[0mq_GtoI = -0.790,-0.178,-0.584,0.057 | p_IinG = 8.016,-8.939,-0.807 | dist = 32.36 (meters)
bg = -0.0028,0.0215,0.0786 | ba = -0.0376,0.1635,0.0851
[34m[TIME]: 0.0078 seconds total (127.9 hz, 0.50 ms behind)
[0mq_GtoI = -0.791,-0.176,-0.583,0.057 | p_IinG = 7.999,-8.919,-0.800 | dist = 32.38 (meters)
bg = -0.0028,0.0215,0.0786 | ba = -0.0367,0.1640,0.0850
[34m[TIME]: 0.0048 seconds total (209.4 hz, 0.50 ms behind)
[0mq_GtoI = -0.792,-0.172,-0.582,0.060 | p_IinG = 7.980,-8.897,-0.794 | dist = 32.41 (meters)
bg = -0.0028,0.0215,0.0786 | ba = -0.0361,0.1642,0.0849
[34m[TIME]: 0.0048 seconds total (208.9 hz, 0.50 ms behind)
[0mq_GtoI = -0.793,-0.170,-0.582,0.061 | p_IinG = 7.961,-8.872,-0.789 | dist = 32.45 (meters)
bg = -0.0028,0.0215,0.0786 | ba = -0.0357,0.1632,0.0823
[34m[TIME]: 0.0090 seconds total (111.6 hz, 0.50 ms behind)
[0mq_GtoI = -0.795,-0.167,-0.580,0.064 | p_IinG = 7.940,-8.845,-0.786 | dist = 32.48 (meters)
bg = -0.0028,0.0215,0.0786 | ba = -0.0353,0.1624,0.0829
[34m[TIME]: 0.0052 seconds total (191.4 hz, 0.50 ms behind)
[0mq_GtoI = -0.797,-0.161,-0.577,0.071 | p_IinG = 7.916,-8.817,-0.785 | dist = 32.52 (meters)
bg = -0.0028,0.0215,0.0786 | ba = -0.0332,0.1620,0.0842
[34m[TIME]: 0.0105 seconds total (94.9 hz, 0.50 ms behind)
[0mq_GtoI = -0.799,-0.155,-0.575,0.078 | p_IinG = 7.894,-8.788,-0.783 | dist = 32.55 (meters)
bg = -0.0028,0.0215,0.0786 | ba = -0.0334,0.1608,0.0847
[34m[TIME]: 0.0048 seconds total (207.7 hz, 0.50 ms behind)
[0mq_GtoI = -0.802,-0.147,-0.572,0.088 | p_IinG = 7.871,-8.758,-0.782 | dist = 32.59 (meters)
bg = -0.0028,0.0215,0.0786 | ba = -0.0335,0.1596,0.0851
[34m[TIME]: 0.0048 seconds total (208.3 hz, 0.50 ms behind)
[0mq_GtoI = -0.806,-0.140,-0.567,0.097 | p_IinG = 7.847,-8.727,-0.782 | dist = 32.63 (meters)
bg = -0.0028,0.0215,0.0786 | ba = -0.0334,0.1583,0.0856
[34m[TIME]: 0.0047 seconds total (210.6 hz, 0.50 ms behind)
[0mq_GtoI = -0.811,-0.136,-0.560,0.102 | p_IinG = 7.824,-8.697,-0.785 | dist = 32.67 (meters)
bg = -0.0028,0.0215,0.0786 | ba = -0.0329,0.1571,0.0859
[34m[TIME]: 0.0095 seconds total (105.3 hz, 0.50 ms behind)
[0mq_GtoI = -0.815,-0.135,-0.554,0.103 | p_IinG = 7.801,-8.667,-0.789 | dist = 32.71 (meters)
bg = -0.0028,0.0215,0.0786 | ba = -0.0325,0.1561,0.0862
[34m[TIME]: 0.0051 seconds total (194.3 hz, 0.50 ms behind)
[0mq_GtoI = -0.820,-0.135,-0.547,0.102 | p_IinG = 7.778,-8.638,-0.795 | dist = 32.75 (meters)
bg = -0.0028,0.0215,0.0786 | ba = -0.0320,0.1551,0.0865
[34m[TIME]: 0.0047 seconds total (211.2 hz, 0.50 ms behind)
[0mq_GtoI = -0.823,-0.136,-0.542,0.100 | p_IinG = 7.757,-8.608,-0.800 | dist = 32.79 (meters)
bg = -0.0028,0.0215,0.0786 | ba = -0.0323,0.1541,0.0867
[34m[TIME]: 0.0055 seconds total (181.0 hz, 0.50 ms behind)
[0mq_GtoI = -0.823,-0.137,-0.542,0.098 | p_IinG = 7.738,-8.579,-0.806 | dist = 32.82 (meters)
bg = -0.0028,0.0215,0.0786 | ba = -0.0323,0.1535,0.0869
[34m[TIME]: 0.0044 seconds total (225.9 hz, 0.50 ms behind)
[0mq_GtoI = -0.820,-0.140,-0.547,0.094 | p_IinG = 7.720,-8.549,-0.811 | dist = 32.86 (meters)
bg = -0.0028,0.0215,0.0786 | ba = -0.0323,0.1531,0.0870
[34m[TIME]: 0.0049 seconds total (202.4 hz, 0.50 ms behind)
[0mq_GtoI = -0.815,-0.143,-0.555,0.091 | p_IinG = 7.704,-8.519,-0.815 | dist = 32.89 (meters)
bg = -0.0028,0.0215,0.0786 | ba = -0.0330,0.1529,0.0871
[34m[TIME]: 0.0085 seconds total (117.8 hz, 0.50 ms behind)
[0mq_GtoI = -0.810,-0.144,-0.561,0.091 | p_IinG = 7.689,-8.489,-0.819 | dist = 32.93 (meters)
bg = -0.0028,0.0215,0.0786 | ba = -0.0330,0.1523,0.0871
[34m[TIME]: 0.0053 seconds total (189.7 hz, 0.50 ms behind)
[0mq_GtoI = -0.807,-0.144,-0.566,0.091 | p_IinG = 7.674,-8.458,-0.821 | dist = 32.96 (meters)
bg = -0.0028,0.0215,0.0786 | ba = -0.0327,0.1520,0.0869
[34m[TIME]: 0.0057 seconds total (175.4 hz, 0.50 ms behind)
[0mq_GtoI = -0.804,-0.144,-0.570,0.093 | p_IinG = 7.659,-8.427,-0.821 | dist = 33.00 (meters)
bg = -0.0028,0.0215,0.0786 | ba = -0.0327,0.1514,0.0865
[34m[TIME]: 0.0059 seconds total (168.3 hz, 0.50 ms behind)
[0mq_GtoI = -0.802,-0.143,-0.572,0.095 | p_IinG = 7.644,-8.396,-0.820 | dist = 33.03 (meters)
bg = -0.0028,0.0215,0.0786 | ba = -0.0326,0.1510,0.0861
[34m[TIME]: 0.0048 seconds total (208.9 hz, 0.50 ms behind)
[0mq_GtoI = -0.801,-0.142,-0.574,0.097 | p_IinG = 7.629,-8.364,-0.817 | dist = 33.07 (meters)
bg = -0.0028,0.0215,0.0786 | ba = -0.0337,0.1511,0.0847
[34m[TIME]: 0.0066 seconds total (152.3 hz, 0.50 ms behind)
[0mq_GtoI = -0.800,-0.143,-0.574,0.097 | p_IinG = 7.613,-8.333,-0.814 | dist = 33.10 (meters)
bg = -0.0028,0.0215,0.0786 | ba = -0.0341,0.1507,0.0846
[34m[TIME]: 0.0087 seconds total (115.3 hz, 0.50 ms behind)
[0mq_GtoI = -0.800,-0.145,-0.574,0.095 | p_IinG = 7.597,-8.301,-0.811 | dist = 33.14 (meters)
bg = -0.0028,0.0215,0.0786 | ba = -0.0353,0.1509,0.0844
[34m[TIME]: 0.0057 seconds total (175.3 hz, 0.50 ms behind)
[0mq_GtoI = -0.800,-0.147,-0.574,0.095 | p_IinG = 7.580,-8.270,-0.810 | dist = 33.17 (meters)
bg = -0.0028,0.0215,0.0786 | ba = -0.0360,0.1509,0.0843
[34m[TIME]: 0.0047 seconds total (214.9 hz, 0.50 ms behind)
[0mq_GtoI = -0.799,-0.148,-0.574,0.094 | p_IinG = 7.563,-8.239,-0.810 | dist = 33.21 (meters)
bg = -0.0028,0.0215,0.0786 | ba = -0.0373,0.1506,0.0843
[34m[TIME]: 0.0053 seconds total (187.3 hz, 0.50 ms behind)
[0mq_GtoI = -0.799,-0.149,-0.575,0.094 | p_IinG = 7.546,-8.207,-0.810 | dist = 33.25 (meters)
bg = -0.0028,0.0215,0.0786 | ba = -0.0391,0.1505,0.0842
[34m[TIME]: 0.0047 seconds total (212.0 hz, 0.50 ms behind)
[0mq_GtoI = -0.799,-0.150,-0.575,0.094 | p_IinG = 7.530,-8.175,-0.810 | dist = 33.28 (meters)
bg = -0.0028,0.0216,0.0786 | ba = -0.0417,0.1500,0.0835
[34m[TIME]: 0.0049 seconds total (206.1 hz, 0.50 ms behind)
[0mq_GtoI = -0.798,-0.151,-0.576,0.095 | p_IinG = 7.512,-8.143,-0.811 | dist = 33.32 (meters)
bg = -0.0028,0.0216,0.0786 | ba = -0.0437,0.1499,0.0837
[34m[TIME]: 0.0130 seconds total (76.7 hz, 0.50 ms behind)
[0mq_GtoI = -0.797,-0.151,-0.576,0.096 | p_IinG = 7.494,-8.110,-0.810 | dist = 33.36 (meters)
bg = -0.0028,0.0216,0.0786 | ba = -0.0442,0.1493,0.0831
[34m[TIME]: 0.0057 seconds total (175.4 hz, 0.50 ms behind)
[0mq_GtoI = -0.797,-0.151,-0.576,0.098 | p_IinG = 7.475,-8.077,-0.808 | dist = 33.40 (meters)
bg = -0.0028,0.0216,0.0786 | ba = -0.0446,0.1491,0.0828
[34m[TIME]: 0.0061 seconds total (164.9 hz, 0.50 ms behind)
[0mq_GtoI = -0.797,-0.151,-0.576,0.099 | p_IinG = 7.456,-8.044,-0.804 | dist = 33.43 (meters)
bg = -0.0028,0.0216,0.0786 | ba = -0.0447,0.1485,0.0823
[34m[TIME]: 0.0075 seconds total (133.6 hz, 0.50 ms behind)
[0mq_GtoI = -0.798,-0.150,-0.575,0.101 | p_IinG = 7.437,-8.011,-0.798 | dist = 33.47 (meters)
bg = -0.0028,0.0216,0.0787 | ba = -0.0444,0.1479,0.0819
[34m[TIME]: 0.0050 seconds total (201.9 hz, 0.50 ms behind)
[0mq_GtoI = -0.797,-0.150,-0.575,0.102 | p_IinG = 7.416,-7.978,-0.791 | dist = 33.51 (meters)
bg = -0.0028,0.0216,0.0787 | ba = -0.0437,0.1473,0.0815
[34m[TIME]: 0.0079 seconds total (125.8 hz, 0.50 ms behind)
[0mq_GtoI = -0.798,-0.150,-0.575,0.104 | p_IinG = 7.395,-7.946,-0.782 | dist = 33.56 (meters)
bg = -0.0028,0.0216,0.0787 | ba = -0.0435,0.1469,0.0808
[34m[TIME]: 0.0106 seconds total (94.0 hz, 0.50 ms behind)
[0mq_GtoI = -0.799,-0.150,-0.572,0.105 | p_IinG = 7.373,-7.913,-0.775 | dist = 33.60 (meters)
bg = -0.0028,0.0215,0.0787 | ba = -0.0433,0.1466,0.0803
[34m[TIME]: 0.0049 seconds total (205.6 hz, 0.50 ms behind)
[0mq_GtoI = -0.802,-0.149,-0.569,0.106 | p_IinG = 7.349,-7.881,-0.769 | dist = 33.64 (meters)
bg = -0.0028,0.0215,0.0787 | ba = -0.0426,0.1469,0.0806
[34m[TIME]: 0.0073 seconds total (137.2 hz, 0.50 ms behind)
[0mq_GtoI = -0.805,-0.149,-0.564,0.105 | p_IinG = 7.327,-7.849,-0.765 | dist = 33.67 (meters)
bg = -0.0028,0.0215,0.0787 | ba = -0.0421,0.1469,0.0798
[34m[TIME]: 0.0051 seconds total (194.3 hz, 0.50 ms behind)
[0mq_GtoI = -0.809,-0.149,-0.559,0.106 | p_IinG = 7.306,-7.817,-0.762 | dist = 33.71 (meters)
bg = -0.0028,0.0215,0.0787 | ba = -0.0420,0.1468,0.0790
[34m[TIME]: 0.0050 seconds total (201.0 hz, 0.50 ms behind)
[0mq_GtoI = -0.811,-0.148,-0.556,0.105 | p_IinG = 7.285,-7.785,-0.760 | dist = 33.75 (meters)
bg = -0.0028,0.0215,0.0787 | ba = -0.0422,0.1468,0.0784
[34m[TIME]: 0.0047 seconds total (210.8 hz, 0.50 ms behind)
[0mq_GtoI = -0.810,-0.148,-0.558,0.105 | p_IinG = 7.265,-7.753,-0.758 | dist = 33.79 (meters)
bg = -0.0028,0.0215,0.0787 | ba = -0.0422,0.1467,0.0777
[34m[TIME]: 0.0073 seconds total (137.6 hz, 0.50 ms behind)
[0mq_GtoI = -0.808,-0.148,-0.561,0.103 | p_IinG = 7.246,-7.721,-0.757 | dist = 33.83 (meters)
bg = -0.0028,0.0215,0.0787 | ba = -0.0427,0.1466,0.0774
[34m[TIME]: 0.0101 seconds total (99.1 hz, 0.50 ms behind)
[0mq_GtoI = -0.805,-0.148,-0.565,0.102 | p_IinG = 7.227,-7.689,-0.757 | dist = 33.86 (meters)
bg = -0.0028,0.0215,0.0787 | ba = -0.0429,0.1468,0.0770
[34m[TIME]: 0.0066 seconds total (152.3 hz, 0.50 ms behind)
[0mq_GtoI = -0.803,-0.148,-0.569,0.100 | p_IinG = 7.208,-7.658,-0.759 | dist = 33.90 (meters)
bg = -0.0028,0.0215,0.0787 | ba = -0.0427,0.1468,0.0769
[34m[TIME]: 0.0062 seconds total (162.2 hz, 0.50 ms behind)
[0mq_GtoI = -0.801,-0.148,-0.572,0.099 | p_IinG = 7.188,-7.626,-0.761 | dist = 33.94 (meters)
bg = -0.0028,0.0215,0.0787 | ba = -0.0430,0.1468,0.0767
[34m[TIME]: 0.0053 seconds total (189.6 hz, 0.50 ms behind)
[0mq_GtoI = -0.800,-0.146,-0.574,0.100 | p_IinG = 7.168,-7.593,-0.763 | dist = 33.98 (meters)
bg = -0.0028,0.0215,0.0787 | ba = -0.0441,0.1473,0.0767
[34m[TIME]: 0.0078 seconds total (127.9 hz, 0.50 ms behind)
[0mq_GtoI = -0.798,-0.145,-0.576,0.101 | p_IinG = 7.149,-7.561,-0.763 | dist = 34.01 (meters)
bg = -0.0028,0.0215,0.0787 | ba = -0.0439,0.1467,0.0767
[34m[TIME]: 0.0103 seconds total (97.0 hz, 0.50 ms behind)
[0mq_GtoI = -0.797,-0.143,-0.578,0.101 | p_IinG = 7.129,-7.530,-0.763 | dist = 34.05 (meters)
bg = -0.0028,0.0215,0.0787 | ba = -0.0434,0.1462,0.0768
[34m[TIME]: 0.0050 seconds total (200.4 hz, 0.50 ms behind)
[0mq_GtoI = -0.796,-0.144,-0.579,0.099 | p_IinG = 7.108,-7.499,-0.761 | dist = 34.09 (meters)
bg = -0.0028,0.0215,0.0787 | ba = -0.0427,0.1454,0.0772
[34m[TIME]: 0.0056 seconds total (178.0 hz, 0.50 ms behind)
[0mq_GtoI = -0.796,-0.145,-0.580,0.096 | p_IinG = 7.087,-7.468,-0.757 | dist = 34.13 (meters)
bg = -0.0028,0.0215,0.0787 | ba = -0.0429,0.1448,0.0774
[34m[TIME]: 0.0051 seconds total (194.7 hz, 0.50 ms behind)
[0mq_GtoI = -0.796,-0.146,-0.580,0.093 | p_IinG = 7.065,-7.436,-0.753 | dist = 34.17 (meters)
bg = -0.0028,0.0215,0.0787 | ba = -0.0427,0.1443,0.0778
[34m[TIME]: 0.0097 seconds total (102.8 hz, 0.50 ms behind)
[0mq_GtoI = -0.796,-0.147,-0.580,0.090 | p_IinG = 7.043,-7.405,-0.747 | dist = 34.21 (meters)
bg = -0.0028,0.0215,0.0787 | ba = -0.0429,0.1440,0.0782
[34m[TIME]: 0.0058 seconds total (171.7 hz, 0.50 ms behind)
[0mq_GtoI = -0.795,-0.147,-0.581,0.090 | p_IinG = 7.020,-7.374,-0.742 | dist = 34.25 (meters)
bg = -0.0028,0.0214,0.0787 | ba = -0.0414,0.1431,0.0778
[34m[TIME]: 0.0060 seconds total (165.5 hz, 0.50 ms behind)
[0mq_GtoI = -0.796,-0.147,-0.580,0.090 | p_IinG = 6.997,-7.342,-0.738 | dist = 34.29 (meters)
bg = -0.0028,0.0214,0.0787 | ba = -0.0418,0.1422,0.0785
[34m[TIME]: 0.0059 seconds total (168.1 hz, 0.50 ms behind)
[0mq_GtoI = -0.796,-0.146,-0.580,0.092 | p_IinG = 6.971,-7.310,-0.736 | dist = 34.33 (meters)
bg = -0.0028,0.0214,0.0787 | ba = -0.0422,0.1416,0.0795
[34m[TIME]: 0.0063 seconds total (159.7 hz, 0.50 ms behind)
[0mq_GtoI = -0.797,-0.146,-0.578,0.094 | p_IinG = 6.945,-7.278,-0.736 | dist = 34.37 (meters)
bg = -0.0028,0.0214,0.0787 | ba = -0.0428,0.1406,0.0809
[34m[TIME]: 0.0110 seconds total (90.5 hz, 0.50 ms behind)
[0mq_GtoI = -0.798,-0.145,-0.577,0.095 | p_IinG = 6.919,-7.245,-0.737 | dist = 34.41 (meters)
bg = -0.0028,0.0214,0.0787 | ba = -0.0426,0.1396,0.0818
[34m[TIME]: 0.0049 seconds total (202.6 hz, 0.50 ms behind)
[0mq_GtoI = -0.798,-0.145,-0.577,0.097 | p_IinG = 6.890,-7.212,-0.739 | dist = 34.45 (meters)
bg = -0.0028,0.0214,0.0787 | ba = -0.0427,0.1390,0.0832
[34m[TIME]: 0.0090 seconds total (111.4 hz, 0.50 ms behind)
[0mq_GtoI = -0.798,-0.145,-0.576,0.099 | p_IinG = 6.863,-7.180,-0.742 | dist = 34.50 (meters)
bg = -0.0028,0.0214,0.0787 | ba = -0.0424,0.1380,0.0837
[34m[TIME]: 0.0058 seconds total (171.1 hz, 0.50 ms behind)
[0mq_GtoI = -0.799,-0.145,-0.575,0.100 | p_IinG = 6.836,-7.147,-0.746 | dist = 34.54 (meters)
bg = -0.0028,0.0214,0.0787 | ba = -0.0420,0.1370,0.0846
[34m[TIME]: 0.0052 seconds total (193.8 hz, 0.50 ms behind)
[0mq_GtoI = -0.799,-0.145,-0.575,0.102 | p_IinG = 6.807,-7.115,-0.752 | dist = 34.58 (meters)
bg = -0.0028,0.0214,0.0787 | ba = -0.0415,0.1359,0.0858
[34m[TIME]: 0.0059 seconds total (170.3 hz, 0.50 ms behind)
[0mq_GtoI = -0.799,-0.146,-0.575,0.102 | p_IinG = 6.779,-7.084,-0.758 | dist = 34.62 (meters)
bg = -0.0028,0.0214,0.0787 | ba = -0.0408,0.1349,0.0869
[34m[TIME]: 0.0053 seconds total (187.9 hz, 0.50 ms behind)
[0mq_GtoI = -0.799,-0.146,-0.575,0.103 | p_IinG = 6.750,-7.052,-0.765 | dist = 34.67 (meters)
bg = -0.0028,0.0214,0.0787 | ba = -0.0392,0.1340,0.0885
[34m[TIME]: 0.0052 seconds total (191.4 hz, 0.50 ms behind)
[0mq_GtoI = -0.800,-0.147,-0.573,0.103 | p_IinG = 6.721,-7.021,-0.774 | dist = 34.71 (meters)
bg = -0.0028,0.0214,0.0787 | ba = -0.0377,0.1333,0.0896
[34m[TIME]: 0.0056 seconds total (178.0 hz, 0.50 ms behind)
[0mq_GtoI = -0.801,-0.147,-0.571,0.104 | p_IinG = 6.692,-6.990,-0.783 | dist = 34.75 (meters)
bg = -0.0028,0.0213,0.0788 | ba = -0.0361,0.1327,0.0906
[34m[TIME]: 0.0085 seconds total (117.6 hz, 0.50 ms behind)
[0mq_GtoI = -0.802,-0.148,-0.569,0.104 | p_IinG = 6.663,-6.960,-0.792 | dist = 34.80 (meters)
bg = -0.0028,0.0213,0.0788 | ba = -0.0344,0.1319,0.0921
[34m[TIME]: 0.0064 seconds total (155.4 hz, 0.50 ms behind)
[0mq_GtoI = -0.804,-0.147,-0.567,0.106 | p_IinG = 6.633,-6.929,-0.799 | dist = 34.84 (meters)
bg = -0.0028,0.0213,0.0788 | ba = -0.0330,0.1317,0.0939
[34m[TIME]: 0.0069 seconds total (144.9 hz, 0.50 ms behind)
[0mq_GtoI = -0.805,-0.148,-0.564,0.105 | p_IinG = 6.602,-6.898,-0.804 | dist = 34.88 (meters)
bg = -0.0028,0.0213,0.0788 | ba = -0.0322,0.1315,0.0963
[34m[TIME]: 0.0059 seconds total (170.0 hz, 0.50 ms behind)
[0mq_GtoI = -0.807,-0.148,-0.562,0.108 | p_IinG = 6.568,-6.868,-0.809 | dist = 34.92 (meters)
bg = -0.0028,0.0213,0.0788 | ba = -0.0290,0.1310,0.0996
[34m[TIME]: 0.0087 seconds total (114.8 hz, 0.50 ms behind)
[0mq_GtoI = -0.807,-0.150,-0.561,0.106 | p_IinG = 6.539,-6.838,-0.811 | dist = 34.97 (meters)
bg = -0.0028,0.0213,0.0788 | ba = -0.0275,0.1307,0.1004
[34m[TIME]: 0.0102 seconds total (97.8 hz, 0.50 ms behind)
[0mq_GtoI = -0.807,-0.150,-0.561,0.108 | p_IinG = 6.512,-6.808,-0.811 | dist = 35.01 (meters)
bg = -0.0028,0.0213,0.0788 | ba = -0.0268,0.1305,0.1012
[34m[TIME]: 0.0096 seconds total (104.2 hz, 0.50 ms behind)
[0mq_GtoI = -0.806,-0.150,-0.563,0.109 | p_IinG = 6.486,-6.778,-0.808 | dist = 35.05 (meters)
bg = -0.0028,0.0213,0.0788 | ba = -0.0263,0.1304,0.1020
[34m[TIME]: 0.0049 seconds total (204.0 hz, 0.50 ms behind)
[0mq_GtoI = -0.804,-0.150,-0.564,0.109 | p_IinG = 6.460,-6.747,-0.803 | dist = 35.08 (meters)
bg = -0.0028,0.0213,0.0788 | ba = -0.0254,0.1304,0.1029
[34m[TIME]: 0.0062 seconds total (160.8 hz, 0.50 ms behind)
[0mq_GtoI = -0.803,-0.151,-0.566,0.110 | p_IinG = 6.434,-6.718,-0.797 | dist = 35.12 (meters)
bg = -0.0028,0.0213,0.0788 | ba = -0.0243,0.1305,0.1037
[34m[TIME]: 0.0051 seconds total (197.7 hz, 0.50 ms behind)
[0mq_GtoI = -0.802,-0.152,-0.566,0.111 | p_IinG = 6.407,-6.688,-0.789 | dist = 35.16 (meters)
bg = -0.0028,0.0213,0.0788 | ba = -0.0231,0.1306,0.1044
[34m[TIME]: 0.0050 seconds total (201.0 hz, 0.50 ms behind)
[0mq_GtoI = -0.801,-0.153,-0.567,0.112 | p_IinG = 6.381,-6.658,-0.780 | dist = 35.20 (meters)
bg = -0.0028,0.0213,0.0788 | ba = -0.0217,0.1308,0.1053
[34m[TIME]: 0.0090 seconds total (111.2 hz, 0.50 ms behind)
[0mq_GtoI = -0.800,-0.153,-0.568,0.113 | p_IinG = 6.354,-6.630,-0.769 | dist = 35.24 (meters)
bg = -0.0028,0.0213,0.0788 | ba = -0.0205,0.1306,0.1064
[34m[TIME]: 0.0067 seconds total (148.3 hz, 0.50 ms behind)
[0mq_GtoI = -0.799,-0.154,-0.570,0.113 | p_IinG = 6.328,-6.601,-0.758 | dist = 35.28 (meters)
bg = -0.0028,0.0213,0.0788 | ba = -0.0192,0.1306,0.1071
[34m[TIME]: 0.0112 seconds total (89.2 hz, 0.50 ms behind)
[0mq_GtoI = -0.798,-0.154,-0.572,0.114 | p_IinG = 6.300,-6.572,-0.749 | dist = 35.32 (meters)
bg = -0.0028,0.0213,0.0788 | ba = -0.0175,0.1308,0.1080
[34m[TIME]: 0.0061 seconds total (162.7 hz, 0.50 ms behind)
[0mq_GtoI = -0.797,-0.155,-0.573,0.114 | p_IinG = 6.272,-6.544,-0.741 | dist = 35.36 (meters)
bg = -0.0028,0.0213,0.0788 | ba = -0.0158,0.1306,0.1090
[34m[TIME]: 0.0097 seconds total (103.5 hz, 0.50 ms behind)
[0mq_GtoI = -0.797,-0.155,-0.573,0.116 | p_IinG = 6.241,-6.517,-0.736 | dist = 35.40 (meters)
bg = -0.0028,0.0213,0.0788 | ba = -0.0139,0.1304,0.1111
[34m[TIME]: 0.0073 seconds total (137.6 hz, 0.50 ms behind)
[0mq_GtoI = -0.796,-0.154,-0.573,0.119 | p_IinG = 6.213,-6.491,-0.732 | dist = 35.44 (meters)
bg = -0.0028,0.0213,0.0788 | ba = -0.0128,0.1301,0.1117
[34m[TIME]: 0.0121 seconds total (82.5 hz, 0.50 ms behind)
[0mq_GtoI = -0.796,-0.153,-0.574,0.121 | p_IinG = 6.186,-6.465,-0.728 | dist = 35.48 (meters)
bg = -0.0028,0.0213,0.0788 | ba = -0.0120,0.1298,0.1120
[34m[TIME]: 0.0054 seconds total (185.7 hz, 0.50 ms behind)
[0mq_GtoI = -0.795,-0.152,-0.574,0.123 | p_IinG = 6.155,-6.439,-0.727 | dist = 35.52 (meters)
bg = -0.0028,0.0213,0.0788 | ba = -0.0104,0.1298,0.1140
[34m[TIME]: 0.0096 seconds total (104.3 hz, 0.50 ms behind)
[0mq_GtoI = -0.795,-0.152,-0.574,0.124 | p_IinG = 6.126,-6.415,-0.727 | dist = 35.55 (meters)
bg = -0.0028,0.0213,0.0788 | ba = -0.0097,0.1296,0.1143
[34m[TIME]: 0.0046 seconds total (215.3 hz, 0.50 ms behind)
[0mq_GtoI = -0.794,-0.152,-0.575,0.124 | p_IinG = 6.098,-6.391,-0.728 | dist = 35.59 (meters)
bg = -0.0028,0.0213,0.0788 | ba = -0.0089,0.1294,0.1145
[34m[TIME]: 0.0046 seconds total (217.1 hz, 0.50 ms behind)
[0mq_GtoI = -0.794,-0.152,-0.575,0.124 | p_IinG = 6.070,-6.369,-0.731 | dist = 35.63 (meters)
bg = -0.0028,0.0213,0.0788 | ba = -0.0080,0.1291,0.1147
[34m[TIME]: 0.0086 seconds total (116.3 hz, 0.50 ms behind)
[0mq_GtoI = -0.794,-0.152,-0.575,0.124 | p_IinG = 6.041,-6.347,-0.735 | dist = 35.66 (meters)
bg = -0.0028,0.0213,0.0788 | ba = -0.0071,0.1288,0.1149
[34m[TIME]: 0.0084 seconds total (118.6 hz, 0.50 ms behind)
[0mq_GtoI = -0.794,-0.153,-0.575,0.123 | p_IinG = 6.011,-6.327,-0.742 | dist = 35.70 (meters)
bg = -0.0028,0.0213,0.0788 | ba = -0.0061,0.1285,0.1149
[34m[TIME]: 0.0050 seconds total (198.9 hz, 0.50 ms behind)
[0mq_GtoI = -0.793,-0.155,-0.576,0.120 | p_IinG = 5.981,-6.307,-0.749 | dist = 35.74 (meters)
bg = -0.0028,0.0213,0.0788 | ba = -0.0053,0.1285,0.1149
[34m[TIME]: 0.0050 seconds total (200.4 hz, 0.50 ms behind)
[0mq_GtoI = -0.794,-0.158,-0.576,0.115 | p_IinG = 5.951,-6.288,-0.755 | dist = 35.77 (meters)
bg = -0.0028,0.0214,0.0788 | ba = -0.0049,0.1288,0.1147
[34m[TIME]: 0.0112 seconds total (89.0 hz, 0.50 ms behind)
[0mq_GtoI = -0.794,-0.160,-0.576,0.111 | p_IinG = 5.920,-6.269,-0.761 | dist = 35.81 (meters)
bg = -0.0028,0.0214,0.0788 | ba = -0.0044,0.1290,0.1143
[34m[TIME]: 0.0084 seconds total (119.4 hz, 0.50 ms behind)
[0mq_GtoI = -0.795,-0.161,-0.575,0.109 | p_IinG = 5.890,-6.251,-0.765 | dist = 35.85 (meters)
bg = -0.0028,0.0214,0.0788 | ba = -0.0047,0.1292,0.1140
[34m[TIME]: 0.0120 seconds total (83.5 hz, 0.50 ms behind)
[0mq_GtoI = -0.796,-0.161,-0.574,0.107 | p_IinG = 5.859,-6.231,-0.766 | dist = 35.88 (meters)
bg = -0.0028,0.0214,0.0788 | ba = -0.0049,0.1297,0.1128
[34m[TIME]: 0.0073 seconds total (137.2 hz, 0.50 ms behind)
[0mq_GtoI = -0.797,-0.160,-0.572,0.107 | p_IinG = 5.827,-6.213,-0.767 | dist = 35.92 (meters)
bg = -0.0028,0.0214,0.0788 | ba = -0.0044,0.1301,0.1123
[34m[TIME]: 0.0053 seconds total (190.0 hz, 0.50 ms behind)
[0mq_GtoI = -0.799,-0.161,-0.570,0.104 | p_IinG = 5.796,-6.192,-0.765 | dist = 35.96 (meters)
bg = -0.0027,0.0214,0.0788 | ba = -0.0051,0.1313,0.1102
[34m[TIME]: 0.0085 seconds total (117.9 hz, 0.50 ms behind)
[0mq_GtoI = -0.800,-0.161,-0.569,0.101 | p_IinG = 5.763,-6.174,-0.762 | dist = 36.00 (meters)
bg = -0.0027,0.0214,0.0788 | ba = -0.0056,0.1317,0.1097
[34m[TIME]: 0.0053 seconds total (187.3 hz, 0.50 ms behind)
[0mq_GtoI = -0.801,-0.162,-0.568,0.098 | p_IinG = 5.730,-6.154,-0.758 | dist = 36.04 (meters)
bg = -0.0027,0.0214,0.0788 | ba = -0.0059,0.1324,0.1093
[34m[TIME]: 0.0056 seconds total (177.6 hz, 0.50 ms behind)
[0mq_GtoI = -0.802,-0.162,-0.568,0.096 | p_IinG = 5.697,-6.134,-0.753 | dist = 36.07 (meters)
bg = -0.0027,0.0214,0.0788 | ba = -0.0057,0.1329,0.1086
[34m[TIME]: 0.0052 seconds total (192.7 hz, 0.50 ms behind)
[0mq_GtoI = -0.802,-0.160,-0.568,0.096 | p_IinG = 5.664,-6.114,-0.747 | dist = 36.11 (meters)
bg = -0.0027,0.0214,0.0788 | ba = -0.0056,0.1336,0.1078
[34m[TIME]: 0.0051 seconds total (194.3 hz, 0.50 ms behind)
[0mq_GtoI = -0.802,-0.158,-0.567,0.097 | p_IinG = 5.631,-6.093,-0.744 | dist = 36.15 (meters)
bg = -0.0027,0.0214,0.0788 | ba = -0.0053,0.1339,0.1072
[34m[TIME]: 0.0051 seconds total (195.4 hz, 0.50 ms behind)
[0mq_GtoI = -0.803,-0.156,-0.567,0.098 | p_IinG = 5.599,-6.072,-0.742 | dist = 36.19 (meters)
bg = -0.0027,0.0214,0.0788 | ba = -0.0047,0.1340,0.1062
[34m[TIME]: 0.0098 seconds total (102.4 hz, 0.50 ms behind)
[0mq_GtoI = -0.803,-0.155,-0.567,0.098 | p_IinG = 5.567,-6.050,-0.742 | dist = 36.23 (meters)
bg = -0.0027,0.0214,0.0788 | ba = -0.0050,0.1346,0.1051
[34m[TIME]: 0.0104 seconds total (96.4 hz, 0.50 ms behind)
[0mq_GtoI = -0.803,-0.153,-0.567,0.100 | p_IinG = 5.534,-6.028,-0.742 | dist = 36.27 (meters)
bg = -0.0027,0.0214,0.0788 | ba = -0.0050,0.1348,0.1045
[34m[TIME]: 0.0051 seconds total (197.8 hz, 0.50 ms behind)
[0mq_GtoI = -0.803,-0.153,-0.568,0.099 | p_IinG = 5.503,-6.007,-0.744 | dist = 36.31 (meters)
bg = -0.0027,0.0215,0.0788 | ba = -0.0061,0.1348,0.1039
[34m[TIME]: 0.0073 seconds total (137.7 hz, 0.50 ms behind)
[0mq_GtoI = -0.802,-0.153,-0.568,0.098 | p_IinG = 5.470,-5.984,-0.747 | dist = 36.35 (meters)
bg = -0.0027,0.0215,0.0788 | ba = -0.0068,0.1351,0.1033
[34m[TIME]: 0.0072 seconds total (139.0 hz, 0.50 ms behind)
[0mq_GtoI = -0.802,-0.154,-0.569,0.097 | p_IinG = 5.438,-5.962,-0.753 | dist = 36.39 (meters)
bg = -0.0027,0.0215,0.0787 | ba = -0.0066,0.1348,0.1028
[34m[TIME]: 0.0136 seconds total (73.3 hz, 0.50 ms behind)
[0mq_GtoI = -0.801,-0.155,-0.570,0.095 | p_IinG = 5.405,-5.939,-0.758 | dist = 36.43 (meters)
bg = -0.0027,0.0215,0.0787 | ba = -0.0077,0.1345,0.1026
[34m[TIME]: 0.0069 seconds total (144.2 hz, 0.50 ms behind)
[0mq_GtoI = -0.800,-0.156,-0.572,0.093 | p_IinG = 5.373,-5.916,-0.764 | dist = 36.47 (meters)
bg = -0.0027,0.0215,0.0787 | ba = -0.0082,0.1342,0.1023
[34m[TIME]: 0.0053 seconds total (190.2 hz, 0.50 ms behind)
[0mq_GtoI = -0.800,-0.156,-0.571,0.094 | p_IinG = 5.340,-5.892,-0.772 | dist = 36.51 (meters)
bg = -0.0027,0.0215,0.0787 | ba = -0.0088,0.1339,0.1022
[34m[TIME]: 0.0056 seconds total (178.8 hz, 0.50 ms behind)
[0mq_GtoI = -0.801,-0.154,-0.570,0.097 | p_IinG = 5.307,-5.868,-0.780 | dist = 36.56 (meters)
bg = -0.0027,0.0215,0.0787 | ba = -0.0095,0.1334,0.1022
[34m[TIME]: 0.0076 seconds total (131.7 hz, 0.50 ms behind)
[0mq_GtoI = -0.802,-0.152,-0.568,0.100 | p_IinG = 5.273,-5.844,-0.788 | dist = 36.60 (meters)
bg = -0.0027,0.0215,0.0787 | ba = -0.0104,0.1329,0.1022
[34m[TIME]: 0.0056 seconds total (179.0 hz, 0.50 ms behind)
[0mq_GtoI = -0.804,-0.151,-0.566,0.102 | p_IinG = 5.239,-5.820,-0.795 | dist = 36.64 (meters)
bg = -0.0027,0.0215,0.0787 | ba = -0.0111,0.1322,0.1025
[34m[TIME]: 0.0083 seconds total (119.9 hz, 0.50 ms behind)
[0mq_GtoI = -0.805,-0.150,-0.564,0.104 | p_IinG = 5.206,-5.797,-0.800 | dist = 36.68 (meters)
bg = -0.0027,0.0215,0.0787 | ba = -0.0113,0.1313,0.1027
[34m[TIME]: 0.0050 seconds total (198.3 hz, 0.50 ms behind)
[0mq_GtoI = -0.805,-0.149,-0.564,0.105 | p_IinG = 5.173,-5.773,-0.802 | dist = 36.72 (meters)
bg = -0.0027,0.0215,0.0787 | ba = -0.0112,0.1306,0.1030
[34m[TIME]: 0.0051 seconds total (195.2 hz, 0.50 ms behind)
[0mq_GtoI = -0.806,-0.148,-0.563,0.105 | p_IinG = 5.140,-5.749,-0.803 | dist = 36.76 (meters)
bg = -0.0027,0.0215,0.0787 | ba = -0.0113,0.1302,0.1034
[34m[TIME]: 0.0051 seconds total (196.8 hz, 0.50 ms behind)
[0mq_GtoI = -0.807,-0.148,-0.562,0.106 | p_IinG = 5.108,-5.726,-0.803 | dist = 36.80 (meters)
bg = -0.0027,0.0215,0.0787 | ba = -0.0110,0.1293,0.1040
[34m[TIME]: 0.0069 seconds total (144.9 hz, 0.50 ms behind)
[0mq_GtoI = -0.807,-0.147,-0.561,0.107 | p_IinG = 5.077,-5.703,-0.801 | dist = 36.84 (meters)
bg = -0.0027,0.0215,0.0787 | ba = -0.0107,0.1290,0.1042
[34m[TIME]: 0.0065 seconds total (154.3 hz, 0.50 ms behind)
[0mq_GtoI = -0.808,-0.146,-0.560,0.108 | p_IinG = 5.043,-5.681,-0.796 | dist = 36.88 (meters)
bg = -0.0027,0.0215,0.0787 | ba = -0.0116,0.1290,0.1074
[34m[TIME]: 0.0074 seconds total (135.0 hz, 0.50 ms behind)
[0mq_GtoI = -0.809,-0.147,-0.560,0.107 | p_IinG = 5.011,-5.658,-0.792 | dist = 36.92 (meters)
bg = -0.0027,0.0215,0.0787 | ba = -0.0107,0.1284,0.1082
[34m[TIME]: 0.0062 seconds total (162.0 hz, 0.50 ms behind)
[0mq_GtoI = -0.809,-0.146,-0.558,0.107 | p_IinG = 4.981,-5.636,-0.789 | dist = 36.96 (meters)
bg = -0.0027,0.0215,0.0787 | ba = -0.0109,0.1280,0.1086
[34m[TIME]: 0.0089 seconds total (111.9 hz, 0.50 ms behind)
[0mq_GtoI = -0.810,-0.146,-0.557,0.108 | p_IinG = 4.951,-5.614,-0.787 | dist = 36.99 (meters)
bg = -0.0027,0.0215,0.0787 | ba = -0.0109,0.1275,0.1088
[34m[TIME]: 0.0046 seconds total (215.2 hz, 0.50 ms behind)
[0mq_GtoI = -0.810,-0.147,-0.557,0.107 | p_IinG = 4.922,-5.592,-0.787 | dist = 37.03 (meters)
bg = -0.0028,0.0215,0.0787 | ba = -0.0108,0.1274,0.1089
[34m[TIME]: 0.0046 seconds total (218.3 hz, 0.50 ms behind)
[0mq_GtoI = -0.810,-0.148,-0.557,0.107 | p_IinG = 4.894,-5.571,-0.788 | dist = 37.06 (meters)
bg = -0.0028,0.0215,0.0787 | ba = -0.0109,0.1271,0.1092
[34m[TIME]: 0.0047 seconds total (213.8 hz, 0.50 ms behind)
[0mq_GtoI = -0.810,-0.148,-0.557,0.106 | p_IinG = 4.866,-5.550,-0.791 | dist = 37.10 (meters)
bg = -0.0028,0.0215,0.0787 | ba = -0.0110,0.1270,0.1095
[34m[TIME]: 0.0086 seconds total (116.6 hz, 0.50 ms behind)
[0mq_GtoI = -0.810,-0.148,-0.557,0.106 | p_IinG = 4.839,-5.528,-0.794 | dist = 37.13 (meters)
bg = -0.0028,0.0215,0.0787 | ba = -0.0119,0.1269,0.1098
[34m[TIME]: 0.0048 seconds total (207.6 hz, 0.50 ms behind)
[0mq_GtoI = -0.809,-0.148,-0.558,0.107 | p_IinG = 4.813,-5.506,-0.798 | dist = 37.17 (meters)
bg = -0.0028,0.0215,0.0787 | ba = -0.0121,0.1264,0.1098
[34m[TIME]: 0.0062 seconds total (162.4 hz, 0.50 ms behind)
[0mq_GtoI = -0.808,-0.148,-0.560,0.107 | p_IinG = 4.788,-5.485,-0.801 | dist = 37.20 (meters)
bg = -0.0028,0.0215,0.0787 | ba = -0.0125,0.1266,0.1095
[34m[TIME]: 0.0053 seconds total (189.3 hz, 0.50 ms behind)
[0mq_GtoI = -0.807,-0.148,-0.561,0.109 | p_IinG = 4.764,-5.464,-0.803 | dist = 37.23 (meters)
bg = -0.0028,0.0215,0.0787 | ba = -0.0124,0.1261,0.1096
[34m[TIME]: 0.0068 seconds total (147.1 hz, 0.50 ms behind)
[0mq_GtoI = -0.806,-0.148,-0.562,0.110 | p_IinG = 4.740,-5.443,-0.802 | dist = 37.27 (meters)
bg = -0.0028,0.0215,0.0787 | ba = -0.0124,0.1258,0.1093
[34m[TIME]: 0.0066 seconds total (152.4 hz, 0.50 ms behind)
[0mq_GtoI = -0.806,-0.148,-0.563,0.111 | p_IinG = 4.715,-5.422,-0.800 | dist = 37.30 (meters)
bg = -0.0028,0.0215,0.0787 | ba = -0.0126,0.1260,0.1098
[34m[TIME]: 0.0071 seconds total (141.0 hz, 0.50 ms behind)
[0mq_GtoI = -0.805,-0.148,-0.563,0.112 | p_IinG = 4.691,-5.402,-0.796 | dist = 37.33 (meters)
bg = -0.0028,0.0215,0.0787 | ba = -0.0115,0.1255,0.1096
[34m[TIME]: 0.0065 seconds total (153.0 hz, 0.50 ms behind)
[0mq_GtoI = -0.805,-0.147,-0.564,0.112 | p_IinG = 4.668,-5.382,-0.791 | dist = 37.36 (meters)
bg = -0.0028,0.0215,0.0787 | ba = -0.0112,0.1253,0.1092
[34m[TIME]: 0.0080 seconds total (125.6 hz, 0.50 ms behind)
[0mq_GtoI = -0.805,-0.147,-0.564,0.113 | p_IinG = 4.646,-5.363,-0.784 | dist = 37.39 (meters)
bg = -0.0028,0.0215,0.0787 | ba = -0.0104,0.1251,0.1088
[34m[TIME]: 0.0051 seconds total (195.9 hz, 0.50 ms behind)
[0mq_GtoI = -0.805,-0.147,-0.564,0.113 | p_IinG = 4.623,-5.344,-0.778 | dist = 37.42 (meters)
bg = -0.0028,0.0215,0.0787 | ba = -0.0097,0.1247,0.1085
[34m[TIME]: 0.0096 seconds total (104.0 hz, 0.50 ms behind)
[0mq_GtoI = -0.804,-0.148,-0.565,0.113 | p_IinG = 4.600,-5.324,-0.772 | dist = 37.45 (meters)
bg = -0.0028,0.0215,0.0787 | ba = -0.0087,0.1251,0.1081
[34m[TIME]: 0.0099 seconds total (101.5 hz, 0.50 ms behind)
[0mq_GtoI = -0.803,-0.148,-0.566,0.113 | p_IinG = 4.576,-5.305,-0.767 | dist = 37.48 (meters)
bg = -0.0028,0.0215,0.0787 | ba = -0.0077,0.1256,0.1083
[34m[TIME]: 0.0053 seconds total (187.6 hz, 0.50 ms behind)
[0mq_GtoI = -0.803,-0.148,-0.566,0.113 | p_IinG = 4.559,-5.287,-0.764 | dist = 37.51 (meters)
bg = -0.0028,0.0215,0.0787 | ba = -0.0077,0.1244,0.1059
[34m[TIME]: 0.0082 seconds total (121.4 hz, 0.50 ms behind)
[0mq_GtoI = -0.802,-0.149,-0.568,0.112 | p_IinG = 4.538,-5.270,-0.762 | dist = 37.54 (meters)
bg = -0.0028,0.0215,0.0787 | ba = -0.0071,0.1242,0.1053
[34m[TIME]: 0.0050 seconds total (200.4 hz, 0.50 ms behind)
[0mq_GtoI = -0.801,-0.150,-0.569,0.112 | p_IinG = 4.517,-5.253,-0.762 | dist = 37.57 (meters)
bg = -0.0028,0.0215,0.0787 | ba = -0.0069,0.1238,0.1048
[34m[TIME]: 0.0086 seconds total (116.4 hz, 0.50 ms behind)
[0mq_GtoI = -0.800,-0.150,-0.569,0.112 | p_IinG = 4.496,-5.236,-0.764 | dist = 37.59 (meters)
bg = -0.0028,0.0215,0.0787 | ba = -0.0058,0.1234,0.1042
[34m[TIME]: 0.0049 seconds total (203.3 hz, 0.50 ms behind)
[0mq_GtoI = -0.800,-0.150,-0.570,0.112 | p_IinG = 4.475,-5.220,-0.767 | dist = 37.62 (meters)
bg = -0.0028,0.0215,0.0787 | ba = -0.0046,0.1230,0.1037
[34m[TIME]: 0.0050 seconds total (199.0 hz, 0.50 ms behind)
[0mq_GtoI = -0.800,-0.150,-0.570,0.113 | p_IinG = 4.455,-5.203,-0.773 | dist = 37.65 (meters)
bg = -0.0028,0.0215,0.0787 | ba = -0.0040,0.1229,0.1030
[34m[TIME]: 0.0057 seconds total (175.0 hz, 0.50 ms behind)
[0mq_GtoI = -0.800,-0.149,-0.570,0.115 | p_IinG = 4.433,-5.188,-0.781 | dist = 37.67 (meters)
bg = -0.0028,0.0215,0.0787 | ba = -0.0029,0.1221,0.1028
[34m[TIME]: 0.0056 seconds total (178.5 hz, 0.50 ms behind)
[0mq_GtoI = -0.799,-0.149,-0.570,0.116 | p_IinG = 4.412,-5.173,-0.789 | dist = 37.70 (meters)
bg = -0.0028,0.0215,0.0787 | ba = -0.0024,0.1217,0.1029
[34m[TIME]: 0.0082 seconds total (121.9 hz, 0.50 ms behind)
[0mq_GtoI = -0.799,-0.149,-0.571,0.117 | p_IinG = 4.390,-5.158,-0.800 | dist = 37.73 (meters)
bg = -0.0028,0.0215,0.0787 | ba = -0.0023,0.1213,0.1031
[34m[TIME]: 0.0045 seconds total (222.5 hz, 0.50 ms behind)
[0mq_GtoI = -0.799,-0.149,-0.571,0.118 | p_IinG = 4.367,-5.144,-0.812 | dist = 37.76 (meters)
bg = -0.0028,0.0215,0.0787 | ba = -0.0026,0.1208,0.1035
[34m[TIME]: 0.0045 seconds total (222.0 hz, 0.50 ms behind)
[0mq_GtoI = -0.799,-0.149,-0.571,0.117 | p_IinG = 4.345,-5.131,-0.825 | dist = 37.79 (meters)
bg = -0.0028,0.0215,0.0787 | ba = -0.0032,0.1205,0.1039
[34m[TIME]: 0.0058 seconds total (171.8 hz, 0.50 ms behind)
[0mq_GtoI = -0.799,-0.149,-0.570,0.118 | p_IinG = 4.323,-5.117,-0.839 | dist = 37.82 (meters)
bg = -0.0028,0.0215,0.0787 | ba = -0.0037,0.1205,0.1043
[34m[TIME]: 0.0061 seconds total (163.8 hz, 0.50 ms behind)
[0mq_GtoI = -0.799,-0.150,-0.570,0.116 | p_IinG = 4.302,-5.101,-0.851 | dist = 37.85 (meters)
bg = -0.0028,0.0215,0.0787 | ba = -0.0069,0.1224,0.1038
[34m[TIME]: 0.0077 seconds total (130.7 hz, 0.50 ms behind)
[0mq_GtoI = -0.799,-0.152,-0.570,0.114 | p_IinG = 4.280,-5.088,-0.868 | dist = 37.88 (meters)
bg = -0.0028,0.0215,0.0787 | ba = -0.0072,0.1222,0.1041
[34m[TIME]: 0.0046 seconds total (218.7 hz, 0.50 ms behind)
[0mq_GtoI = -0.799,-0.153,-0.571,0.113 | p_IinG = 4.258,-5.076,-0.884 | dist = 37.91 (meters)
bg = -0.0028,0.0215,0.0787 | ba = -0.0084,0.1227,0.1047
[34m[TIME]: 0.0097 seconds total (103.6 hz, 0.50 ms behind)
[0mq_GtoI = -0.799,-0.156,-0.571,0.109 | p_IinG = 4.234,-5.064,-0.901 | dist = 37.94 (meters)
bg = -0.0028,0.0215,0.0787 | ba = -0.0089,0.1227,0.1064
[34m[TIME]: 0.0051 seconds total (196.4 hz, 0.50 ms behind)
[0mq_GtoI = -0.799,-0.157,-0.571,0.107 | p_IinG = 4.211,-5.053,-0.917 | dist = 37.97 (meters)
bg = -0.0028,0.0215,0.0787 | ba = -0.0087,0.1228,0.1078
[34m[TIME]: 0.0059 seconds total (169.0 hz, 0.50 ms behind)
[0mq_GtoI = -0.799,-0.158,-0.571,0.106 | p_IinG = 4.187,-5.042,-0.931 | dist = 38.00 (meters)
bg = -0.0028,0.0215,0.0787 | ba = -0.0087,0.1225,0.1094
[34m[TIME]: 0.0052 seconds total (192.0 hz, 0.50 ms behind)
[0mq_GtoI = -0.799,-0.158,-0.571,0.106 | p_IinG = 4.163,-5.030,-0.944 | dist = 38.03 (meters)
bg = -0.0028,0.0215,0.0787 | ba = -0.0083,0.1224,0.1099
[34m[TIME]: 0.0048 seconds total (209.9 hz, 0.50 ms behind)
[0mq_GtoI = -0.799,-0.157,-0.571,0.108 | p_IinG = 4.140,-5.018,-0.956 | dist = 38.05 (meters)
bg = -0.0028,0.0215,0.0787 | ba = -0.0080,0.1222,0.1103
[34m[TIME]: 0.0044 seconds total (229.5 hz, 0.50 ms behind)
[0mq_GtoI = -0.799,-0.156,-0.570,0.110 | p_IinG = 4.116,-5.005,-0.966 | dist = 38.08 (meters)
bg = -0.0028,0.0215,0.0787 | ba = -0.0078,0.1221,0.1106
[34m[TIME]: 0.0043 seconds total (231.7 hz, 0.50 ms behind)
[0mq_GtoI = -0.800,-0.155,-0.569,0.112 | p_IinG = 4.091,-4.992,-0.975 | dist = 38.11 (meters)
bg = -0.0028,0.0215,0.0787 | ba = -0.0066,0.1215,0.1116
[34m[TIME]: 0.0070 seconds total (143.4 hz, 0.50 ms behind)
[0mq_GtoI = -0.800,-0.155,-0.568,0.112 | p_IinG = 4.067,-4.980,-0.985 | dist = 38.14 (meters)
bg = -0.0028,0.0215,0.0787 | ba = -0.0063,0.1211,0.1122
[34m[TIME]: 0.0043 seconds total (231.4 hz, 0.50 ms behind)
[0mq_GtoI = -0.800,-0.155,-0.568,0.111 | p_IinG = 4.043,-4.967,-0.995 | dist = 38.17 (meters)
bg = -0.0028,0.0215,0.0787 | ba = -0.0058,0.1207,0.1129
[34m[TIME]: 0.0040 seconds total (248.0 hz, 0.50 ms behind)
[0mq_GtoI = -0.800,-0.157,-0.568,0.108 | p_IinG = 4.016,-4.952,-1.008 | dist = 38.20 (meters)
bg = -0.0028,0.0215,0.0787 | ba = -0.0045,0.1212,0.1131
[34m[TIME]: 0.0110 seconds total (91.0 hz, 0.50 ms behind)
[0mq_GtoI = -0.800,-0.160,-0.568,0.104 | p_IinG = 3.991,-4.940,-1.020 | dist = 38.23 (meters)
bg = -0.0028,0.0215,0.0787 | ba = -0.0039,0.1211,0.1134
[34m[TIME]: 0.0042 seconds total (236.9 hz, 0.50 ms behind)
[0mq_GtoI = -0.800,-0.163,-0.568,0.100 | p_IinG = 3.967,-4.927,-1.034 | dist = 38.26 (meters)
bg = -0.0028,0.0216,0.0787 | ba = -0.0031,0.1209,0.1132
[34m[TIME]: 0.0060 seconds total (165.8 hz, 0.50 ms behind)
[0mq_GtoI = -0.800,-0.165,-0.568,0.098 | p_IinG = 3.942,-4.914,-1.048 | dist = 38.29 (meters)
bg = -0.0028,0.0216,0.0787 | ba = -0.0026,0.1204,0.1131
[34m[TIME]: 0.0047 seconds total (214.3 hz, 0.50 ms behind)
[0mq_GtoI = -0.800,-0.166,-0.568,0.097 | p_IinG = 3.918,-4.900,-1.063 | dist = 38.32 (meters)
bg = -0.0029,0.0216,0.0787 | ba = -0.0025,0.1198,0.1130
[34m[TIME]: 0.0047 seconds total (212.4 hz, 0.50 ms behind)
[0mq_GtoI = -0.800,-0.168,-0.568,0.097 | p_IinG = 3.893,-4.885,-1.079 | dist = 38.35 (meters)
bg = -0.0029,0.0216,0.0787 | ba = -0.0023,0.1195,0.1131
[34m[TIME]: 0.0081 seconds total (123.3 hz, 0.50 ms behind)
[0mq_GtoI = -0.800,-0.168,-0.567,0.099 | p_IinG = 3.869,-4.870,-1.094 | dist = 38.39 (meters)
bg = -0.0029,0.0216,0.0786 | ba = -0.0019,0.1190,0.1132
[34m[TIME]: 0.0041 seconds total (243.2 hz, 0.50 ms behind)
[0mq_GtoI = -0.801,-0.170,-0.566,0.100 | p_IinG = 3.844,-4.853,-1.108 | dist = 38.42 (meters)
bg = -0.0029,0.0216,0.0786 | ba = -0.0017,0.1189,0.1137
[34m[TIME]: 0.0042 seconds total (236.6 hz, 0.50 ms behind)
[0mq_GtoI = -0.801,-0.171,-0.564,0.103 | p_IinG = 3.819,-4.836,-1.119 | dist = 38.45 (meters)
bg = -0.0029,0.0216,0.0786 | ba = -0.0019,0.1187,0.1144
[34m[TIME]: 0.0075 seconds total (133.7 hz, 0.50 ms behind)
[0mq_GtoI = -0.802,-0.173,-0.562,0.107 | p_IinG = 3.795,-4.819,-1.128 | dist = 38.48 (meters)
bg = -0.0029,0.0216,0.0786 | ba = -0.0017,0.1174,0.1143
[34m[TIME]: 0.0063 seconds total (159.4 hz, 0.50 ms behind)
[0mq_GtoI = -0.802,-0.174,-0.560,0.111 | p_IinG = 3.771,-4.801,-1.136 | dist = 38.52 (meters)
bg = -0.0029,0.0216,0.0786 | ba = -0.0023,0.1172,0.1149
[34m[TIME]: 0.0041 seconds total (242.9 hz, 0.50 ms behind)
[0mq_GtoI = -0.803,-0.175,-0.558,0.115 | p_IinG = 3.747,-4.782,-1.140 | dist = 38.55 (meters)
bg = -0.0029,0.0216,0.0786 | ba = -0.0027,0.1174,0.1151
[34m[TIME]: 0.0043 seconds total (233.1 hz, 0.50 ms behind)
[0mq_GtoI = -0.803,-0.176,-0.556,0.120 | p_IinG = 3.724,-4.759,-1.144 | dist = 38.58 (meters)
bg = -0.0029,0.0216,0.0786 | ba = -0.0027,0.1182,0.1139
[34m[TIME]: 0.0061 seconds total (164.7 hz, 0.50 ms behind)
[0mq_GtoI = -0.804,-0.178,-0.554,0.123 | p_IinG = 3.702,-4.738,-1.146 | dist = 38.61 (meters)
bg = -0.0029,0.0216,0.0786 | ba = -0.0034,0.1190,0.1134
[34m[TIME]: 0.0070 seconds total (142.0 hz, 0.50 ms behind)
[0mq_GtoI = -0.804,-0.180,-0.552,0.126 | p_IinG = 3.679,-4.717,-1.146 | dist = 38.64 (meters)
bg = -0.0029,0.0216,0.0786 | ba = -0.0031,0.1189,0.1130
[34m[TIME]: 0.0095 seconds total (105.6 hz, 0.50 ms behind)
[0mq_GtoI = -0.805,-0.181,-0.551,0.128 | p_IinG = 3.657,-4.696,-1.144 | dist = 38.67 (meters)
bg = -0.0029,0.0216,0.0786 | ba = -0.0025,0.1189,0.1123
[34m[TIME]: 0.0064 seconds total (155.8 hz, 0.50 ms behind)
[0mq_GtoI = -0.805,-0.183,-0.549,0.130 | p_IinG = 3.635,-4.675,-1.140 | dist = 38.70 (meters)
bg = -0.0029,0.0216,0.0786 | ba = -0.0019,0.1190,0.1115
[34m[TIME]: 0.0048 seconds total (208.3 hz, 0.50 ms behind)
[0mq_GtoI = -0.805,-0.184,-0.549,0.132 | p_IinG = 3.616,-4.653,-1.134 | dist = 38.73 (meters)
bg = -0.0029,0.0216,0.0786 | ba = -0.0011,0.1191,0.1105
[34m[TIME]: 0.0048 seconds total (207.6 hz, 0.50 ms behind)
[0mq_GtoI = -0.804,-0.186,-0.549,0.132 | p_IinG = 3.597,-4.631,-1.126 | dist = 38.75 (meters)
bg = -0.0029,0.0216,0.0786 | ba = -0.0005,0.1186,0.1097
[34m[TIME]: 0.0048 seconds total (210.3 hz, 0.50 ms behind)
[0mq_GtoI = -0.804,-0.186,-0.549,0.134 | p_IinG = 3.579,-4.610,-1.117 | dist = 38.78 (meters)
bg = -0.0029,0.0216,0.0786 | ba = 0.0000,0.1180,0.1084
[34m[TIME]: 0.0047 seconds total (214.5 hz, 0.50 ms behind)
[0mq_GtoI = -0.804,-0.187,-0.548,0.134 | p_IinG = 3.561,-4.589,-1.105 | dist = 38.81 (meters)
bg = -0.0029,0.0216,0.0786 | ba = 0.0003,0.1175,0.1077
[34m[TIME]: 0.0044 seconds total (226.9 hz, 0.50 ms behind)
[0mq_GtoI = -0.805,-0.188,-0.546,0.136 | p_IinG = 3.543,-4.568,-1.092 | dist = 38.84 (meters)
bg = -0.0029,0.0216,0.0786 | ba = 0.0004,0.1171,0.1067
[34m[TIME]: 0.0048 seconds total (207.8 hz, 0.50 ms behind)
[0mq_GtoI = -0.806,-0.188,-0.544,0.136 | p_IinG = 3.525,-4.547,-1.077 | dist = 38.87 (meters)
bg = -0.0029,0.0216,0.0786 | ba = 0.0004,0.1167,0.1056
[34m[TIME]: 0.0045 seconds total (221.8 hz, 0.50 ms behind)
[0mq_GtoI = -0.808,-0.187,-0.541,0.138 | p_IinG = 3.509,-4.527,-1.063 | dist = 38.90 (meters)
bg = -0.0029,0.0216,0.0786 | ba = 0.0006,0.1155,0.1046
[34m[TIME]: 0.0042 seconds total (236.9 hz, 0.50 ms behind)
[0mq_GtoI = -0.811,-0.185,-0.537,0.141 | p_IinG = 3.494,-4.508,-1.050 | dist = 38.93 (meters)
bg = -0.0029,0.0216,0.0786 | ba = 0.0011,0.1143,0.1037
[34m[TIME]: 0.0046 seconds total (217.9 hz, 0.50 ms behind)
[0mq_GtoI = -0.814,-0.181,-0.533,0.144 | p_IinG = 3.480,-4.484,-1.039 | dist = 38.95 (meters)
bg = -0.0029,0.0216,0.0786 | ba = 0.0009,0.1149,0.1002
[34m[TIME]: 0.0080 seconds total (124.3 hz, 0.50 ms behind)
[0mq_GtoI = -0.816,-0.179,-0.530,0.147 | p_IinG = 3.471,-4.460,-1.030 | dist = 38.98 (meters)
bg = -0.0028,0.0216,0.0786 | ba = 0.0006,0.1131,0.0946
[34m[TIME]: 0.0078 seconds total (128.5 hz, 0.50 ms behind)
[0mq_GtoI = -0.816,-0.176,-0.530,0.150 | p_IinG = 3.463,-4.440,-1.021 | dist = 39.00 (meters)
bg = -0.0028,0.0216,0.0786 | ba = 0.0010,0.1125,0.0934
[34m[TIME]: 0.0042 seconds total (237.6 hz, 0.50 ms behind)
[0mq_GtoI = -0.815,-0.171,-0.531,0.155 | p_IinG = 3.457,-4.421,-1.013 | dist = 39.02 (meters)
bg = -0.0028,0.0216,0.0787 | ba = 0.0011,0.1119,0.0924
[34m[TIME]: 0.0040 seconds total (249.9 hz, 0.50 ms behind)
[0mq_GtoI = -0.815,-0.168,-0.532,0.158 | p_IinG = 3.453,-4.403,-1.006 | dist = 39.04 (meters)
bg = -0.0028,0.0216,0.0787 | ba = 0.0012,0.1113,0.0912
[34m[TIME]: 0.0041 seconds total (246.9 hz, 0.50 ms behind)
[0mq_GtoI = -0.814,-0.167,-0.534,0.158 | p_IinG = 3.451,-4.386,-0.999 | dist = 39.06 (meters)
bg = -0.0028,0.0216,0.0787 | ba = 0.0013,0.1106,0.0901
[34m[TIME]: 0.0061 seconds total (163.2 hz, 0.50 ms behind)
[0mq_GtoI = -0.814,-0.168,-0.534,0.156 | p_IinG = 3.451,-4.370,-0.994 | dist = 39.08 (meters)
bg = -0.0028,0.0216,0.0787 | ba = 0.0016,0.1101,0.0890
[34m[TIME]: 0.0040 seconds total (252.9 hz, 0.50 ms behind)
[0mq_GtoI = -0.814,-0.170,-0.534,0.151 | p_IinG = 3.453,-4.355,-0.991 | dist = 39.09 (meters)
bg = -0.0028,0.0216,0.0787 | ba = 0.0017,0.1098,0.0878
[34m[TIME]: 0.0040 seconds total (251.5 hz, 0.50 ms behind)
[0mq_GtoI = -0.814,-0.174,-0.535,0.145 | p_IinG = 3.457,-4.342,-0.987 | dist = 39.11 (meters)
bg = -0.0028,0.0216,0.0787 | ba = 0.0020,0.1098,0.0863
[34m[TIME]: 0.0046 seconds total (217.8 hz, 0.50 ms behind)
[0mq_GtoI = -0.814,-0.176,-0.535,0.141 | p_IinG = 3.463,-4.328,-0.984 | dist = 39.12 (meters)
bg = -0.0028,0.0216,0.0787 | ba = 0.0024,0.1098,0.0848
[34m[TIME]: 0.0082 seconds total (121.7 hz, 0.50 ms behind)
[0mq_GtoI = -0.814,-0.177,-0.536,0.138 | p_IinG = 3.471,-4.314,-0.978 | dist = 39.14 (meters)
bg = -0.0028,0.0216,0.0787 | ba = 0.0031,0.1096,0.0834
[34m[TIME]: 0.0047 seconds total (213.0 hz, 0.50 ms behind)
[0mq_GtoI = -0.814,-0.179,-0.537,0.136 | p_IinG = 3.481,-4.301,-0.970 | dist = 39.15 (meters)
bg = -0.0028,0.0216,0.0787 | ba = 0.0025,0.1091,0.0826
[34m[TIME]: 0.0046 seconds total (215.1 hz, 0.50 ms behind)
[0mq_GtoI = -0.813,-0.179,-0.537,0.134 | p_IinG = 3.492,-4.288,-0.961 | dist = 39.17 (meters)
bg = -0.0028,0.0216,0.0787 | ba = 0.0020,0.1095,0.0828
[34m[TIME]: 0.0113 seconds total (88.7 hz, 0.50 ms behind)
[0mq_GtoI = -0.813,-0.179,-0.538,0.133 | p_IinG = 3.505,-4.271,-0.954 | dist = 39.19 (meters)
bg = -0.0028,0.0216,0.0787 | ba = 0.0042,0.1102,0.0808
[34m[TIME]: 0.0073 seconds total (137.3 hz, 0.50 ms behind)
[0mq_GtoI = -0.812,-0.179,-0.539,0.134 | p_IinG = 3.518,-4.258,-0.944 | dist = 39.22 (meters)
bg = -0.0028,0.0216,0.0787 | ba = 0.0038,0.1094,0.0819
[34m[TIME]: 0.0045 seconds total (223.2 hz, 0.50 ms behind)
[0mq_GtoI = -0.811,-0.174,-0.541,0.141 | p_IinG = 3.548,-4.232,-0.928 | dist = 39.26 (meters)
bg = -0.0028,0.0216,0.0787 | ba = 0.0037,0.1081,0.0836
[34m[TIME]: 0.0044 seconds total (227.3 hz, 0.50 ms behind)
[0mq_GtoI = -0.812,-0.170,-0.540,0.146 | p_IinG = 3.564,-4.220,-0.923 | dist = 39.28 (meters)
bg = -0.0028,0.0216,0.0787 | ba = 0.0040,0.1072,0.0854
[34m[TIME]: 0.0039 seconds total (256.0 hz, 0.50 ms behind)
[0mq_GtoI = -0.811,-0.166,-0.540,0.151 | p_IinG = 3.581,-4.208,-0.919 | dist = 39.30 (meters)
bg = -0.0028,0.0216,0.0787 | ba = 0.0041,0.1063,0.0872
[34m[TIME]: 0.0045 seconds total (222.2 hz, 0.50 ms behind)
[0mq_GtoI = -0.810,-0.161,-0.541,0.158 | p_IinG = 3.599,-4.197,-0.916 | dist = 39.33 (meters)
bg = -0.0028,0.0216,0.0787 | ba = 0.0040,0.1057,0.0889
[34m[TIME]: 0.0040 seconds total (252.4 hz, 0.50 ms behind)
[0mq_GtoI = -0.809,-0.154,-0.543,0.167 | p_IinG = 3.619,-4.187,-0.918 | dist = 39.35 (meters)
bg = -0.0028,0.0216,0.0787 | ba = 0.0036,0.1055,0.0906
[34m[TIME]: 0.0038 seconds total (264.6 hz, 0.50 ms behind)
[0mq_GtoI = -0.807,-0.149,-0.544,0.174 | p_IinG = 3.640,-4.179,-0.924 | dist = 39.37 (meters)
bg = -0.0028,0.0216,0.0787 | ba = 0.0028,0.1061,0.0920
[34m[TIME]: 0.0040 seconds total (249.7 hz, 0.50 ms behind)
[0mq_GtoI = -0.804,-0.145,-0.548,0.179 | p_IinG = 3.662,-4.173,-0.932 | dist = 39.40 (meters)
bg = -0.0028,0.0216,0.0787 | ba = 0.0024,0.1069,0.0932
[34m[TIME]: 0.0036 seconds total (279.7 hz, 0.50 ms behind)
[0mq_GtoI = -0.800,-0.142,-0.553,0.184 | p_IinG = 3.684,-4.170,-0.941 | dist = 39.42 (meters)
bg = -0.0028,0.0216,0.0787 | ba = 0.0014,0.1074,0.0942
[34m[TIME]: 0.0040 seconds total (246.9 hz, 0.50 ms behind)
[0mq_GtoI = -0.795,-0.139,-0.559,0.189 | p_IinG = 3.698,-4.173,-0.940 | dist = 39.45 (meters)
bg = -0.0028,0.0216,0.0787 | ba = -0.0049,0.1154,0.1067
[34m[TIME]: 0.0074 seconds total (135.3 hz, 0.50 ms behind)
[0mq_GtoI = -0.790,-0.137,-0.566,0.192 | p_IinG = 3.723,-4.177,-0.946 | dist = 39.48 (meters)
bg = -0.0028,0.0216,0.0787 | ba = -0.0062,0.1164,0.1080
[34m[TIME]: 0.0051 seconds total (197.7 hz, 0.50 ms behind)
[0mq_GtoI = -0.784,-0.136,-0.574,0.194 | p_IinG = 3.750,-4.185,-0.952 | dist = 39.50 (meters)
bg = -0.0028,0.0216,0.0787 | ba = -0.0055,0.1165,0.1083
[34m[TIME]: 0.0064 seconds total (156.0 hz, 0.50 ms behind)
[0mq_GtoI = -0.780,-0.136,-0.578,0.195 | p_IinG = 3.774,-4.197,-0.955 | dist = 39.53 (meters)
bg = -0.0028,0.0216,0.0787 | ba = -0.0057,0.1172,0.1097
[34m[TIME]: 0.0043 seconds total (232.5 hz, 0.50 ms behind)
[0mq_GtoI = -0.776,-0.139,-0.585,0.192 | p_IinG = 3.797,-4.213,-0.955 | dist = 39.56 (meters)
bg = -0.0028,0.0216,0.0787 | ba = -0.0053,0.1178,0.1110
[34m[TIME]: 0.0038 seconds total (264.1 hz, 0.50 ms behind)
[0mq_GtoI = -0.772,-0.145,-0.590,0.185 | p_IinG = 3.818,-4.233,-0.952 | dist = 39.59 (meters)
bg = -0.0028,0.0216,0.0787 | ba = -0.0042,0.1189,0.1129
[34m[TIME]: 0.0050 seconds total (199.9 hz, 0.50 ms behind)
[0mq_GtoI = -0.769,-0.152,-0.596,0.176 | p_IinG = 3.838,-4.257,-0.948 | dist = 39.62 (meters)
bg = -0.0028,0.0216,0.0787 | ba = -0.0023,0.1196,0.1138
[34m[TIME]: 0.0039 seconds total (258.5 hz, 0.50 ms behind)
[0mq_GtoI = -0.768,-0.159,-0.598,0.166 | p_IinG = 3.855,-4.283,-0.943 | dist = 39.66 (meters)
bg = -0.0028,0.0216,0.0787 | ba = -0.0012,0.1205,0.1139
[34m[TIME]: 0.0039 seconds total (254.8 hz, 0.50 ms behind)
[0mq_GtoI = -0.768,-0.166,-0.598,0.159 | p_IinG = 3.870,-4.313,-0.937 | dist = 39.69 (meters)
bg = -0.0028,0.0216,0.0787 | ba = 0.0004,0.1203,0.1136
[34m[TIME]: 0.0033 seconds total (305.1 hz, 0.50 ms behind)
[0mq_GtoI = -0.772,-0.170,-0.593,0.155 | p_IinG = 3.883,-4.344,-0.929 | dist = 39.73 (meters)
bg = -0.0028,0.0216,0.0786 | ba = 0.0009,0.1204,0.1137
[34m[TIME]: 0.0044 seconds total (228.2 hz, 0.50 ms behind)
[0mq_GtoI = -0.777,-0.174,-0.585,0.152 | p_IinG = 3.896,-4.376,-0.920 | dist = 39.76 (meters)
bg = -0.0027,0.0216,0.0787 | ba = 0.0026,0.1207,0.1130
[34m[TIME]: 0.0053 seconds total (188.1 hz, 0.50 ms behind)
[0mq_GtoI = -0.782,-0.176,-0.578,0.152 | p_IinG = 3.908,-4.409,-0.909 | dist = 39.80 (meters)
bg = -0.0027,0.0216,0.0786 | ba = 0.0048,0.1201,0.1129
[34m[TIME]: 0.0071 seconds total (140.7 hz, 0.50 ms behind)
[0mq_GtoI = -0.785,-0.177,-0.574,0.152 | p_IinG = 3.919,-4.442,-0.894 | dist = 39.84 (meters)
bg = -0.0027,0.0217,0.0786 | ba = 0.0071,0.1197,0.1132
[34m[TIME]: 0.0086 seconds total (116.0 hz, 0.50 ms behind)
[0mq_GtoI = -0.788,-0.180,-0.570,0.151 | p_IinG = 3.928,-4.479,-0.877 | dist = 39.88 (meters)
bg = -0.0027,0.0217,0.0786 | ba = 0.0078,0.1199,0.1149
[34m[TIME]: 0.0047 seconds total (210.5 hz, 0.50 ms behind)
[0mq_GtoI = -0.789,-0.184,-0.568,0.146 | p_IinG = 3.938,-4.515,-0.860 | dist = 39.92 (meters)
bg = -0.0027,0.0217,0.0786 | ba = 0.0148,0.1187,0.1170
[34m[TIME]: 0.0053 seconds total (187.7 hz, 0.50 ms behind)
[0mq_GtoI = -0.790,-0.189,-0.566,0.140 | p_IinG = 3.948,-4.551,-0.842 | dist = 39.96 (meters)
bg = -0.0027,0.0217,0.0786 | ba = 0.0170,0.1187,0.1177
[34m[TIME]: 0.0035 seconds total (281.9 hz, 0.50 ms behind)
[0mq_GtoI = -0.790,-0.193,-0.566,0.136 | p_IinG = 3.956,-4.588,-0.825 | dist = 40.00 (meters)
bg = -0.0027,0.0217,0.0786 | ba = 0.0198,0.1190,0.1196
[34m[TIME]: 0.0054 seconds total (185.2 hz, 0.50 ms behind)
[0mq_GtoI = -0.791,-0.194,-0.565,0.135 | p_IinG = 3.964,-4.624,-0.810 | dist = 40.04 (meters)
bg = -0.0027,0.0217,0.0786 | ba = 0.0218,0.1197,0.1211
[34m[TIME]: 0.0038 seconds total (260.1 hz, 0.50 ms behind)
[0mq_GtoI = -0.792,-0.193,-0.564,0.136 | p_IinG = 3.971,-4.660,-0.798 | dist = 40.08 (meters)
bg = -0.0027,0.0217,0.0786 | ba = 0.0254,0.1201,0.1220
[34m[TIME]: 0.0103 seconds total (97.3 hz, 0.50 ms behind)
[0mq_GtoI = -0.792,-0.192,-0.564,0.138 | p_IinG = 3.977,-4.695,-0.787 | dist = 40.12 (meters)
bg = -0.0027,0.0217,0.0786 | ba = 0.0274,0.1207,0.1229
[34m[TIME]: 0.0040 seconds total (249.8 hz, 0.50 ms behind)
[0mq_GtoI = -0.789,-0.189,-0.567,0.141 | p_IinG = 3.983,-4.732,-0.777 | dist = 40.16 (meters)
bg = -0.0027,0.0217,0.0786 | ba = 0.0299,0.1206,0.1247
[34m[TIME]: 0.0064 seconds total (156.5 hz, 0.50 ms behind)
[0mq_GtoI = -0.787,-0.187,-0.570,0.144 | p_IinG = 3.989,-4.767,-0.768 | dist = 40.19 (meters)
bg = -0.0027,0.0217,0.0786 | ba = 0.0310,0.1210,0.1253
[34m[TIME]: 0.0067 seconds total (150.1 hz, 0.50 ms behind)
[0mq_GtoI = -0.787,-0.186,-0.570,0.146 | p_IinG = 3.994,-4.804,-0.759 | dist = 40.23 (meters)
bg = -0.0027,0.0217,0.0786 | ba = 0.0312,0.1212,0.1260
[34m[TIME]: 0.0056 seconds total (178.8 hz, 0.50 ms behind)
[0mq_GtoI = -0.787,-0.187,-0.570,0.144 | p_IinG = 3.998,-4.840,-0.751 | dist = 40.27 (meters)
bg = -0.0027,0.0217,0.0786 | ba = 0.0319,0.1214,0.1268
[34m[TIME]: 0.0083 seconds total (120.8 hz, 0.50 ms behind)
[0mq_GtoI = -0.787,-0.190,-0.570,0.139 | p_IinG = 4.003,-4.876,-0.740 | dist = 40.31 (meters)
bg = -0.0027,0.0217,0.0786 | ba = 0.0310,0.1216,0.1276
[34m[TIME]: 0.0048 seconds total (208.9 hz, 0.50 ms behind)
[0mq_GtoI = -0.788,-0.191,-0.569,0.136 | p_IinG = 4.004,-4.914,-0.727 | dist = 40.34 (meters)
bg = -0.0027,0.0217,0.0785 | ba = 0.0276,0.1211,0.1308
[34m[TIME]: 0.0088 seconds total (113.3 hz, 0.50 ms behind)
[0mq_GtoI = -0.789,-0.192,-0.568,0.135 | p_IinG = 4.008,-4.949,-0.715 | dist = 40.38 (meters)
bg = -0.0027,0.0217,0.0786 | ba = 0.0275,0.1219,0.1306
[34m[TIME]: 0.0072 seconds total (138.1 hz, 0.50 ms behind)
[0mq_GtoI = -0.790,-0.191,-0.567,0.135 | p_IinG = 4.011,-4.983,-0.700 | dist = 40.42 (meters)
bg = -0.0027,0.0217,0.0786 | ba = 0.0264,0.1225,0.1304
[34m[TIME]: 0.0103 seconds total (96.9 hz, 0.50 ms behind)
[0mq_GtoI = -0.790,-0.189,-0.566,0.137 | p_IinG = 4.013,-5.017,-0.683 | dist = 40.46 (meters)
bg = -0.0027,0.0217,0.0786 | ba = 0.0256,0.1227,0.1287
[34m[TIME]: 0.0048 seconds total (208.2 hz, 0.50 ms behind)
[0mq_GtoI = -0.791,-0.189,-0.565,0.136 | p_IinG = 4.015,-5.052,-0.665 | dist = 40.50 (meters)
bg = -0.0027,0.0217,0.0786 | ba = 0.0241,0.1224,0.1285
[34m[TIME]: 0.0053 seconds total (190.4 hz, 0.50 ms behind)
[0mq_GtoI = -0.792,-0.190,-0.565,0.133 | p_IinG = 4.017,-5.085,-0.645 | dist = 40.54 (meters)
bg = -0.0027,0.0217,0.0786 | ba = 0.0220,0.1221,0.1275
[34m[TIME]: 0.0047 seconds total (211.1 hz, 0.50 ms behind)
[0mq_GtoI = -0.792,-0.192,-0.565,0.129 | p_IinG = 4.018,-5.119,-0.623 | dist = 40.58 (meters)
bg = -0.0027,0.0217,0.0786 | ba = 0.0190,0.1217,0.1272
[34m[TIME]: 0.0042 seconds total (240.3 hz, 0.50 ms behind)
[0mq_GtoI = -0.792,-0.192,-0.565,0.128 | p_IinG = 4.018,-5.152,-0.599 | dist = 40.62 (meters)
bg = -0.0027,0.0217,0.0786 | ba = 0.0148,0.1208,0.1282
[34m[TIME]: 0.0072 seconds total (139.5 hz, 0.50 ms behind)
[0mq_GtoI = -0.792,-0.191,-0.565,0.129 | p_IinG = 4.018,-5.185,-0.574 | dist = 40.66 (meters)
bg = -0.0027,0.0217,0.0786 | ba = 0.0122,0.1200,0.1287
[34m[TIME]: 0.0045 seconds total (223.1 hz, 0.50 ms behind)
[0mq_GtoI = -0.793,-0.190,-0.565,0.129 | p_IinG = 4.017,-5.217,-0.548 | dist = 40.70 (meters)
bg = -0.0027,0.0217,0.0786 | ba = 0.0097,0.1193,0.1290
[34m[TIME]: 0.0090 seconds total (111.7 hz, 0.50 ms behind)
[0mq_GtoI = -0.794,-0.191,-0.563,0.126 | p_IinG = 4.016,-5.250,-0.522 | dist = 40.74 (meters)
bg = -0.0027,0.0217,0.0786 | ba = 0.0067,0.1185,0.1291
[34m[TIME]: 0.0051 seconds total (197.2 hz, 0.50 ms behind)
[0mq_GtoI = -0.795,-0.195,-0.562,0.119 | p_IinG = 4.016,-5.282,-0.497 | dist = 40.78 (meters)
bg = -0.0027,0.0217,0.0786 | ba = 0.0047,0.1178,0.1287
[34m[TIME]: 0.0044 seconds total (225.9 hz, 0.50 ms behind)
[0mq_GtoI = -0.797,-0.201,-0.560,0.110 | p_IinG = 4.014,-5.312,-0.474 | dist = 40.82 (meters)
bg = -0.0027,0.0217,0.0786 | ba = 0.0025,0.1174,0.1287
[34m[TIME]: 0.0049 seconds total (202.2 hz, 0.50 ms behind)
[0mq_GtoI = -0.797,-0.204,-0.558,0.103 | p_IinG = 4.013,-5.340,-0.452 | dist = 40.85 (meters)
bg = -0.0026,0.0217,0.0786 | ba = -0.0007,0.1178,0.1290
[34m[TIME]: 0.0130 seconds total (76.9 hz, 0.50 ms behind)
[0mq_GtoI = -0.798,-0.207,-0.557,0.099 | p_IinG = 4.010,-5.368,-0.430 | dist = 40.89 (meters)
bg = -0.0026,0.0217,0.0786 | ba = -0.0024,0.1172,0.1297
[34m[TIME]: 0.0060 seconds total (166.0 hz, 0.50 ms behind)
[0mq_GtoI = -0.799,-0.207,-0.556,0.098 | p_IinG = 4.008,-5.393,-0.410 | dist = 40.92 (meters)
bg = -0.0026,0.0217,0.0786 | ba = -0.0047,0.1159,0.1297
[34m[TIME]: 0.0045 seconds total (220.8 hz, 0.50 ms behind)
[0mq_GtoI = -0.800,-0.205,-0.554,0.101 | p_IinG = 4.005,-5.415,-0.390 | dist = 40.94 (meters)
bg = -0.0026,0.0217,0.0786 | ba = -0.0070,0.1148,0.1299
[34m[TIME]: 0.0043 seconds total (234.1 hz, 0.50 ms behind)
[0mq_GtoI = -0.800,-0.203,-0.555,0.105 | p_IinG = 4.003,-5.436,-0.372 | dist = 40.97 (meters)
bg = -0.0026,0.0217,0.0786 | ba = -0.0089,0.1136,0.1301
[34m[TIME]: 0.0079 seconds total (127.4 hz, 0.50 ms behind)
[0mq_GtoI = -0.799,-0.201,-0.556,0.109 | p_IinG = 4.007,-5.454,-0.357 | dist = 41.00 (meters)
bg = -0.0026,0.0217,0.0786 | ba = -0.0073,0.1114,0.1243
[34m[TIME]: 0.0068 seconds total (146.9 hz, 0.50 ms behind)
[0mq_GtoI = -0.799,-0.199,-0.557,0.112 | p_IinG = 4.006,-5.472,-0.343 | dist = 41.02 (meters)
bg = -0.0026,0.0216,0.0786 | ba = -0.0078,0.1089,0.1225
[34m[TIME]: 0.0065 seconds total (154.3 hz, 0.50 ms behind)
[0mq_GtoI = -0.800,-0.198,-0.555,0.114 | p_IinG = 4.004,-5.488,-0.330 | dist = 41.04 (meters)
bg = -0.0026,0.0216,0.0786 | ba = -0.0089,0.1076,0.1224
[34m[TIME]: 0.0047 seconds total (213.0 hz, 0.50 ms behind)
[0mq_GtoI = -0.802,-0.197,-0.552,0.117 | p_IinG = 4.002,-5.503,-0.318 | dist = 41.05 (meters)
bg = -0.0026,0.0216,0.0786 | ba = -0.0103,0.1062,0.1226
[34m[TIME]: 0.0047 seconds total (213.1 hz, 0.50 ms behind)
[0mq_GtoI = -0.805,-0.195,-0.548,0.119 | p_IinG = 4.000,-5.517,-0.308 | dist = 41.07 (meters)
bg = -0.0026,0.0216,0.0786 | ba = -0.0120,0.1050,0.1230
[34m[TIME]: 0.0054 seconds total (184.0 hz, 0.50 ms behind)
[0mq_GtoI = -0.807,-0.194,-0.544,0.122 | p_IinG = 3.998,-5.529,-0.299 | dist = 41.09 (meters)
bg = -0.0026,0.0216,0.0786 | ba = -0.0137,0.1038,0.1237
[34m[TIME]: 0.0050 seconds total (198.5 hz, 0.50 ms behind)
[0mq_GtoI = -0.810,-0.193,-0.540,0.124 | p_IinG = 3.997,-5.541,-0.290 | dist = 41.10 (meters)
bg = -0.0026,0.0216,0.0786 | ba = -0.0152,0.1026,0.1248
[34m[TIME]: 0.0046 seconds total (216.4 hz, 0.50 ms behind)
[0mq_GtoI = -0.812,-0.193,-0.536,0.126 | p_IinG = 3.992,-5.556,-0.280 | dist = 41.11 (meters)
bg = -0.0026,0.0216,0.0786 | ba = -0.0179,0.0994,0.1289
[34m[TIME]: 0.0091 seconds total (110.5 hz, 0.50 ms behind)
[0mq_GtoI = -0.816,-0.192,-0.531,0.127 | p_IinG = 3.992,-5.566,-0.274 | dist = 41.12 (meters)
bg = -0.0026,0.0216,0.0786 | ba = -0.0186,0.0989,0.1298
[34m[TIME]: 0.0051 seconds total (197.5 hz, 0.50 ms behind)
[0mq_GtoI = -0.819,-0.192,-0.525,0.127 | p_IinG = 3.994,-5.576,-0.269 | dist = 41.13 (meters)
bg = -0.0026,0.0216,0.0786 | ba = -0.0189,0.0985,0.1308
[34m[TIME]: 0.0051 seconds total (197.0 hz, 0.50 ms behind)
[0mq_GtoI = -0.822,-0.192,-0.521,0.127 | p_IinG = 3.998,-5.585,-0.264 | dist = 41.14 (meters)
bg = -0.0026,0.0216,0.0786 | ba = -0.0195,0.0983,0.1318
[34m[TIME]: 0.0054 seconds total (184.7 hz, 0.50 ms behind)
[0mq_GtoI = -0.823,-0.193,-0.519,0.127 | p_IinG = 4.004,-5.593,-0.259 | dist = 41.15 (meters)
bg = -0.0026,0.0216,0.0786 | ba = -0.0202,0.0981,0.1324
[34m[TIME]: 0.0047 seconds total (212.4 hz, 0.50 ms behind)
[0mq_GtoI = -0.822,-0.193,-0.520,0.128 | p_IinG = 4.012,-5.600,-0.254 | dist = 41.17 (meters)
bg = -0.0026,0.0216,0.0786 | ba = -0.0203,0.0979,0.1332
[34m[TIME]: 0.0059 seconds total (170.0 hz, 0.50 ms behind)
[0mq_GtoI = -0.819,-0.193,-0.525,0.128 | p_IinG = 4.021,-5.606,-0.249 | dist = 41.18 (meters)
bg = -0.0026,0.0216,0.0786 | ba = -0.0211,0.0974,0.1343
[34m[TIME]: 0.0109 seconds total (91.4 hz, 0.50 ms behind)
[0mq_GtoI = -0.816,-0.193,-0.529,0.129 | p_IinG = 4.033,-5.611,-0.245 | dist = 41.19 (meters)
bg = -0.0026,0.0216,0.0786 | ba = -0.0214,0.0976,0.1349
[34m[TIME]: 0.0047 seconds total (210.9 hz, 0.50 ms behind)
[0mq_GtoI = -0.812,-0.192,-0.535,0.130 | p_IinG = 4.047,-5.614,-0.242 | dist = 41.21 (meters)
bg = -0.0026,0.0216,0.0786 | ba = -0.0213,0.0982,0.1357
[34m[TIME]: 0.0049 seconds total (203.7 hz, 0.50 ms behind)
[0mq_GtoI = -0.807,-0.191,-0.542,0.133 | p_IinG = 4.061,-5.617,-0.239 | dist = 41.22 (meters)
bg = -0.0026,0.0216,0.0786 | ba = -0.0215,0.0979,0.1360
[34m[TIME]: 0.0084 seconds total (119.2 hz, 0.50 ms behind)
[0mq_GtoI = -0.803,-0.191,-0.549,0.133 | p_IinG = 4.077,-5.620,-0.238 | dist = 41.24 (meters)
bg = -0.0026,0.0216,0.0786 | ba = -0.0216,0.0977,0.1361
[34m[TIME]: 0.0048 seconds total (208.3 hz, 0.50 ms behind)
[0mq_GtoI = -0.798,-0.190,-0.556,0.135 | p_IinG = 4.093,-5.622,-0.237 | dist = 41.25 (meters)
bg = -0.0026,0.0216,0.0786 | ba = -0.0220,0.0974,0.1363
[34m[TIME]: 0.0045 seconds total (220.3 hz, 0.50 ms behind)
[0mq_GtoI = -0.794,-0.189,-0.561,0.136 | p_IinG = 4.110,-5.623,-0.237 | dist = 41.27 (meters)
bg = -0.0026,0.0216,0.0786 | ba = -0.0223,0.0981,0.1367
[34m[TIME]: 0.0074 seconds total (135.9 hz, 0.50 ms behind)
[0mq_GtoI = -0.791,-0.189,-0.566,0.137 | p_IinG = 4.140,-5.628,-0.237 | dist = 41.30 (meters)
bg = -0.0025,0.0216,0.0786 | ba = -0.0228,0.0986,0.1376
[34m[TIME]: 0.0089 seconds total (113.0 hz, 0.50 ms behind)
[0mq_GtoI = -0.790,-0.189,-0.567,0.138 | p_IinG = 4.154,-5.631,-0.235 | dist = 41.32 (meters)
bg = -0.0025,0.0216,0.0786 | ba = -0.0230,0.0988,0.1384
[34m[TIME]: 0.0088 seconds total (113.2 hz, 0.50 ms behind)
[0mq_GtoI = -0.790,-0.190,-0.567,0.137 | p_IinG = 4.168,-5.633,-0.233 | dist = 41.33 (meters)
bg = -0.0025,0.0216,0.0786 | ba = -0.0235,0.0992,0.1388
[34m[TIME]: 0.0050 seconds total (200.4 hz, 0.50 ms behind)
[0mq_GtoI = -0.791,-0.190,-0.565,0.137 | p_IinG = 4.182,-5.635,-0.228 | dist = 41.34 (meters)
bg = -0.0025,0.0216,0.0786 | ba = -0.0238,0.0992,0.1391
[34m[TIME]: 0.0044 seconds total (225.1 hz, 0.50 ms behind)
[0mq_GtoI = -0.793,-0.190,-0.563,0.138 | p_IinG = 4.195,-5.638,-0.224 | dist = 41.36 (meters)
bg = -0.0025,0.0216,0.0786 | ba = -0.0228,0.0988,0.1389
[34m[TIME]: 0.0058 seconds total (172.4 hz, 0.50 ms behind)
[0mq_GtoI = -0.794,-0.191,-0.560,0.137 | p_IinG = 4.208,-5.641,-0.219 | dist = 41.37 (meters)
bg = -0.0025,0.0215,0.0786 | ba = -0.0236,0.0983,0.1391
[34m[TIME]: 0.0055 seconds total (181.8 hz, 0.50 ms behind)
[0mq_GtoI = -0.796,-0.191,-0.558,0.136 | p_IinG = 4.220,-5.644,-0.213 | dist = 41.39 (meters)
bg = -0.0025,0.0215,0.0786 | ba = -0.0244,0.0982,0.1390
[34m[TIME]: 0.0046 seconds total (218.5 hz, 0.50 ms behind)
[0mq_GtoI = -0.797,-0.191,-0.557,0.135 | p_IinG = 4.233,-5.646,-0.209 | dist = 41.40 (meters)
bg = -0.0025,0.0215,0.0786 | ba = -0.0252,0.0985,0.1389
[34m[TIME]: 0.0044 seconds total (226.0 hz, 0.50 ms behind)
[0mq_GtoI = -0.797,-0.191,-0.556,0.135 | p_IinG = 4.245,-5.649,-0.206 | dist = 41.41 (meters)
bg = -0.0025,0.0215,0.0786 | ba = -0.0259,0.0988,0.1391
[34m[TIME]: 0.0043 seconds total (232.1 hz, 0.50 ms behind)
[0mq_GtoI = -0.798,-0.191,-0.556,0.134 | p_IinG = 4.258,-5.651,-0.204 | dist = 41.43 (meters)
bg = -0.0025,0.0215,0.0786 | ba = -0.0268,0.0994,0.1394
[34m[TIME]: 0.0043 seconds total (230.8 hz, 0.50 ms behind)
[0mq_GtoI = -0.798,-0.191,-0.556,0.133 | p_IinG = 4.270,-5.653,-0.204 | dist = 41.44 (meters)
bg = -0.0025,0.0215,0.0786 | ba = -0.0275,0.0997,0.1398
[34m[TIME]: 0.0043 seconds total (234.6 hz, 0.50 ms behind)
[0mq_GtoI = -0.797,-0.191,-0.557,0.133 | p_IinG = 4.282,-5.655,-0.206 | dist = 41.45 (meters)
bg = -0.0025,0.0215,0.0786 | ba = -0.0275,0.1005,0.1409
[34m[TIME]: 0.0069 seconds total (144.5 hz, 0.50 ms behind)
[0mq_GtoI = -0.796,-0.189,-0.559,0.135 | p_IinG = 4.294,-5.657,-0.208 | dist = 41.46 (meters)
bg = -0.0024,0.0215,0.0786 | ba = -0.0278,0.1009,0.1415
[34m[TIME]: 0.0043 seconds total (232.0 hz, 0.50 ms behind)
[0mq_GtoI = -0.795,-0.188,-0.560,0.135 | p_IinG = 4.305,-5.659,-0.211 | dist = 41.48 (meters)
bg = -0.0024,0.0215,0.0786 | ba = -0.0281,0.1018,0.1422
[34m[TIME]: 0.0043 seconds total (232.6 hz, 0.50 ms behind)
[0mq_GtoI = -0.796,-0.184,-0.559,0.140 | p_IinG = 4.316,-5.661,-0.216 | dist = 41.49 (meters)
bg = -0.0024,0.0215,0.0786 | ba = -0.0284,0.1020,0.1428
[34m[TIME]: 0.0084 seconds total (119.6 hz, 0.50 ms behind)
[0mq_GtoI = -0.797,-0.181,-0.559,0.143 | p_IinG = 4.327,-5.664,-0.222 | dist = 41.50 (meters)
bg = -0.0024,0.0215,0.0786 | ba = -0.0289,0.1024,0.1433
[34m[TIME]: 0.0044 seconds total (225.2 hz, 0.50 ms behind)
[0mq_GtoI = -0.797,-0.178,-0.558,0.147 | p_IinG = 4.338,-5.668,-0.229 | dist = 41.52 (meters)
bg = -0.0024,0.0215,0.0785 | ba = -0.0298,0.1029,0.1439
[34m[TIME]: 0.0054 seconds total (186.6 hz, 0.50 ms behind)
[0mq_GtoI = -0.798,-0.176,-0.557,0.148 | p_IinG = 4.349,-5.672,-0.235 | dist = 41.53 (meters)
bg = -0.0024,0.0215,0.0785 | ba = -0.0307,0.1034,0.1442
[34m[TIME]: 0.0053 seconds total (189.9 hz, 0.50 ms behind)
[0mq_GtoI = -0.799,-0.177,-0.556,0.146 | p_IinG = 4.361,-5.677,-0.241 | dist = 41.54 (meters)
bg = -0.0024,0.0215,0.0785 | ba = -0.0315,0.1041,0.1447
[34m[TIME]: 0.0045 seconds total (224.7 hz, 0.50 ms behind)
[0mq_GtoI = -0.799,-0.178,-0.557,0.143 | p_IinG = 4.372,-5.684,-0.245 | dist = 41.56 (meters)
bg = -0.0025,0.0215,0.0785 | ba = -0.0325,0.1045,0.1451
[34m[TIME]: 0.0044 seconds total (229.0 hz, 0.50 ms behind)
[0mq_GtoI = -0.799,-0.179,-0.557,0.141 | p_IinG = 4.383,-5.691,-0.248 | dist = 41.57 (meters)
bg = -0.0025,0.0215,0.0785 | ba = -0.0330,0.1048,0.1452
[34m[TIME]: 0.0051 seconds total (194.4 hz, 0.50 ms behind)
[0mq_GtoI = -0.799,-0.180,-0.558,0.138 | p_IinG = 4.395,-5.698,-0.249 | dist = 41.58 (meters)
bg = -0.0025,0.0215,0.0785 | ba = -0.0330,0.1049,0.1449
[34m[TIME]: 0.0044 seconds total (225.7 hz, 0.50 ms behind)
[0mq_GtoI = -0.798,-0.181,-0.559,0.135 | p_IinG = 4.407,-5.706,-0.248 | dist = 41.60 (meters)
bg = -0.0025,0.0215,0.0785 | ba = -0.0330,0.1051,0.1446
[34m[TIME]: 0.0080 seconds total (125.5 hz, 0.50 ms behind)
[0mq_GtoI = -0.797,-0.181,-0.560,0.133 | p_IinG = 4.419,-5.713,-0.245 | dist = 41.61 (meters)
bg = -0.0025,0.0215,0.0785 | ba = -0.0321,0.1058,0.1430
[34m[TIME]: 0.0072 seconds total (139.3 hz, 0.50 ms behind)
[0mq_GtoI = -0.797,-0.181,-0.561,0.131 | p_IinG = 4.430,-5.720,-0.240 | dist = 41.63 (meters)
bg = -0.0025,0.0215,0.0785 | ba = -0.0319,0.1060,0.1425
[34m[TIME]: 0.0044 seconds total (226.4 hz, 0.50 ms behind)
[0mq_GtoI = -0.797,-0.181,-0.561,0.130 | p_IinG = 4.440,-5.728,-0.235 | dist = 41.64 (meters)
bg = -0.0025,0.0215,0.0785 | ba = -0.0320,0.1062,0.1416
[34m[TIME]: 0.0042 seconds total (238.9 hz, 0.50 ms behind)
[0mq_GtoI = -0.797,-0.181,-0.562,0.129 | p_IinG = 4.451,-5.736,-0.228 | dist = 41.65 (meters)
bg = -0.0025,0.0215,0.0785 | ba = -0.0317,0.1065,0.1410
[34m[TIME]: 0.0044 seconds total (228.6 hz, 0.50 ms behind)
[0mq_GtoI = -0.796,-0.182,-0.563,0.126 | p_IinG = 4.461,-5.744,-0.221 | dist = 41.67 (meters)
bg = -0.0025,0.0215,0.0785 | ba = -0.0318,0.1068,0.1401
[34m[TIME]: 0.0039 seconds total (258.6 hz, 0.50 ms behind)
[0mq_GtoI = -0.796,-0.183,-0.564,0.125 | p_IinG = 4.470,-5.751,-0.216 | dist = 41.68 (meters)
bg = -0.0025,0.0215,0.0785 | ba = -0.0316,0.1070,0.1391
[34m[TIME]: 0.0041 seconds total (242.0 hz, 0.50 ms behind)
[0mq_GtoI = -0.795,-0.184,-0.565,0.123 | p_IinG = 4.479,-5.758,-0.212 | dist = 41.69 (meters)
bg = -0.0025,0.0215,0.0785 | ba = -0.0310,0.1068,0.1382
[34m[TIME]: 0.0047 seconds total (213.6 hz, 0.50 ms behind)
[0mq_GtoI = -0.795,-0.185,-0.566,0.120 | p_IinG = 4.488,-5.765,-0.209 | dist = 41.70 (meters)
bg = -0.0025,0.0215,0.0785 | ba = -0.0318,0.1074,0.1368
[34m[TIME]: 0.0039 seconds total (256.7 hz, 0.50 ms behind)
[0mq_GtoI = -0.794,-0.185,-0.566,0.120 | p_IinG = 4.498,-5.772,-0.208 | dist = 41.71 (meters)
bg = -0.0026,0.0215,0.0785 | ba = -0.0316,0.1060,0.1305
[34m[TIME]: 0.0108 seconds total (92.8 hz, 0.50 ms behind)
[0mq_GtoI = -0.795,-0.182,-0.565,0.122 | p_IinG = 4.506,-5.778,-0.209 | dist = 41.72 (meters)
bg = -0.0026,0.0215,0.0785 | ba = -0.0317,0.1062,0.1282
[34m[TIME]: 0.0069 seconds total (145.3 hz, 0.50 ms behind)
[0mq_GtoI = -0.795,-0.182,-0.565,0.122 | p_IinG = 4.514,-5.783,-0.210 | dist = 41.73 (meters)
bg = -0.0026,0.0215,0.0785 | ba = -0.0318,0.1061,0.1260
[34m[TIME]: 0.0044 seconds total (229.2 hz, 0.50 ms behind)
[0mq_GtoI = -0.796,-0.181,-0.565,0.123 | p_IinG = 4.521,-5.789,-0.213 | dist = 41.74 (meters)
bg = -0.0026,0.0215,0.0785 | ba = -0.0325,0.1060,0.1235
[34m[TIME]: 0.0042 seconds total (238.3 hz, 0.50 ms behind)
[0mq_GtoI = -0.796,-0.181,-0.564,0.122 | p_IinG = 4.531,-5.792,-0.215 | dist = 41.75 (meters)
bg = -0.0026,0.0215,0.0785 | ba = -0.0350,0.1068,0.1184
[34m[TIME]: 0.0063 seconds total (158.5 hz, 0.50 ms behind)
[0mq_GtoI = -0.798,-0.180,-0.562,0.123 | p_IinG = 4.537,-5.797,-0.220 | dist = 41.76 (meters)
bg = -0.0026,0.0215,0.0785 | ba = -0.0365,0.1064,0.1164
[34m[TIME]: 0.0081 seconds total (123.8 hz, 0.50 ms behind)
[0mq_GtoI = -0.799,-0.179,-0.560,0.124 | p_IinG = 4.544,-5.802,-0.225 | dist = 41.77 (meters)
bg = -0.0026,0.0215,0.0785 | ba = -0.0374,0.1061,0.1144
[34m[TIME]: 0.0048 seconds total (207.1 hz, 0.50 ms behind)
[0mq_GtoI = -0.801,-0.179,-0.557,0.123 | p_IinG = 4.550,-5.806,-0.232 | dist = 41.78 (meters)
bg = -0.0026,0.0215,0.0785 | ba = -0.0387,0.1059,0.1126
[34m[TIME]: 0.0042 seconds total (235.8 hz, 0.50 ms behind)
[0mq_GtoI = -0.804,-0.180,-0.554,0.120 | p_IinG = 4.557,-5.810,-0.238 | dist = 41.79 (meters)
bg = -0.0026,0.0215,0.0785 | ba = -0.0401,0.1058,0.1108
[34m[TIME]: 0.0042 seconds total (236.7 hz, 0.50 ms behind)
[0mq_GtoI = -0.804,-0.182,-0.554,0.117 | p_IinG = 4.564,-5.814,-0.245 | dist = 41.80 (meters)
bg = -0.0026,0.0215,0.0785 | ba = -0.0411,0.1058,0.1092
[34m[TIME]: 0.0043 seconds total (231.1 hz, 0.50 ms behind)
[0mq_GtoI = -0.805,-0.183,-0.553,0.115 | p_IinG = 4.572,-5.817,-0.253 | dist = 41.81 (meters)
bg = -0.0027,0.0215,0.0785 | ba = -0.0422,0.1057,0.1071
[34m[TIME]: 0.0043 seconds total (230.1 hz, 0.50 ms behind)
[0mq_GtoI = -0.803,-0.184,-0.555,0.113 | p_IinG = 4.579,-5.819,-0.260 | dist = 41.82 (meters)
bg = -0.0027,0.0215,0.0785 | ba = -0.0429,0.1057,0.1052
[34m[TIME]: 0.0041 seconds total (244.6 hz, 0.50 ms behind)
[0mq_GtoI = -0.801,-0.183,-0.558,0.114 | p_IinG = 4.588,-5.821,-0.268 | dist = 41.83 (meters)
bg = -0.0027,0.0215,0.0785 | ba = -0.0440,0.1050,0.1018
[34m[TIME]: 0.0065 seconds total (153.6 hz, 0.50 ms behind)
[0mq_GtoI = -0.797,-0.181,-0.565,0.116 | p_IinG = 4.595,-5.822,-0.275 | dist = 41.84 (meters)
bg = -0.0027,0.0215,0.0785 | ba = -0.0443,0.1050,0.1002
[34m[TIME]: 0.0042 seconds total (236.7 hz, 0.50 ms behind)
[0mq_GtoI = -0.792,-0.179,-0.571,0.120 | p_IinG = 4.602,-5.822,-0.282 | dist = 41.85 (meters)
bg = -0.0027,0.0215,0.0785 | ba = -0.0445,0.1047,0.0983
[34m[TIME]: 0.0042 seconds total (240.2 hz, 0.50 ms behind)
[0mq_GtoI = -0.790,-0.176,-0.575,0.124 | p_IinG = 4.609,-5.822,-0.289 | dist = 41.85 (meters)
bg = -0.0027,0.0215,0.0785 | ba = -0.0449,0.1045,0.0964
[34m[TIME]: 0.0041 seconds total (242.7 hz, 0.50 ms behind)
[0mq_GtoI = -0.789,-0.175,-0.576,0.124 | p_IinG = 4.615,-5.821,-0.293 | dist = 41.86 (meters)
bg = -0.0027,0.0215,0.0785 | ba = -0.0462,0.1058,0.0930
[34m[TIME]: 0.0107 seconds total (93.6 hz, 0.50 ms behind)
[0mq_GtoI = -0.790,-0.174,-0.575,0.125 | p_IinG = 4.620,-5.821,-0.296 | dist = 41.86 (meters)
bg = -0.0027,0.0215,0.0785 | ba = -0.0464,0.1061,0.0911
[34m[TIME]: 0.0041 seconds total (244.3 hz, 0.50 ms behind)
[0mq_GtoI = -0.790,-0.174,-0.575,0.125 | p_IinG = 4.622,-5.821,-0.298 | dist = 41.87 (meters)
bg = -0.0027,0.0215,0.0785 | ba = -0.0467,0.1062,0.0889
[34m[TIME]: 0.0040 seconds total (249.4 hz, 0.50 ms behind)
[0mq_GtoI = -0.791,-0.172,-0.573,0.126 | p_IinG = 4.624,-5.822,-0.299 | dist = 41.87 (meters)
bg = -0.0027,0.0215,0.0785 | ba = -0.0475,0.1062,0.0864
[34m[TIME]: 0.0042 seconds total (236.4 hz, 0.50 ms behind)
[0mq_GtoI = -0.792,-0.172,-0.573,0.126 | p_IinG = 4.625,-5.823,-0.299 | dist = 41.87 (meters)
bg = -0.0027,0.0215,0.0785 | ba = -0.0482,0.1060,0.0836
[34m[TIME]: 0.0072 seconds total (139.3 hz, 0.50 ms behind)
[0mq_GtoI = -0.793,-0.172,-0.571,0.126 | p_IinG = 4.626,-5.824,-0.299 | dist = 41.87 (meters)
bg = -0.0027,0.0215,0.0785 | ba = -0.0488,0.1058,0.0807
[34m[TIME]: 0.0043 seconds total (234.4 hz, 0.50 ms behind)
[0mq_GtoI = -0.793,-0.173,-0.571,0.125 | p_IinG = 4.628,-5.825,-0.300 | dist = 41.87 (meters)
bg = -0.0027,0.0216,0.0785 | ba = -0.0503,0.1057,0.0769
[34m[TIME]: 0.0044 seconds total (224.8 hz, 0.50 ms behind)
[0mq_GtoI = -0.794,-0.173,-0.570,0.124 | p_IinG = 4.628,-5.826,-0.303 | dist = 41.88 (meters)
bg = -0.0028,0.0216,0.0785 | ba = -0.0519,0.1056,0.0742
[34m[TIME]: 0.0040 seconds total (252.8 hz, 0.50 ms behind)
[0mq_GtoI = -0.794,-0.174,-0.570,0.122 | p_IinG = 4.628,-5.827,-0.305 | dist = 41.88 (meters)
bg = -0.0028,0.0216,0.0785 | ba = -0.0558,0.1052,0.0713
[34m[TIME]: 0.0065 seconds total (153.5 hz, 0.50 ms behind)
[0mq_GtoI = -0.793,-0.178,-0.571,0.117 | p_IinG = 4.628,-5.828,-0.309 | dist = 41.89 (meters)
bg = -0.0028,0.0216,0.0785 | ba = -0.0579,0.1054,0.0690
[34m[TIME]: 0.0043 seconds total (231.6 hz, 0.50 ms behind)
[0mq_GtoI = -0.792,-0.182,-0.572,0.111 | p_IinG = 4.626,-5.828,-0.314 | dist = 41.89 (meters)
bg = -0.0028,0.0216,0.0784 | ba = -0.0588,0.1058,0.0671
[34m[TIME]: 0.0041 seconds total (241.7 hz, 0.50 ms behind)
[0mq_GtoI = -0.791,-0.186,-0.573,0.105 | p_IinG = 4.624,-5.828,-0.319 | dist = 41.90 (meters)
bg = -0.0028,0.0216,0.0784 | ba = -0.0594,0.1062,0.0656
[34m[TIME]: 0.0041 seconds total (245.6 hz, 0.50 ms behind)
[0mq_GtoI = -0.791,-0.190,-0.574,0.098 | p_IinG = 4.622,-5.826,-0.322 | dist = 41.90 (meters)
bg = -0.0028,0.0216,0.0784 | ba = -0.0612,0.1072,0.0632
[34m[TIME]: 0.0057 seconds total (176.9 hz, 0.50 ms behind)
[0mq_GtoI = -0.790,-0.193,-0.574,0.094 | p_IinG = 4.617,-5.824,-0.324 | dist = 41.91 (meters)
bg = -0.0028,0.0216,0.0784 | ba = -0.0618,0.1076,0.0624
[34m[TIME]: 0.0041 seconds total (242.3 hz, 0.50 ms behind)
[0mq_GtoI = -0.789,-0.195,-0.575,0.091 | p_IinG = 4.611,-5.820,-0.322 | dist = 41.92 (meters)
bg = -0.0028,0.0216,0.0784 | ba = -0.0621,0.1078,0.0616
[34m[TIME]: 0.0041 seconds total (246.8 hz, 0.50 ms behind)
[0mq_GtoI = -0.789,-0.195,-0.576,0.090 | p_IinG = 4.604,-5.814,-0.320 | dist = 41.93 (meters)
bg = -0.0028,0.0216,0.0784 | ba = -0.0619,0.1081,0.0607
[34m[TIME]: 0.0041 seconds total (246.5 hz, 0.50 ms behind)
[0mq_GtoI = -0.791,-0.194,-0.574,0.092 | p_IinG = 4.595,-5.806,-0.316 | dist = 41.94 (meters)
bg = -0.0028,0.0215,0.0784 | ba = -0.0617,0.1078,0.0601
[34m[TIME]: 0.0073 seconds total (136.9 hz, 0.50 ms behind)
[0mq_GtoI = -0.793,-0.190,-0.571,0.097 | p_IinG = 4.585,-5.796,-0.310 | dist = 41.96 (meters)
bg = -0.0028,0.0215,0.0784 | ba = -0.0616,0.1075,0.0596
[34m[TIME]: 0.0040 seconds total (252.4 hz, 0.50 ms behind)
[0mq_GtoI = -0.795,-0.186,-0.568,0.103 | p_IinG = 4.574,-5.785,-0.302 | dist = 41.97 (meters)
bg = -0.0028,0.0215,0.0784 | ba = -0.0618,0.1072,0.0594
[34m[TIME]: 0.0043 seconds total (232.8 hz, 0.50 ms behind)
[0mq_GtoI = -0.797,-0.183,-0.565,0.107 | p_IinG = 4.562,-5.773,-0.293 | dist = 41.99 (meters)
bg = -0.0028,0.0215,0.0784 | ba = -0.0619,0.1065,0.0598
[34m[TIME]: 0.0043 seconds total (230.3 hz, 0.50 ms behind)
[0mq_GtoI = -0.799,-0.180,-0.562,0.110 | p_IinG = 4.550,-5.759,-0.280 | dist = 42.01 (meters)
bg = -0.0028,0.0215,0.0784 | ba = -0.0631,0.1065,0.0607
[34m[TIME]: 0.0057 seconds total (174.6 hz, 0.50 ms behind)
[0mq_GtoI = -0.801,-0.178,-0.561,0.110 | p_IinG = 4.538,-5.745,-0.266 | dist = 42.04 (meters)
bg = -0.0028,0.0215,0.0784 | ba = -0.0625,0.1064,0.0617
[34m[TIME]: 0.0043 seconds total (231.9 hz, 0.50 ms behind)
[0mq_GtoI = -0.801,-0.175,-0.562,0.108 | p_IinG = 4.526,-5.731,-0.251 | dist = 42.06 (meters)
bg = -0.0028,0.0215,0.0784 | ba = -0.0625,0.1060,0.0623
[34m[TIME]: 0.0041 seconds total (246.7 hz, 0.50 ms behind)
[0mq_GtoI = -0.802,-0.170,-0.563,0.104 | p_IinG = 4.515,-5.717,-0.238 | dist = 42.08 (meters)
bg = -0.0028,0.0215,0.0784 | ba = -0.0621,0.1055,0.0626
[34m[TIME]: 0.0039 seconds total (255.3 hz, 0.50 ms behind)
[0mq_GtoI = -0.804,-0.163,-0.564,0.099 | p_IinG = 4.502,-5.705,-0.227 | dist = 42.11 (meters)
bg = -0.0028,0.0215,0.0784 | ba = -0.0598,0.1044,0.0655
[34m[TIME]: 0.0070 seconds total (142.0 hz, 0.50 ms behind)
[0mq_GtoI = -0.806,-0.155,-0.564,0.092 | p_IinG = 4.490,-5.690,-0.218 | dist = 42.13 (meters)
bg = -0.0028,0.0215,0.0784 | ba = -0.0593,0.1039,0.0653
[34m[TIME]: 0.0042 seconds total (235.7 hz, 0.50 ms behind)
[0mq_GtoI = -0.807,-0.145,-0.565,0.085 | p_IinG = 4.478,-5.675,-0.210 | dist = 42.15 (meters)
bg = -0.0028,0.0215,0.0784 | ba = -0.0584,0.1036,0.0650
[34m[TIME]: 0.0052 seconds total (192.0 hz, 0.50 ms behind)
[0mq_GtoI = -0.809,-0.136,-0.567,0.080 | p_IinG = 4.466,-5.659,-0.203 | dist = 42.17 (meters)
bg = -0.0028,0.0215,0.0784 | ba = -0.0578,0.1031,0.0651
[34m[TIME]: 0.0097 seconds total (102.7 hz, 0.50 ms behind)
[0mq_GtoI = -0.810,-0.128,-0.567,0.075 | p_IinG = 4.455,-5.642,-0.198 | dist = 42.19 (meters)
bg = -0.0028,0.0215,0.0784 | ba = -0.0576,0.1027,0.0651
[34m[TIME]: 0.0046 seconds total (219.3 hz, 0.50 ms behind)
[0mq_GtoI = -0.811,-0.120,-0.568,0.071 | p_IinG = 4.443,-5.625,-0.193 | dist = 42.21 (meters)
bg = -0.0028,0.0215,0.0784 | ba = -0.0572,0.1024,0.0653
[34m[TIME]: 0.0044 seconds total (225.6 hz, 0.50 ms behind)
[0mq_GtoI = -0.812,-0.113,-0.568,0.068 | p_IinG = 4.431,-5.607,-0.191 | dist = 42.23 (meters)
bg = -0.0028,0.0215,0.0784 | ba = -0.0559,0.1021,0.0663
[34m[TIME]: 0.0048 seconds total (208.1 hz, 0.50 ms behind)
[0mq_GtoI = -0.813,-0.108,-0.569,0.064 | p_IinG = 4.418,-5.589,-0.190 | dist = 42.26 (meters)
bg = -0.0028,0.0215,0.0784 | ba = -0.0538,0.1018,0.0673
[34m[TIME]: 0.0046 seconds total (218.6 hz, 0.50 ms behind)
[0mq_GtoI = -0.813,-0.103,-0.569,0.062 | p_IinG = 4.406,-5.569,-0.190 | dist = 42.28 (meters)
bg = -0.0028,0.0215,0.0784 | ba = -0.0518,0.1021,0.0680
[34m[TIME]: 0.0074 seconds total (135.3 hz, 0.50 ms behind)
[0mq_GtoI = -0.814,-0.099,-0.569,0.061 | p_IinG = 4.395,-5.549,-0.191 | dist = 42.30 (meters)
bg = -0.0028,0.0215,0.0784 | ba = -0.0503,0.1020,0.0685
[34m[TIME]: 0.0092 seconds total (108.4 hz, 0.50 ms behind)
[0mq_GtoI = -0.814,-0.095,-0.570,0.059 | p_IinG = 4.383,-5.529,-0.193 | dist = 42.33 (meters)
bg = -0.0028,0.0215,0.0784 | ba = -0.0488,0.1018,0.0689
[34m[TIME]: 0.0053 seconds total (189.3 hz, 0.50 ms behind)
[0mq_GtoI = -0.814,-0.090,-0.570,0.056 | p_IinG = 4.370,-5.510,-0.199 | dist = 42.35 (meters)
bg = -0.0028,0.0215,0.0784 | ba = -0.0444,0.1022,0.0709
[34m[TIME]: 0.0061 seconds total (163.4 hz, 0.50 ms behind)
[0mq_GtoI = -0.815,-0.085,-0.571,0.052 | p_IinG = 4.357,-5.490,-0.205 | dist = 42.37 (meters)
bg = -0.0028,0.0215,0.0784 | ba = -0.0424,0.1020,0.0737
[34m[TIME]: 0.0070 seconds total (142.9 hz, 0.50 ms behind)
[0mq_GtoI = -0.815,-0.079,-0.572,0.047 | p_IinG = 4.343,-5.469,-0.211 | dist = 42.40 (meters)
bg = -0.0028,0.0215,0.0784 | ba = -0.0395,0.1028,0.0782
[34m[TIME]: 0.0109 seconds total (91.7 hz, 0.50 ms behind)
[0mq_GtoI = -0.816,-0.072,-0.572,0.041 | p_IinG = 4.332,-5.449,-0.217 | dist = 42.42 (meters)
bg = -0.0028,0.0215,0.0784 | ba = -0.0392,0.1028,0.0790
[34m[TIME]: 0.0051 seconds total (195.6 hz, 0.50 ms behind)
[0mq_GtoI = -0.818,-0.063,-0.571,0.035 | p_IinG = 4.320,-5.428,-0.224 | dist = 42.44 (meters)
bg = -0.0027,0.0215,0.0784 | ba = -0.0390,0.1027,0.0796
[34m[TIME]: 0.0101 seconds total (99.0 hz, 0.50 ms behind)
[0mq_GtoI = -0.819,-0.055,-0.571,0.028 | p_IinG = 4.310,-5.407,-0.232 | dist = 42.47 (meters)
bg = -0.0027,0.0215,0.0784 | ba = -0.0387,0.1027,0.0803
[34m[TIME]: 0.0048 seconds total (208.2 hz, 0.50 ms behind)
[0mq_GtoI = -0.819,-0.046,-0.571,0.022 | p_IinG = 4.299,-5.386,-0.240 | dist = 42.49 (meters)
bg = -0.0027,0.0215,0.0784 | ba = -0.0380,0.1028,0.0813
[34m[TIME]: 0.0046 seconds total (216.5 hz, 0.50 ms behind)
[0mq_GtoI = -0.820,-0.036,-0.571,0.015 | p_IinG = 4.289,-5.365,-0.249 | dist = 42.52 (meters)
bg = -0.0027,0.0215,0.0784 | ba = -0.0369,0.1025,0.0816
[34m[TIME]: 0.0051 seconds total (194.4 hz, 0.50 ms behind)
[0mq_GtoI = -0.821,-0.024,-0.571,0.009 | p_IinG = 4.279,-5.344,-0.259 | dist = 42.54 (meters)
bg = -0.0027,0.0215,0.0784 | ba = -0.0359,0.1025,0.0823
[34m[TIME]: 0.0045 seconds total (220.9 hz, 0.50 ms behind)
[0mq_GtoI = -0.821,-0.013,-0.570,0.002 | p_IinG = 4.269,-5.322,-0.269 | dist = 42.57 (meters)
bg = -0.0027,0.0215,0.0784 | ba = -0.0358,0.1032,0.0848
[34m[TIME]: 0.0065 seconds total (153.2 hz, 0.50 ms behind)
[0mq_GtoI = 0.822,0.000,0.570,0.006 | p_IinG = 4.260,-5.299,-0.280 | dist = 42.59 (meters)
bg = -0.0027,0.0215,0.0784 | ba = -0.0349,0.1037,0.0860
[34m[TIME]: 0.0050 seconds total (198.7 hz, 0.50 ms behind)
[0mq_GtoI = 0.822,-0.012,0.569,0.014 | p_IinG = 4.250,-5.277,-0.293 | dist = 42.62 (meters)
bg = -0.0027,0.0215,0.0784 | ba = -0.0335,0.1042,0.0874
[34m[TIME]: 0.0071 seconds total (140.1 hz, 0.50 ms behind)
[0mq_GtoI = 0.822,-0.026,0.569,0.020 | p_IinG = 4.243,-5.253,-0.305 | dist = 42.65 (meters)
bg = -0.0027,0.0216,0.0784 | ba = -0.0341,0.1067,0.0873
[34m[TIME]: 0.0059 seconds total (170.5 hz, 0.50 ms behind)
[0mq_GtoI = 0.821,-0.038,0.569,0.029 | p_IinG = 4.233,-5.231,-0.320 | dist = 42.67 (meters)
bg = -0.0027,0.0216,0.0784 | ba = -0.0314,0.1046,0.0898
[34m[TIME]: 0.0072 seconds total (139.2 hz, 0.50 ms behind)
[0mq_GtoI = 0.821,-0.051,0.568,0.036 | p_IinG = 4.223,-5.207,-0.332 | dist = 42.70 (meters)
bg = -0.0027,0.0216,0.0784 | ba = -0.0295,0.1048,0.0922
[34m[TIME]: 0.0067 seconds total (148.5 hz, 0.50 ms behind)
[0mq_GtoI = 0.820,-0.064,0.568,0.043 | p_IinG = 4.215,-5.183,-0.341 | dist = 42.73 (meters)
bg = -0.0027,0.0216,0.0784 | ba = -0.0295,0.1053,0.0936
[34m[TIME]: 0.0045 seconds total (223.4 hz, 0.50 ms behind)
[0mq_GtoI = 0.818,-0.077,0.567,0.049 | p_IinG = 4.208,-5.160,-0.348 | dist = 42.75 (meters)
bg = -0.0027,0.0216,0.0784 | ba = -0.0297,0.1057,0.0946
[34m[TIME]: 0.0047 seconds total (214.4 hz, 0.50 ms behind)
[0mq_GtoI = 0.817,-0.090,0.567,0.056 | p_IinG = 4.202,-5.137,-0.354 | dist = 42.78 (meters)
bg = -0.0027,0.0216,0.0784 | ba = -0.0303,0.1059,0.0950
[34m[TIME]: 0.0044 seconds total (228.3 hz, 0.50 ms behind)
[0mq_GtoI = 0.814,-0.105,0.567,0.060 | p_IinG = 4.191,-5.113,-0.361 | dist = 42.80 (meters)
bg = -0.0027,0.0216,0.0784 | ba = -0.0285,0.1026,0.0983
[34m[TIME]: 0.0083 seconds total (121.1 hz, 0.50 ms behind)
[0mq_GtoI = 0.813,-0.119,0.566,0.067 | p_IinG = 4.183,-5.092,-0.364 | dist = 42.82 (meters)
bg = -0.0027,0.0216,0.0784 | ba = -0.0293,0.1022,0.0980
[34m[TIME]: 0.0092 seconds total (108.5 hz, 0.50 ms behind)
[0mq_GtoI = 0.811,-0.133,0.565,0.073 | p_IinG = 4.176,-5.071,-0.365 | dist = 42.84 (meters)
bg = -0.0027,0.0216,0.0784 | ba = -0.0305,0.1018,0.0978
[34m[TIME]: 0.0045 seconds total (223.3 hz, 0.50 ms behind)
[0mq_GtoI = 0.809,-0.149,0.563,0.078 | p_IinG = 4.169,-5.051,-0.365 | dist = 42.87 (meters)
bg = -0.0027,0.0216,0.0784 | ba = -0.0318,0.1013,0.0972
[34m[TIME]: 0.0045 seconds total (221.6 hz, 0.50 ms behind)
[0mq_GtoI = 0.807,-0.162,0.561,0.084 | p_IinG = 4.163,-5.032,-0.364 | dist = 42.89 (meters)
bg = -0.0027,0.0216,0.0784 | ba = -0.0324,0.1005,0.0962
[34m[TIME]: 0.0045 seconds total (219.9 hz, 0.50 ms behind)
[0mq_GtoI = 0.805,-0.177,0.559,0.090 | p_IinG = 4.156,-5.015,-0.362 | dist = 42.90 (meters)
bg = -0.0027,0.0215,0.0784 | ba = -0.0326,0.0990,0.0962
[34m[TIME]: 0.0066 seconds total (150.7 hz, 0.50 ms behind)
[0mq_GtoI = 0.803,-0.189,0.557,0.096 | p_IinG = 4.151,-4.999,-0.359 | dist = 42.92 (meters)
bg = -0.0027,0.0215,0.0784 | ba = -0.0345,0.0989,0.0953
[34m[TIME]: 0.0053 seconds total (190.3 hz, 0.50 ms behind)
[0mq_GtoI = 0.800,-0.201,0.555,0.103 | p_IinG = 4.144,-4.986,-0.358 | dist = 42.94 (meters)
bg = -0.0027,0.0215,0.0784 | ba = -0.0359,0.0952,0.0953
[34m[TIME]: 0.0062 seconds total (160.3 hz, 0.50 ms behind)
[0mq_GtoI = 0.798,-0.213,0.554,0.109 | p_IinG = 4.138,-4.973,-0.356 | dist = 42.95 (meters)
bg = -0.0027,0.0215,0.0784 | ba = -0.0370,0.0947,0.0962
[34m[TIME]: 0.0055 seconds total (182.7 hz, 0.50 ms behind)
[0mq_GtoI = 0.795,-0.225,0.552,0.115 | p_IinG = 4.132,-4.961,-0.355 | dist = 42.97 (meters)
bg = -0.0027,0.0215,0.0784 | ba = -0.0378,0.0940,0.0970
[34m[TIME]: 0.0044 seconds total (226.8 hz, 0.50 ms behind)
[0mq_GtoI = 0.791,-0.236,0.551,0.121 | p_IinG = 4.126,-4.950,-0.356 | dist = 42.98 (meters)
bg = -0.0027,0.0215,0.0784 | ba = -0.0384,0.0935,0.0978
[34m[TIME]: 0.0040 seconds total (248.0 hz, 0.50 ms behind)
[0mq_GtoI = 0.787,-0.247,0.550,0.128 | p_IinG = 4.119,-4.942,-0.358 | dist = 42.99 (meters)
bg = -0.0027,0.0215,0.0784 | ba = -0.0386,0.0928,0.0983
[34m[TIME]: 0.0037 seconds total (267.7 hz, 0.50 ms behind)
[0mq_GtoI = 0.785,-0.254,0.548,0.138 | p_IinG = 4.108,-4.933,-0.364 | dist = 43.00 (meters)
bg = -0.0027,0.0215,0.0784 | ba = -0.0375,0.0865,0.1019
[34m[TIME]: 0.0059 seconds total (170.7 hz, 0.50 ms behind)
[0mq_GtoI = 0.782,-0.259,0.547,0.148 | p_IinG = 4.100,-4.927,-0.368 | dist = 43.01 (meters)
bg = -0.0027,0.0215,0.0784 | ba = -0.0378,0.0857,0.1023
[34m[TIME]: 0.0039 seconds total (258.8 hz, 0.50 ms behind)
[0mq_GtoI = 0.779,-0.263,0.547,0.156 | p_IinG = 4.091,-4.921,-0.372 | dist = 43.02 (meters)
bg = -0.0027,0.0215,0.0784 | ba = -0.0378,0.0844,0.1047
[34m[TIME]: 0.0042 seconds total (240.8 hz, 0.50 ms behind)
[0mq_GtoI = 0.776,-0.267,0.548,0.161 | p_IinG = 4.084,-4.918,-0.377 | dist = 43.03 (meters)
bg = -0.0027,0.0215,0.0784 | ba = -0.0385,0.0836,0.1032
[34m[TIME]: 0.0036 seconds total (278.2 hz, 0.50 ms behind)
[0mq_GtoI = 0.774,-0.270,0.549,0.164 | p_IinG = 4.076,-4.915,-0.384 | dist = 43.04 (meters)
bg = -0.0027,0.0215,0.0784 | ba = -0.0387,0.0828,0.1016
[34m[TIME]: 0.0036 seconds total (281.2 hz, 0.50 ms behind)
[0mq_GtoI = 0.772,-0.273,0.549,0.166 | p_IinG = 4.068,-4.913,-0.391 | dist = 43.05 (meters)
bg = -0.0027,0.0215,0.0784 | ba = -0.0394,0.0823,0.0998
[34m[TIME]: 0.0036 seconds total (280.9 hz, 0.50 ms behind)
[0mq_GtoI = 0.771,-0.275,0.549,0.168 | p_IinG = 4.059,-4.911,-0.399 | dist = 43.06 (meters)
bg = -0.0027,0.0215,0.0784 | ba = -0.0396,0.0820,0.0980
[34m[TIME]: 0.0035 seconds total (288.5 hz, 0.50 ms behind)
[0mq_GtoI = 0.770,-0.277,0.549,0.167 | p_IinG = 4.050,-4.909,-0.409 | dist = 43.07 (meters)
bg = -0.0027,0.0215,0.0784 | ba = -0.0397,0.0812,0.0953
[34m[TIME]: 0.0106 seconds total (94.7 hz, 0.50 ms behind)
[0mq_GtoI = 0.770,-0.277,0.550,0.169 | p_IinG = 4.041,-4.909,-0.418 | dist = 43.09 (meters)
bg = -0.0027,0.0215,0.0784 | ba = -0.0406,0.0817,0.0926
[34m[TIME]: 0.0042 seconds total (238.5 hz, 0.50 ms behind)
[0mq_GtoI = 0.770,-0.278,0.550,0.169 | p_IinG = 4.033,-4.910,-0.429 | dist = 43.10 (meters)
bg = -0.0027,0.0215,0.0784 | ba = -0.0412,0.0822,0.0897
[34m[TIME]: 0.0038 seconds total (260.8 hz, 0.50 ms behind)
[0mq_GtoI = 0.769,-0.279,0.550,0.168 | p_IinG = 4.023,-4.911,-0.441 | dist = 43.11 (meters)
bg = -0.0027,0.0215,0.0784 | ba = -0.0417,0.0827,0.0870
[34m[TIME]: 0.0039 seconds total (255.4 hz, 0.50 ms behind)
[0mq_GtoI = 0.770,-0.281,0.548,0.168 | p_IinG = 4.013,-4.914,-0.454 | dist = 43.13 (meters)
bg = -0.0027,0.0215,0.0784 | ba = -0.0423,0.0835,0.0848
[34m[TIME]: 0.0039 seconds total (254.3 hz, 0.50 ms behind)
[0mq_GtoI = 0.769,-0.285,0.546,0.168 | p_IinG = 4.007,-4.919,-0.467 | dist = 43.15 (meters)
bg = -0.0028,0.0215,0.0784 | ba = -0.0416,0.0910,0.0811
[34m[TIME]: 0.0063 seconds total (158.1 hz, 0.50 ms behind)
[0mq_GtoI = 0.768,-0.290,0.545,0.168 | p_IinG = 3.996,-4.923,-0.484 | dist = 43.17 (meters)
bg = -0.0028,0.0215,0.0784 | ba = -0.0421,0.0914,0.0792
[34m[TIME]: 0.0072 seconds total (139.4 hz, 0.50 ms behind)
[0mq_GtoI = 0.766,-0.294,0.545,0.173 | p_IinG = 3.984,-4.927,-0.501 | dist = 43.19 (meters)
bg = -0.0028,0.0215,0.0784 | ba = -0.0421,0.0914,0.0787
[34m[TIME]: 0.0039 seconds total (257.5 hz, 0.50 ms behind)
[0mq_GtoI = 0.763,-0.296,0.546,0.177 | p_IinG = 3.972,-4.932,-0.519 | dist = 43.21 (meters)
bg = -0.0028,0.0215,0.0784 | ba = -0.0420,0.0914,0.0783
[34m[TIME]: 0.0036 seconds total (279.1 hz, 0.50 ms behind)
[0mq_GtoI = 0.761,-0.298,0.547,0.182 | p_IinG = 3.960,-4.939,-0.539 | dist = 43.24 (meters)
bg = -0.0028,0.0215,0.0784 | ba = -0.0419,0.0916,0.0770
[34m[TIME]: 0.0036 seconds total (280.6 hz, 0.50 ms behind)
[0mq_GtoI = 0.758,-0.300,0.548,0.188 | p_IinG = 3.947,-4.946,-0.558 | dist = 43.26 (meters)
bg = -0.0028,0.0215,0.0783 | ba = -0.0420,0.0920,0.0756
[34m[TIME]: 0.0036 seconds total (274.1 hz, 0.50 ms behind)
[0mq_GtoI = 0.756,-0.303,0.547,0.195 | p_IinG = 3.936,-4.956,-0.577 | dist = 43.28 (meters)
bg = -0.0028,0.0215,0.0783 | ba = -0.0424,0.0957,0.0725
[34m[TIME]: 0.0073 seconds total (136.6 hz, 0.50 ms behind)
[0mq_GtoI = 0.753,-0.308,0.546,0.200 | p_IinG = 3.922,-4.964,-0.597 | dist = 43.31 (meters)
bg = -0.0028,0.0215,0.0783 | ba = -0.0428,0.0960,0.0710
[34m[TIME]: 0.0087 seconds total (115.1 hz, 0.50 ms behind)
[0mq_GtoI = 0.751,-0.311,0.546,0.205 | p_IinG = 3.908,-4.971,-0.616 | dist = 43.33 (meters)
bg = -0.0027,0.0215,0.0783 | ba = -0.0429,0.0962,0.0699
[34m[TIME]: 0.0053 seconds total (190.0 hz, 0.50 ms behind)
[0mq_GtoI = 0.750,-0.314,0.544,0.209 | p_IinG = 3.894,-4.979,-0.633 | dist = 43.36 (meters)
bg = -0.0027,0.0215,0.0783 | ba = -0.0431,0.0967,0.0683
[34m[TIME]: 0.0037 seconds total (273.7 hz, 0.50 ms behind)
[0mq_GtoI = 0.750,-0.317,0.541,0.211 | p_IinG = 3.880,-4.987,-0.649 | dist = 43.38 (meters)
bg = -0.0027,0.0215,0.0783 | ba = -0.0432,0.0976,0.0665
[34m[TIME]: 0.0064 seconds total (157.5 hz, 0.50 ms behind)
[0mq_GtoI = 0.751,-0.319,0.538,0.212 | p_IinG = 3.866,-4.995,-0.663 | dist = 43.40 (meters)
bg = -0.0027,0.0215,0.0783 | ba = -0.0433,0.0988,0.0648
[34m[TIME]: 0.0036 seconds total (277.0 hz, 0.50 ms behind)
[0mq_GtoI = 0.752,-0.321,0.534,0.213 | p_IinG = 3.856,-5.005,-0.673 | dist = 43.42 (meters)
bg = -0.0027,0.0215,0.0783 | ba = -0.0425,0.1048,0.0620
[34m[TIME]: 0.0069 seconds total (144.0 hz, 0.50 ms behind)
[0mq_GtoI = 0.754,-0.323,0.532,0.212 | p_IinG = 3.842,-5.013,-0.683 | dist = 43.44 (meters)
bg = -0.0027,0.0215,0.0783 | ba = -0.0419,0.1053,0.0605
[34m[TIME]: 0.0037 seconds total (272.1 hz, 0.50 ms behind)
[0mq_GtoI = 0.756,-0.324,0.528,0.211 | p_IinG = 3.828,-5.021,-0.692 | dist = 43.46 (meters)
bg = -0.0027,0.0215,0.0783 | ba = -0.0414,0.1060,0.0589
[34m[TIME]: 0.0036 seconds total (275.8 hz, 0.50 ms behind)
[0mq_GtoI = 0.759,-0.325,0.524,0.210 | p_IinG = 3.814,-5.030,-0.699 | dist = 43.48 (meters)
bg = -0.0027,0.0215,0.0783 | ba = -0.0414,0.1068,0.0569
[34m[TIME]: 0.0038 seconds total (260.3 hz, 0.50 ms behind)
[0mq_GtoI = 0.760,-0.325,0.522,0.210 | p_IinG = 3.801,-5.040,-0.703 | dist = 43.49 (meters)
bg = -0.0027,0.0215,0.0783 | ba = -0.0406,0.1075,0.0552
[34m[TIME]: 0.0069 seconds total (143.9 hz, 0.50 ms behind)
[0mq_GtoI = 0.762,-0.324,0.520,0.209 | p_IinG = 3.789,-5.051,-0.705 | dist = 43.51 (meters)
bg = -0.0027,0.0215,0.0783 | ba = -0.0401,0.1082,0.0536
[34m[TIME]: 0.0036 seconds total (279.3 hz, 0.50 ms behind)
[0mq_GtoI = 0.763,-0.323,0.520,0.208 | p_IinG = 3.778,-5.061,-0.704 | dist = 43.52 (meters)
bg = -0.0027,0.0215,0.0783 | ba = -0.0396,0.1086,0.0527
[34m[TIME]: 0.0055 seconds total (180.7 hz, 0.50 ms behind)
[0mq_GtoI = 0.764,-0.322,0.519,0.208 | p_IinG = 3.768,-5.073,-0.701 | dist = 43.54 (meters)
bg = -0.0027,0.0215,0.0783 | ba = -0.0396,0.1092,0.0516
[34m[TIME]: 0.0068 seconds total (147.0 hz, 0.50 ms behind)
[0mq_GtoI = 0.764,-0.321,0.520,0.207 | p_IinG = 3.758,-5.085,-0.697 | dist = 43.56 (meters)
bg = -0.0027,0.0215,0.0783 | ba = -0.0391,0.1101,0.0510
[34m[TIME]: 0.0039 seconds total (259.3 hz, 0.50 ms behind)
[0mq_GtoI = 0.764,-0.319,0.521,0.207 | p_IinG = 3.749,-5.098,-0.693 | dist = 43.57 (meters)
bg = -0.0027,0.0215,0.0783 | ba = -0.0385,0.1108,0.0501
[34m[TIME]: 0.0037 seconds total (268.1 hz, 0.50 ms behind)
[0mq_GtoI = 0.763,-0.317,0.524,0.207 | p_IinG = 3.740,-5.111,-0.688 | dist = 43.59 (meters)
bg = -0.0027,0.0215,0.0783 | ba = -0.0379,0.1113,0.0493
[34m[TIME]: 0.0038 seconds total (266.3 hz, 0.50 ms behind)
[0mq_GtoI = 0.761,-0.314,0.528,0.209 | p_IinG = 3.733,-5.125,-0.683 | dist = 43.60 (meters)
bg = -0.0027,0.0215,0.0783 | ba = -0.0377,0.1117,0.0487
[34m[TIME]: 0.0038 seconds total (260.2 hz, 0.50 ms behind)
[0mq_GtoI = 0.760,-0.311,0.531,0.209 | p_IinG = 3.728,-5.139,-0.678 | dist = 43.62 (meters)
bg = -0.0027,0.0215,0.0783 | ba = -0.0361,0.1144,0.0476
[34m[TIME]: 0.0064 seconds total (156.8 hz, 0.50 ms behind)
[0mq_GtoI = 0.759,-0.309,0.534,0.209 | p_IinG = 3.721,-5.154,-0.674 | dist = 43.64 (meters)
bg = -0.0027,0.0215,0.0783 | ba = -0.0359,0.1144,0.0471
[34m[TIME]: 0.0038 seconds total (266.1 hz, 0.50 ms behind)
[0mq_GtoI = 0.759,-0.306,0.536,0.210 | p_IinG = 3.714,-5.168,-0.670 | dist = 43.65 (meters)
bg = -0.0027,0.0215,0.0783 | ba = -0.0357,0.1141,0.0467
[34m[TIME]: 0.0037 seconds total (267.3 hz, 0.50 ms behind)
[0mq_GtoI = 0.758,-0.306,0.537,0.210 | p_IinG = 3.707,-5.182,-0.667 | dist = 43.67 (meters)
bg = -0.0027,0.0215,0.0783 | ba = -0.0352,0.1139,0.0464
[34m[TIME]: 0.0037 seconds total (270.1 hz, 0.50 ms behind)
[0mq_GtoI = 0.757,-0.307,0.537,0.210 | p_IinG = 3.700,-5.196,-0.665 | dist = 43.68 (meters)
bg = -0.0027,0.0215,0.0783 | ba = -0.0349,0.1137,0.0463
[34m[TIME]: 0.0038 seconds total (265.3 hz, 0.50 ms behind)
[0mq_GtoI = 0.756,-0.311,0.536,0.211 | p_IinG = 3.692,-5.211,-0.665 | dist = 43.70 (meters)
bg = -0.0027,0.0215,0.0783 | ba = -0.0346,0.1137,0.0463
[34m[TIME]: 0.0040 seconds total (250.4 hz, 0.50 ms behind)
[0mq_GtoI = 0.754,-0.315,0.535,0.215 | p_IinG = 3.684,-5.225,-0.666 | dist = 43.72 (meters)
bg = -0.0027,0.0215,0.0783 | ba = -0.0336,0.1135,0.0464
[34m[TIME]: 0.0046 seconds total (215.3 hz, 0.50 ms behind)
[0mq_GtoI = 0.752,-0.321,0.533,0.216 | p_IinG = 3.676,-5.239,-0.669 | dist = 43.73 (meters)
bg = -0.0027,0.0215,0.0783 | ba = -0.0338,0.1140,0.0468
[34m[TIME]: 0.0048 seconds total (209.2 hz, 0.50 ms behind)
[0mq_GtoI = 0.750,-0.328,0.531,0.220 | p_IinG = 3.668,-5.253,-0.672 | dist = 43.75 (meters)
bg = -0.0027,0.0215,0.0783 | ba = -0.0334,0.1143,0.0469
[34m[TIME]: 0.0045 seconds total (221.9 hz, 0.50 ms behind)
[0mq_GtoI = 0.747,-0.335,0.529,0.224 | p_IinG = 3.660,-5.267,-0.677 | dist = 43.77 (meters)
bg = -0.0027,0.0215,0.0783 | ba = -0.0337,0.1144,0.0469
[34m[TIME]: 0.0040 seconds total (252.9 hz, 0.50 ms behind)
[0mq_GtoI = 0.743,-0.344,0.527,0.229 | p_IinG = 3.651,-5.281,-0.683 | dist = 43.79 (meters)
bg = -0.0027,0.0215,0.0783 | ba = -0.0339,0.1148,0.0465
[34m[TIME]: 0.0039 seconds total (257.1 hz, 0.50 ms behind)
[0mq_GtoI = 0.738,-0.353,0.525,0.235 | p_IinG = 3.642,-5.295,-0.690 | dist = 43.80 (meters)
bg = -0.0027,0.0215,0.0783 | ba = -0.0344,0.1149,0.0459
[34m[TIME]: 0.0038 seconds total (263.1 hz, 0.50 ms behind)
[0mq_GtoI = 0.733,-0.362,0.523,0.241 | p_IinG = 3.636,-5.310,-0.698 | dist = 43.82 (meters)
bg = -0.0027,0.0215,0.0783 | ba = -0.0341,0.1171,0.0449
[34m[TIME]: 0.0116 seconds total (86.5 hz, 0.50 ms behind)
[0mq_GtoI = 0.729,-0.370,0.520,0.246 | p_IinG = 3.627,-5.324,-0.708 | dist = 43.84 (meters)
bg = -0.0027,0.0215,0.0783 | ba = -0.0341,0.1176,0.0444
[34m[TIME]: 0.0036 seconds total (276.0 hz, 0.50 ms behind)
[0mq_GtoI = 0.726,-0.377,0.517,0.251 | p_IinG = 3.618,-5.339,-0.719 | dist = 43.86 (meters)
bg = -0.0027,0.0215,0.0783 | ba = -0.0338,0.1180,0.0442
[34m[TIME]: 0.0035 seconds total (285.6 hz, 0.50 ms behind)
[0mq_GtoI = 0.725,-0.383,0.513,0.255 | p_IinG = 3.609,-5.353,-0.732 | dist = 43.88 (meters)
bg = -0.0027,0.0215,0.0783 | ba = -0.0331,0.1185,0.0439
[34m[TIME]: 0.0035 seconds total (287.9 hz, 0.50 ms behind)
[0mq_GtoI = 0.724,-0.388,0.509,0.259 | p_IinG = 3.601,-5.367,-0.746 | dist = 43.91 (meters)
bg = -0.0027,0.0215,0.0783 | ba = -0.0318,0.1193,0.0436
[34m[TIME]: 0.0037 seconds total (270.2 hz, 0.50 ms behind)
[0mq_GtoI = 0.723,-0.391,0.505,0.263 | p_IinG = 3.593,-5.381,-0.761 | dist = 43.93 (meters)
bg = -0.0027,0.0215,0.0783 | ba = -0.0303,0.1196,0.0435
[34m[TIME]: 0.0060 seconds total (166.3 hz, 0.50 ms behind)
[0mq_GtoI = 0.723,-0.394,0.501,0.266 | p_IinG = 3.591,-5.395,-0.779 | dist = 43.95 (meters)
bg = -0.0027,0.0215,0.0783 | ba = -0.0257,0.1232,0.0406
[34m[TIME]: 0.0089 seconds total (112.1 hz, 0.50 ms behind)
[0mq_GtoI = 0.722,-0.396,0.498,0.269 | p_IinG = 3.584,-5.409,-0.796 | dist = 43.97 (meters)
bg = -0.0027,0.0215,0.0783 | ba = -0.0247,0.1234,0.0404
[34m[TIME]: 0.0039 seconds total (259.5 hz, 0.50 ms behind)
[0mq_GtoI = 0.722,-0.398,0.496,0.272 | p_IinG = 3.579,-5.424,-0.815 | dist = 44.00 (meters)
bg = -0.0027,0.0215,0.0783 | ba = -0.0232,0.1236,0.0400
[34m[TIME]: 0.0041 seconds total (245.3 hz, 0.50 ms behind)
[0mq_GtoI = 0.723,-0.400,0.493,0.273 | p_IinG = 3.574,-5.439,-0.835 | dist = 44.02 (meters)
bg = -0.0027,0.0215,0.0783 | ba = -0.0217,0.1239,0.0395
[34m[TIME]: 0.0076 seconds total (130.8 hz, 0.50 ms behind)
[0mq_GtoI = 0.723,-0.401,0.491,0.274 | p_IinG = 3.570,-5.454,-0.856 | dist = 44.05 (meters)
bg = -0.0027,0.0215,0.0783 | ba = -0.0203,0.1242,0.0390
[34m[TIME]: 0.0068 seconds total (147.3 hz, 0.50 ms behind)
[0mq_GtoI = 0.724,-0.401,0.489,0.276 | p_IinG = 3.567,-5.469,-0.878 | dist = 44.08 (meters)
bg = -0.0027,0.0215,0.0783 | ba = -0.0188,0.1245,0.0385
[34m[TIME]: 0.0055 seconds total (183.3 hz, 0.50 ms behind)
[0mq_GtoI = 0.724,-0.402,0.488,0.275 | p_IinG = 3.566,-5.484,-0.901 | dist = 44.10 (meters)
bg = -0.0027,0.0215,0.0783 | ba = -0.0182,0.1254,0.0390
[34m[TIME]: 0.0064 seconds total (157.0 hz, 0.50 ms behind)
[0mq_GtoI = 0.725,-0.402,0.486,0.276 | p_IinG = 3.565,-5.501,-0.925 | dist = 44.13 (meters)
bg = -0.0027,0.0215,0.0783 | ba = -0.0172,0.1254,0.0384
[34m[TIME]: 0.0035 seconds total (285.3 hz, 0.50 ms behind)
[0mq_GtoI = 0.726,-0.402,0.485,0.276 | p_IinG = 3.565,-5.518,-0.950 | dist = 44.16 (meters)
bg = -0.0027,0.0215,0.0783 | ba = -0.0162,0.1254,0.0378
[34m[TIME]: 0.0036 seconds total (278.9 hz, 0.50 ms behind)
[0mq_GtoI = 0.727,-0.403,0.484,0.275 | p_IinG = 3.566,-5.535,-0.974 | dist = 44.19 (meters)
bg = -0.0027,0.0214,0.0783 | ba = -0.0157,0.1252,0.0373
[34m[TIME]: 0.0035 seconds total (283.4 hz, 0.50 ms behind)
[0mq_GtoI = 0.727,-0.402,0.485,0.275 | p_IinG = 3.568,-5.553,-0.997 | dist = 44.22 (meters)
bg = -0.0027,0.0214,0.0783 | ba = -0.0151,0.1248,0.0370
[34m[TIME]: 0.0043 seconds total (232.2 hz, 0.50 ms behind)
[0mq_GtoI = 0.725,-0.403,0.487,0.273 | p_IinG = 3.571,-5.572,-1.018 | dist = 44.25 (meters)
bg = -0.0027,0.0214,0.0783 | ba = -0.0147,0.1247,0.0369
[34m[TIME]: 0.0038 seconds total (264.5 hz, 0.50 ms behind)
[0mq_GtoI = 0.724,-0.403,0.490,0.273 | p_IinG = 3.574,-5.591,-1.037 | dist = 44.28 (meters)
bg = -0.0027,0.0214,0.0782 | ba = -0.0148,0.1240,0.0370
[34m[TIME]: 0.0067 seconds total (148.5 hz, 0.50 ms behind)
[0mq_GtoI = 0.721,-0.404,0.494,0.271 | p_IinG = 3.578,-5.610,-1.053 | dist = 44.30 (meters)
bg = -0.0027,0.0214,0.0782 | ba = -0.0148,0.1235,0.0379
[34m[TIME]: 0.0049 seconds total (203.9 hz, 0.50 ms behind)
[0mq_GtoI = 0.717,-0.404,0.501,0.269 | p_IinG = 3.583,-5.629,-1.067 | dist = 44.33 (meters)
bg = -0.0027,0.0214,0.0782 | ba = -0.0150,0.1218,0.0402
[34m[TIME]: 0.0067 seconds total (149.0 hz, 0.50 ms behind)
[0mq_GtoI = 0.713,-0.406,0.506,0.266 | p_IinG = 3.587,-5.648,-1.078 | dist = 44.35 (meters)
bg = -0.0027,0.0214,0.0782 | ba = -0.0155,0.1213,0.0410
[34m[TIME]: 0.0044 seconds total (224.9 hz, 0.50 ms behind)
[0mq_GtoI = 0.710,-0.408,0.511,0.262 | p_IinG = 3.592,-5.668,-1.088 | dist = 44.37 (meters)
bg = -0.0027,0.0214,0.0782 | ba = -0.0162,0.1202,0.0427
[34m[TIME]: 0.0100 seconds total (99.9 hz, 0.50 ms behind)
[0mq_GtoI = 0.706,-0.409,0.516,0.259 | p_IinG = 3.596,-5.689,-1.096 | dist = 44.40 (meters)
bg = -0.0027,0.0214,0.0782 | ba = -0.0168,0.1192,0.0438
[34m[TIME]: 0.0048 seconds total (210.3 hz, 0.50 ms behind)
[0mq_GtoI = 0.705,-0.409,0.518,0.259 | p_IinG = 3.599,-5.709,-1.102 | dist = 44.42 (meters)
bg = -0.0027,0.0214,0.0782 | ba = -0.0186,0.1180,0.0450
[34m[TIME]: 0.0056 seconds total (178.5 hz, 0.50 ms behind)
[0mq_GtoI = 0.706,-0.407,0.518,0.263 | p_IinG = 3.600,-5.729,-1.107 | dist = 44.44 (meters)
bg = -0.0027,0.0214,0.0782 | ba = -0.0193,0.1171,0.0460
[34m[TIME]: 0.0044 seconds total (225.7 hz, 0.50 ms behind)
[0mq_GtoI = 0.708,-0.404,0.514,0.267 | p_IinG = 3.600,-5.750,-1.110 | dist = 44.46 (meters)
bg = -0.0027,0.0214,0.0782 | ba = -0.0199,0.1162,0.0469
[34m[TIME]: 0.0049 seconds total (205.0 hz, 0.50 ms behind)
[0mq_GtoI = 0.711,-0.400,0.511,0.271 | p_IinG = 3.599,-5.771,-1.112 | dist = 44.48 (meters)
bg = -0.0027,0.0214,0.0782 | ba = -0.0209,0.1151,0.0477
[34m[TIME]: 0.0055 seconds total (181.9 hz, 0.50 ms behind)
[0mq_GtoI = 0.713,-0.398,0.507,0.275 | p_IinG = 3.598,-5.792,-1.111 | dist = 44.51 (meters)
bg = -0.0027,0.0214,0.0782 | ba = -0.0217,0.1145,0.0486
[34m[TIME]: 0.0052 seconds total (191.9 hz, 0.50 ms behind)
[0mq_GtoI = 0.716,-0.397,0.504,0.275 | p_IinG = 3.597,-5.813,-1.109 | dist = 44.53 (meters)
bg = -0.0027,0.0214,0.0782 | ba = -0.0231,0.1141,0.0496
[34m[TIME]: 0.0048 seconds total (207.9 hz, 0.50 ms behind)
[0mq_GtoI = 0.717,-0.397,0.503,0.275 | p_IinG = 3.596,-5.833,-1.106 | dist = 44.55 (meters)
bg = -0.0027,0.0214,0.0782 | ba = -0.0246,0.1136,0.0506
[34m[TIME]: 0.0098 seconds total (101.8 hz, 0.50 ms behind)
[0mq_GtoI = 0.718,-0.396,0.502,0.275 | p_IinG = 3.595,-5.853,-1.104 | dist = 44.57 (meters)
bg = -0.0026,0.0214,0.0782 | ba = -0.0259,0.1135,0.0513
[34m[TIME]: 0.0051 seconds total (195.4 hz, 0.50 ms behind)
[0mq_GtoI = 0.718,-0.396,0.503,0.274 | p_IinG = 3.594,-5.873,-1.102 | dist = 44.59 (meters)
bg = -0.0026,0.0214,0.0782 | ba = -0.0278,0.1136,0.0519
[34m[TIME]: 0.0055 seconds total (181.4 hz, 0.50 ms behind)
[0mq_GtoI = 0.716,-0.396,0.505,0.273 | p_IinG = 3.594,-5.892,-1.101 | dist = 44.61 (meters)
bg = -0.0026,0.0214,0.0782 | ba = -0.0289,0.1140,0.0522
[34m[TIME]: 0.0050 seconds total (200.8 hz, 0.50 ms behind)
[0mq_GtoI = 0.715,-0.396,0.508,0.272 | p_IinG = 3.593,-5.912,-1.102 | dist = 44.63 (meters)
bg = -0.0026,0.0214,0.0782 | ba = -0.0300,0.1144,0.0523
[34m[TIME]: 0.0046 seconds total (218.2 hz, 0.50 ms behind)
[0mq_GtoI = 0.714,-0.397,0.511,0.270 | p_IinG = 3.593,-5.931,-1.105 | dist = 44.65 (meters)
bg = -0.0026,0.0214,0.0782 | ba = -0.0310,0.1144,0.0523
[34m[TIME]: 0.0044 seconds total (228.0 hz, 0.50 ms behind)
[0mq_GtoI = 0.713,-0.396,0.512,0.269 | p_IinG = 3.592,-5.951,-1.108 | dist = 44.67 (meters)
bg = -0.0026,0.0214,0.0781 | ba = -0.0321,0.1145,0.0519
[34m[TIME]: 0.0061 seconds total (165.0 hz, 0.50 ms behind)
[0mq_GtoI = 0.712,-0.397,0.514,0.267 | p_IinG = 3.592,-5.970,-1.112 | dist = 44.69 (meters)
bg = -0.0026,0.0213,0.0781 | ba = -0.0334,0.1148,0.0514
[34m[TIME]: 0.0044 seconds total (224.8 hz, 0.50 ms behind)
[0mq_GtoI = 0.712,-0.397,0.515,0.266 | p_IinG = 3.591,-5.989,-1.117 | dist = 44.71 (meters)
bg = -0.0026,0.0213,0.0781 | ba = -0.0347,0.1148,0.0510
[34m[TIME]: 0.0076 seconds total (131.9 hz, 0.50 ms behind)
[0mq_GtoI = 0.713,-0.397,0.514,0.264 | p_IinG = 3.589,-6.008,-1.124 | dist = 44.73 (meters)
bg = -0.0026,0.0213,0.0781 | ba = -0.0364,0.1150,0.0503
[34m[TIME]: 0.0045 seconds total (220.3 hz, 0.50 ms behind)
[0mq_GtoI = 0.715,-0.396,0.512,0.264 | p_IinG = 3.587,-6.028,-1.132 | dist = 44.75 (meters)
bg = -0.0026,0.0213,0.0781 | ba = -0.0384,0.1151,0.0490
[34m[TIME]: 0.0040 seconds total (250.6 hz, 0.50 ms behind)
[0mq_GtoI = 0.718,-0.396,0.509,0.263 | p_IinG = 3.584,-6.048,-1.141 | dist = 44.77 (meters)
bg = -0.0026,0.0213,0.0781 | ba = -0.0402,0.1154,0.0475
[34m[TIME]: 0.0073 seconds total (137.4 hz, 0.50 ms behind)
[0mq_GtoI = 0.720,-0.396,0.505,0.263 | p_IinG = 3.582,-6.068,-1.150 | dist = 44.79 (meters)
bg = -0.0026,0.0213,0.0781 | ba = -0.0422,0.1158,0.0458
[34m[TIME]: 0.0046 seconds total (219.5 hz, 0.50 ms behind)
[0mq_GtoI = 0.722,-0.395,0.503,0.264 | p_IinG = 3.580,-6.089,-1.159 | dist = 44.82 (meters)
bg = -0.0026,0.0214,0.0781 | ba = -0.0431,0.1162,0.0441
[34m[TIME]: 0.0039 seconds total (256.8 hz, 0.50 ms behind)
[0mq_GtoI = 0.724,-0.394,0.501,0.264 | p_IinG = 3.579,-6.110,-1.165 | dist = 44.84 (meters)
bg = -0.0026,0.0214,0.0781 | ba = -0.0439,0.1171,0.0423
[34m[TIME]: 0.0049 seconds total (204.6 hz, 0.50 ms behind)
[0mq_GtoI = 0.725,-0.394,0.500,0.263 | p_IinG = 3.578,-6.132,-1.170 | dist = 44.86 (meters)
bg = -0.0026,0.0214,0.0781 | ba = -0.0444,0.1175,0.0412
[34m[TIME]: 0.0042 seconds total (239.4 hz, 0.50 ms behind)
[0mq_GtoI = 0.727,-0.393,0.497,0.264 | p_IinG = 3.577,-6.153,-1.172 | dist = 44.88 (meters)
bg = -0.0026,0.0214,0.0781 | ba = -0.0442,0.1179,0.0400
[34m[TIME]: 0.0085 seconds total (117.6 hz, 0.50 ms behind)
[0mq_GtoI = 0.729,-0.392,0.495,0.265 | p_IinG = 3.577,-6.175,-1.173 | dist = 44.90 (meters)
bg = -0.0026,0.0214,0.0782 | ba = -0.0432,0.1182,0.0390
[34m[TIME]: 0.0074 seconds total (135.3 hz, 0.50 ms behind)
[0mq_GtoI = 0.730,-0.393,0.493,0.264 | p_IinG = 3.578,-6.197,-1.172 | dist = 44.92 (meters)
bg = -0.0026,0.0214,0.0782 | ba = -0.0428,0.1185,0.0379
[34m[TIME]: 0.0057 seconds total (176.4 hz, 0.50 ms behind)
[0mq_GtoI = 0.732,-0.392,0.491,0.264 | p_IinG = 3.579,-6.220,-1.170 | dist = 44.95 (meters)
bg = -0.0026,0.0214,0.0782 | ba = -0.0423,0.1183,0.0370
[34m[TIME]: 0.0044 seconds total (225.4 hz, 0.50 ms behind)
[0mq_GtoI = 0.733,-0.393,0.490,0.263 | p_IinG = 3.582,-6.244,-1.170 | dist = 44.97 (meters)
bg = -0.0026,0.0214,0.0782 | ba = -0.0414,0.1183,0.0364
[34m[TIME]: 0.0081 seconds total (123.7 hz, 0.50 ms behind)
[0mq_GtoI = 0.735,-0.392,0.486,0.263 | p_IinG = 3.585,-6.268,-1.171 | dist = 45.00 (meters)
bg = -0.0026,0.0214,0.0782 | ba = -0.0404,0.1183,0.0357
[34m[TIME]: 0.0048 seconds total (209.8 hz, 0.50 ms behind)
[0mq_GtoI = 0.737,-0.392,0.483,0.263 | p_IinG = 3.589,-6.293,-1.174 | dist = 45.02 (meters)
bg = -0.0026,0.0214,0.0782 | ba = -0.0393,0.1185,0.0348
[34m[TIME]: 0.0049 seconds total (205.1 hz, 0.50 ms behind)
[0mq_GtoI = 0.739,-0.393,0.481,0.261 | p_IinG = 3.594,-6.319,-1.179 | dist = 45.05 (meters)
bg = -0.0026,0.0214,0.0782 | ba = -0.0386,0.1186,0.0341
[34m[TIME]: 0.0048 seconds total (209.4 hz, 0.50 ms behind)
[0mq_GtoI = 0.741,-0.393,0.478,0.259 | p_IinG = 3.602,-6.345,-1.185 | dist = 45.08 (meters)
bg = -0.0026,0.0214,0.0782 | ba = -0.0379,0.1192,0.0330
[34m[TIME]: 0.0067 seconds total (149.2 hz, 0.50 ms behind)
[0mq_GtoI = 0.743,-0.394,0.477,0.257 | p_IinG = 3.610,-6.373,-1.193 | dist = 45.11 (meters)
bg = -0.0026,0.0214,0.0782 | ba = -0.0373,0.1193,0.0329
[34m[TIME]: 0.0044 seconds total (227.6 hz, 0.50 ms behind)
[0mq_GtoI = 0.745,-0.394,0.474,0.256 | p_IinG = 3.620,-6.401,-1.202 | dist = 45.14 (meters)
bg = -0.0026,0.0214,0.0782 | ba = -0.0365,0.1197,0.0321
[34m[TIME]: 0.0051 seconds total (197.7 hz, 0.50 ms behind)
[0mq_GtoI = 0.746,-0.393,0.473,0.256 | p_IinG = 3.631,-6.432,-1.213 | dist = 45.17 (meters)
bg = -0.0026,0.0214,0.0782 | ba = -0.0353,0.1202,0.0312
[34m[TIME]: 0.0100 seconds total (99.9 hz, 0.50 ms behind)
[0mq_GtoI = 0.747,-0.392,0.472,0.257 | p_IinG = 3.644,-6.463,-1.224 | dist = 45.21 (meters)
bg = -0.0025,0.0214,0.0782 | ba = -0.0340,0.1205,0.0304
[34m[TIME]: 0.0053 seconds total (187.2 hz, 0.50 ms behind)
[0mq_GtoI = 0.745,-0.390,0.476,0.259 | p_IinG = 3.659,-6.497,-1.234 | dist = 45.24 (meters)
bg = -0.0025,0.0214,0.0781 | ba = -0.0333,0.1211,0.0297
[34m[TIME]: 0.0051 seconds total (194.5 hz, 0.50 ms behind)
[0mq_GtoI = 0.741,-0.387,0.482,0.262 | p_IinG = 3.675,-6.531,-1.245 | dist = 45.28 (meters)
bg = -0.0025,0.0213,0.0781 | ba = -0.0328,0.1215,0.0288
[34m[TIME]: 0.0054 seconds total (183.7 hz, 0.50 ms behind)
[0mq_GtoI = 0.737,-0.384,0.489,0.267 | p_IinG = 3.693,-6.566,-1.254 | dist = 45.32 (meters)
bg = -0.0025,0.0213,0.0781 | ba = -0.0321,0.1218,0.0284
[34m[TIME]: 0.0051 seconds total (197.1 hz, 0.50 ms behind)
[0mq_GtoI = 0.734,-0.381,0.494,0.270 | p_IinG = 3.712,-6.602,-1.262 | dist = 45.37 (meters)
bg = -0.0025,0.0213,0.0781 | ba = -0.0315,0.1218,0.0282
[34m[TIME]: 0.0040 seconds total (248.3 hz, 0.50 ms behind)
[0mq_GtoI = 0.731,-0.379,0.497,0.272 | p_IinG = 3.731,-6.637,-1.268 | dist = 45.41 (meters)
bg = -0.0025,0.0213,0.0781 | ba = -0.0303,0.1219,0.0282
[34m[TIME]: 0.0045 seconds total (220.1 hz, 0.50 ms behind)
[0mq_GtoI = 0.730,-0.379,0.500,0.273 | p_IinG = 3.751,-6.673,-1.273 | dist = 45.45 (meters)
bg = -0.0025,0.0213,0.0781 | ba = -0.0298,0.1218,0.0284
[34m[TIME]: 0.0075 seconds total (133.3 hz, 0.50 ms behind)
[0mq_GtoI = 0.731,-0.379,0.499,0.272 | p_IinG = 3.772,-6.708,-1.277 | dist = 45.49 (meters)
bg = -0.0025,0.0213,0.0781 | ba = -0.0295,0.1215,0.0291
[34m[TIME]: 0.0043 seconds total (231.5 hz, 0.50 ms behind)
[0mq_GtoI = 0.731,-0.380,0.497,0.271 | p_IinG = 3.794,-6.743,-1.281 | dist = 45.53 (meters)
bg = -0.0025,0.0213,0.0781 | ba = -0.0295,0.1216,0.0300
[34m[TIME]: 0.0052 seconds total (192.7 hz, 0.50 ms behind)
[0mq_GtoI = 0.733,-0.382,0.494,0.269 | p_IinG = 3.817,-6.778,-1.285 | dist = 45.57 (meters)
bg = -0.0025,0.0213,0.0781 | ba = -0.0301,0.1213,0.0312
[34m[TIME]: 0.0041 seconds total (243.7 hz, 0.50 ms behind)
[0mq_GtoI = 0.735,-0.382,0.491,0.268 | p_IinG = 3.840,-6.812,-1.291 | dist = 45.62 (meters)
bg = -0.0025,0.0213,0.0781 | ba = -0.0302,0.1209,0.0319
[34m[TIME]: 0.0092 seconds total (108.4 hz, 0.50 ms behind)
[0mq_GtoI = 0.736,-0.383,0.491,0.267 | p_IinG = 3.864,-6.847,-1.298 | dist = 45.66 (meters)
bg = -0.0025,0.0213,0.0781 | ba = -0.0302,0.1205,0.0325
[34m[TIME]: 0.0045 seconds total (219.8 hz, 0.50 ms behind)
[0mq_GtoI = 0.736,-0.384,0.489,0.267 | p_IinG = 3.889,-6.883,-1.307 | dist = 45.70 (meters)
bg = -0.0025,0.0213,0.0781 | ba = -0.0301,0.1203,0.0328
[34m[TIME]: 0.0049 seconds total (202.1 hz, 0.50 ms behind)
[0mq_GtoI = 0.735,-0.384,0.491,0.267 | p_IinG = 3.914,-6.919,-1.317 | dist = 45.75 (meters)
bg = -0.0025,0.0213,0.0781 | ba = -0.0296,0.1201,0.0334
[34m[TIME]: 0.0044 seconds total (224.7 hz, 0.50 ms behind)
[0mq_GtoI = 0.733,-0.384,0.493,0.268 | p_IinG = 3.941,-6.956,-1.327 | dist = 45.80 (meters)
bg = -0.0025,0.0213,0.0781 | ba = -0.0290,0.1206,0.0340
[34m[TIME]: 0.0064 seconds total (157.0 hz, 0.50 ms behind)
[0mq_GtoI = 0.731,-0.384,0.497,0.267 | p_IinG = 3.968,-6.992,-1.337 | dist = 45.84 (meters)
bg = -0.0025,0.0213,0.0781 | ba = -0.0290,0.1208,0.0352
[34m[TIME]: 0.0045 seconds total (221.2 hz, 0.50 ms behind)
[0mq_GtoI = 0.728,-0.384,0.501,0.267 | p_IinG = 3.995,-7.029,-1.346 | dist = 45.89 (meters)
bg = -0.0025,0.0213,0.0781 | ba = -0.0293,0.1213,0.0370
[34m[TIME]: 0.0041 seconds total (246.8 hz, 0.50 ms behind)
[0mq_GtoI = 0.725,-0.386,0.506,0.265 | p_IinG = 4.024,-7.066,-1.353 | dist = 45.94 (meters)
bg = -0.0025,0.0213,0.0781 | ba = -0.0301,0.1210,0.0376
[34m[TIME]: 0.0045 seconds total (222.3 hz, 0.50 ms behind)
[0mq_GtoI = 0.722,-0.387,0.511,0.262 | p_IinG = 4.053,-7.103,-1.357 | dist = 45.99 (meters)
bg = -0.0025,0.0212,0.0780 | ba = -0.0309,0.1213,0.0382
[34m[TIME]: 0.0071 seconds total (139.9 hz, 0.50 ms behind)
[0mq_GtoI = 0.718,-0.390,0.516,0.257 | p_IinG = 4.082,-7.140,-1.359 | dist = 46.03 (meters)
bg = -0.0025,0.0212,0.0780 | ba = -0.0316,0.1211,0.0390
[34m[TIME]: 0.0046 seconds total (217.2 hz, 0.50 ms behind)
[0mq_GtoI = 0.716,-0.392,0.520,0.252 | p_IinG = 4.110,-7.176,-1.359 | dist = 46.08 (meters)
bg = -0.0025,0.0212,0.0780 | ba = -0.0329,0.1218,0.0395
[34m[TIME]: 0.0043 seconds total (230.7 hz, 0.50 ms behind)
[0mq_GtoI = 0.713,-0.394,0.524,0.249 | p_IinG = 4.136,-7.213,-1.359 | dist = 46.13 (meters)
bg = -0.0025,0.0212,0.0780 | ba = -0.0330,0.1220,0.0398
[34m[TIME]: 0.0042 seconds total (238.3 hz, 0.50 ms behind)
[0mq_GtoI = 0.713,-0.392,0.525,0.251 | p_IinG = 4.162,-7.250,-1.359 | dist = 46.17 (meters)
bg = -0.0025,0.0212,0.0780 | ba = -0.0334,0.1223,0.0396
[34m[TIME]: 0.0042 seconds total (239.6 hz, 0.50 ms behind)
[0mq_GtoI = 0.714,-0.388,0.524,0.256 | p_IinG = 4.186,-7.287,-1.361 | dist = 46.22 (meters)
bg = -0.0025,0.0212,0.0780 | ba = -0.0334,0.1231,0.0397
[34m[TIME]: 0.0038 seconds total (265.5 hz, 0.50 ms behind)
[0mq_GtoI = 0.717,-0.384,0.521,0.260 | p_IinG = 4.210,-7.324,-1.365 | dist = 46.26 (meters)
bg = -0.0025,0.0212,0.0780 | ba = -0.0332,0.1238,0.0399
[34m[TIME]: 0.0051 seconds total (197.7 hz, 0.50 ms behind)
[0mq_GtoI = 0.720,-0.380,0.517,0.265 | p_IinG = 4.233,-7.361,-1.371 | dist = 46.31 (meters)
bg = -0.0025,0.0212,0.0780 | ba = -0.0322,0.1241,0.0394
[34m[TIME]: 0.0063 seconds total (159.9 hz, 0.50 ms behind)
[0mq_GtoI = 0.723,-0.378,0.514,0.267 | p_IinG = 4.255,-7.398,-1.380 | dist = 46.35 (meters)
bg = -0.0025,0.0212,0.0780 | ba = -0.0310,0.1241,0.0392
[34m[TIME]: 0.0059 seconds total (168.1 hz, 0.50 ms behind)
[0mq_GtoI = 0.725,-0.375,0.510,0.270 | p_IinG = 4.277,-7.434,-1.390 | dist = 46.39 (meters)
bg = -0.0025,0.0212,0.0780 | ba = -0.0299,0.1241,0.0388
[34m[TIME]: 0.0044 seconds total (226.9 hz, 0.50 ms behind)
[0mq_GtoI = 0.728,-0.374,0.507,0.271 | p_IinG = 4.299,-7.470,-1.400 | dist = 46.44 (meters)
bg = -0.0025,0.0212,0.0780 | ba = -0.0287,0.1241,0.0384
[34m[TIME]: 0.0045 seconds total (220.8 hz, 0.50 ms behind)
[0mq_GtoI = 0.729,-0.373,0.505,0.272 | p_IinG = 4.321,-7.506,-1.409 | dist = 46.48 (meters)
bg = -0.0025,0.0212,0.0780 | ba = -0.0282,0.1238,0.0380
[34m[TIME]: 0.0050 seconds total (199.9 hz, 0.50 ms behind)
[0mq_GtoI = 0.730,-0.373,0.503,0.273 | p_IinG = 4.344,-7.541,-1.417 | dist = 46.52 (meters)
bg = -0.0025,0.0212,0.0780 | ba = -0.0276,0.1238,0.0376
[34m[TIME]: 0.0043 seconds total (230.7 hz, 0.50 ms behind)
[0mq_GtoI = 0.731,-0.373,0.502,0.272 | p_IinG = 4.367,-7.575,-1.422 | dist = 46.56 (meters)
bg = -0.0025,0.0212,0.0780 | ba = -0.0270,0.1236,0.0376
[34m[TIME]: 0.0042 seconds total (240.4 hz, 0.50 ms behind)
[0mq_GtoI = 0.732,-0.373,0.501,0.273 | p_IinG = 4.390,-7.610,-1.426 | dist = 46.60 (meters)
bg = -0.0025,0.0212,0.0780 | ba = -0.0258,0.1234,0.0374
[34m[TIME]: 0.0049 seconds total (206.1 hz, 0.50 ms behind)
[0mq_GtoI = 0.733,-0.374,0.499,0.272 | p_IinG = 4.415,-7.644,-1.429 | dist = 46.65 (meters)
bg = -0.0025,0.0212,0.0780 | ba = -0.0248,0.1235,0.0382
[34m[TIME]: 0.0058 seconds total (172.1 hz, 0.50 ms behind)
[0mq_GtoI = 0.734,-0.376,0.498,0.270 | p_IinG = 4.440,-7.678,-1.429 | dist = 46.69 (meters)
bg = -0.0025,0.0212,0.0779 | ba = -0.0228,0.1233,0.0392
[34m[TIME]: 0.0043 seconds total (230.7 hz, 0.50 ms behind)
[0mq_GtoI = 0.735,-0.377,0.495,0.270 | p_IinG = 4.465,-7.710,-1.429 | dist = 46.73 (meters)
bg = -0.0025,0.0212,0.0779 | ba = -0.0203,0.1234,0.0411
[34m[TIME]: 0.0062 seconds total (162.4 hz, 0.50 ms behind)
[0mq_GtoI = 0.736,-0.378,0.493,0.270 | p_IinG = 4.492,-7.744,-1.428 | dist = 46.78 (meters)
bg = -0.0025,0.0212,0.0779 | ba = -0.0185,0.1236,0.0418
[34m[TIME]: 0.0049 seconds total (205.1 hz, 0.50 ms behind)
[0mq_GtoI = 0.735,-0.379,0.493,0.269 | p_IinG = 4.519,-7.777,-1.426 | dist = 46.82 (meters)
bg = -0.0025,0.0212,0.0779 | ba = -0.0173,0.1241,0.0431
[34m[TIME]: 0.0044 seconds total (229.3 hz, 0.50 ms behind)
[0mq_GtoI = 0.735,-0.380,0.493,0.270 | p_IinG = 4.547,-7.811,-1.422 | dist = 46.87 (meters)
bg = -0.0025,0.0212,0.0779 | ba = -0.0172,0.1247,0.0438
[34m[TIME]: 0.0049 seconds total (203.5 hz, 0.50 ms behind)
[0mq_GtoI = 0.733,-0.381,0.495,0.271 | p_IinG = 4.577,-7.845,-1.417 | dist = 46.91 (meters)
bg = -0.0025,0.0212,0.0779 | ba = -0.0168,0.1254,0.0449
[34m[TIME]: 0.0088 seconds total (114.1 hz, 0.50 ms behind)
[0mq_GtoI = 0.731,-0.380,0.496,0.273 | p_IinG = 4.607,-7.880,-1.413 | dist = 46.96 (meters)
bg = -0.0025,0.0212,0.0779 | ba = -0.0166,0.1257,0.0454
[34m[TIME]: 0.0040 seconds total (248.2 hz, 0.50 ms behind)
[0mq_GtoI = 0.729,-0.381,0.498,0.275 | p_IinG = 4.638,-7.914,-1.409 | dist = 47.01 (meters)
bg = -0.0025,0.0212,0.0779 | ba = -0.0165,0.1264,0.0465
[34m[TIME]: 0.0041 seconds total (246.5 hz, 0.50 ms behind)
[0mq_GtoI = 0.729,-0.382,0.497,0.276 | p_IinG = 4.669,-7.949,-1.404 | dist = 47.05 (meters)
bg = -0.0025,0.0212,0.0779 | ba = -0.0169,0.1265,0.0467
[34m[TIME]: 0.0071 seconds total (140.9 hz, 0.50 ms behind)
[0mq_GtoI = 0.728,-0.383,0.496,0.277 | p_IinG = 4.700,-7.981,-1.400 | dist = 47.10 (meters)
bg = -0.0026,0.0212,0.0779 | ba = -0.0166,0.1265,0.0480
[34m[TIME]: 0.0046 seconds total (218.7 hz, 0.50 ms behind)
[0mq_GtoI = 0.728,-0.384,0.496,0.278 | p_IinG = 4.733,-8.016,-1.394 | dist = 47.15 (meters)
bg = -0.0026,0.0212,0.0779 | ba = -0.0170,0.1265,0.0479
[34m[TIME]: 0.0046 seconds total (217.2 hz, 0.50 ms behind)
[0mq_GtoI = 0.728,-0.385,0.494,0.279 | p_IinG = 4.767,-8.050,-1.386 | dist = 47.20 (meters)
bg = -0.0026,0.0212,0.0779 | ba = -0.0178,0.1266,0.0477
[34m[TIME]: 0.0042 seconds total (236.4 hz, 0.50 ms behind)
[0mq_GtoI = 0.728,-0.386,0.493,0.280 | p_IinG = 4.801,-8.084,-1.376 | dist = 47.24 (meters)
bg = -0.0026,0.0212,0.0779 | ba = -0.0189,0.1266,0.0480
[34m[TIME]: 0.0044 seconds total (227.0 hz, 0.50 ms behind)
[0mq_GtoI = 0.728,-0.387,0.492,0.280 | p_IinG = 4.835,-8.116,-1.364 | dist = 47.29 (meters)
bg = -0.0026,0.0212,0.0779 | ba = -0.0203,0.1266,0.0494
[34m[TIME]: 0.0045 seconds total (223.2 hz, 0.50 ms behind)
[0mq_GtoI = 0.728,-0.388,0.491,0.280 | p_IinG = 4.871,-8.150,-1.350 | dist = 47.35 (meters)
bg = -0.0026,0.0212,0.0779 | ba = -0.0206,0.1266,0.0498
[34m[TIME]: 0.0039 seconds total (257.3 hz, 0.50 ms behind)
[0mq_GtoI = 0.728,-0.389,0.491,0.279 | p_IinG = 4.908,-8.183,-1.334 | dist = 47.40 (meters)
bg = -0.0026,0.0212,0.0779 | ba = -0.0211,0.1268,0.0501
[34m[TIME]: 0.0045 seconds total (222.3 hz, 0.50 ms behind)
[0mq_GtoI = 0.727,-0.390,0.491,0.278 | p_IinG = 4.945,-8.215,-1.317 | dist = 47.45 (meters)
bg = -0.0026,0.0212,0.0779 | ba = -0.0216,0.1269,0.0507
[34m[TIME]: 0.0044 seconds total (227.8 hz, 0.50 ms behind)
[0mq_GtoI = 0.727,-0.392,0.491,0.276 | p_IinG = 4.983,-8.248,-1.301 | dist = 47.50 (meters)
bg = -0.0026,0.0212,0.0779 | ba = -0.0217,0.1269,0.0511
[34m[TIME]: 0.0053 seconds total (187.4 hz, 0.50 ms behind)
[0mq_GtoI = 0.726,-0.396,0.493,0.270 | p_IinG = 5.022,-8.280,-1.286 | dist = 47.56 (meters)
bg = -0.0026,0.0212,0.0779 | ba = -0.0224,0.1270,0.0516
[34m[TIME]: 0.0044 seconds total (225.5 hz, 0.50 ms behind)
[0mq_GtoI = 0.725,-0.398,0.494,0.267 | p_IinG = 5.061,-8.313,-1.274 | dist = 47.61 (meters)
bg = -0.0026,0.0212,0.0779 | ba = -0.0228,0.1275,0.0520
[34m[TIME]: 0.0042 seconds total (240.5 hz, 0.50 ms behind)
[0mq_GtoI = 0.725,-0.400,0.495,0.263 | p_IinG = 5.100,-8.347,-1.266 | dist = 47.66 (meters)
bg = -0.0026,0.0212,0.0779 | ba = -0.0230,0.1278,0.0522
[34m[TIME]: 0.0045 seconds total (219.9 hz, 0.50 ms behind)
[0mq_GtoI = 0.724,-0.401,0.496,0.262 | p_IinG = 5.140,-8.382,-1.260 | dist = 47.71 (meters)
bg = -0.0026,0.0212,0.0779 | ba = -0.0231,0.1284,0.0525
[34m[TIME]: 0.0078 seconds total (129.0 hz, 0.50 ms behind)
[0mq_GtoI = 0.723,-0.401,0.498,0.262 | p_IinG = 5.178,-8.417,-1.257 | dist = 47.77 (meters)
bg = -0.0026,0.0212,0.0779 | ba = -0.0226,0.1277,0.0523
[34m[TIME]: 0.0052 seconds total (192.6 hz, 0.50 ms behind)
[0mq_GtoI = 0.722,-0.400,0.500,0.262 | p_IinG = 5.218,-8.453,-1.258 | dist = 47.82 (meters)
bg = -0.0026,0.0212,0.0779 | ba = -0.0218,0.1285,0.0524
[34m[TIME]: 0.0039 seconds total (257.8 hz, 0.50 ms behind)
[0mq_GtoI = 0.722,-0.398,0.501,0.262 | p_IinG = 5.257,-8.488,-1.260 | dist = 47.87 (meters)
bg = -0.0026,0.0212,0.0779 | ba = -0.0212,0.1292,0.0529
[34m[TIME]: 0.0039 seconds total (254.2 hz, 0.50 ms behind)
[0mq_GtoI = 0.722,-0.396,0.502,0.263 | p_IinG = 5.296,-8.525,-1.265 | dist = 47.93 (meters)
bg = -0.0026,0.0212,0.0778 | ba = -0.0201,0.1291,0.0524
[34m[TIME]: 0.0050 seconds total (199.9 hz, 0.50 ms behind)
[0mq_GtoI = 0.723,-0.393,0.503,0.265 | p_IinG = 5.334,-8.560,-1.273 | dist = 47.98 (meters)
bg = -0.0026,0.0212,0.0778 | ba = -0.0178,0.1290,0.0515
[34m[TIME]: 0.0062 seconds total (161.8 hz, 0.50 ms behind)
[0mq_GtoI = 0.723,-0.390,0.504,0.267 | p_IinG = 5.373,-8.597,-1.281 | dist = 48.04 (meters)
bg = -0.0026,0.0212,0.0778 | ba = -0.0164,0.1284,0.0511
[34m[TIME]: 0.0074 seconds total (135.0 hz, 0.50 ms behind)
[0mq_GtoI = 0.723,-0.388,0.505,0.268 | p_IinG = 5.411,-8.634,-1.291 | dist = 48.09 (meters)
bg = -0.0026,0.0212,0.0778 | ba = -0.0152,0.1279,0.0512
[34m[TIME]: 0.0048 seconds total (206.5 hz, 0.50 ms behind)
[0mq_GtoI = 0.722,-0.387,0.507,0.267 | p_IinG = 5.449,-8.670,-1.302 | dist = 48.15 (meters)
bg = -0.0026,0.0212,0.0778 | ba = -0.0136,0.1271,0.0506
[34m[TIME]: 0.0045 seconds total (224.2 hz, 0.50 ms behind)
[0mq_GtoI = 0.721,-0.388,0.510,0.265 | p_IinG = 5.487,-8.707,-1.315 | dist = 48.20 (meters)
bg = -0.0026,0.0212,0.0778 | ba = -0.0125,0.1261,0.0501
[34m[TIME]: 0.0057 seconds total (174.6 hz, 0.50 ms behind)
[0mq_GtoI = 0.718,-0.390,0.514,0.261 | p_IinG = 5.525,-8.744,-1.328 | dist = 48.26 (meters)
bg = -0.0026,0.0212,0.0778 | ba = -0.0116,0.1250,0.0500
[34m[TIME]: 0.0040 seconds total (247.6 hz, 0.50 ms behind)
[0mq_GtoI = 0.715,-0.393,0.519,0.255 | p_IinG = 5.562,-8.781,-1.342 | dist = 48.31 (meters)
bg = -0.0026,0.0212,0.0778 | ba = -0.0108,0.1243,0.0495
[34m[TIME]: 0.0072 seconds total (139.6 hz, 0.50 ms behind)
[0mq_GtoI = 0.712,-0.396,0.523,0.251 | p_IinG = 5.598,-8.818,-1.354 | dist = 48.36 (meters)
bg = -0.0026,0.0212,0.0778 | ba = -0.0100,0.1234,0.0488
[34m[TIME]: 0.0042 seconds total (240.5 hz, 0.50 ms behind)
[0mq_GtoI = 0.710,-0.397,0.526,0.248 | p_IinG = 5.633,-8.856,-1.365 | dist = 48.42 (meters)
bg = -0.0026,0.0212,0.0778 | ba = -0.0093,0.1229,0.0483
[34m[TIME]: 0.0040 seconds total (252.3 hz, 0.50 ms behind)
[0mq_GtoI = 0.709,-0.398,0.527,0.247 | p_IinG = 5.667,-8.896,-1.374 | dist = 48.47 (meters)
bg = -0.0026,0.0212,0.0778 | ba = -0.0087,0.1226,0.0483
[34m[TIME]: 0.0043 seconds total (234.7 hz, 0.50 ms behind)
[0mq_GtoI = 0.708,-0.397,0.528,0.248 | p_IinG = 5.699,-8.936,-1.380 | dist = 48.52 (meters)
bg = -0.0026,0.0212,0.0778 | ba = -0.0084,0.1221,0.0485
[34m[TIME]: 0.0038 seconds total (262.3 hz, 0.50 ms behind)
[0mq_GtoI = 0.709,-0.395,0.528,0.252 | p_IinG = 5.729,-8.977,-1.385 | dist = 48.57 (meters)
bg = -0.0026,0.0212,0.0778 | ba = -0.0077,0.1219,0.0487
[34m[TIME]: 0.0037 seconds total (269.3 hz, 0.50 ms behind)
[0mq_GtoI = 0.711,-0.391,0.524,0.258 | p_IinG = 5.757,-9.017,-1.391 | dist = 48.62 (meters)
bg = -0.0026,0.0212,0.0778 | ba = -0.0064,0.1215,0.0491
[34m[TIME]: 0.0056 seconds total (180.1 hz, 0.50 ms behind)
[0mq_GtoI = 0.712,-0.387,0.522,0.266 | p_IinG = 5.784,-9.056,-1.398 | dist = 48.67 (meters)
bg = -0.0026,0.0212,0.0778 | ba = -0.0054,0.1214,0.0502
[34m[TIME]: 0.0046 seconds total (217.6 hz, 0.50 ms behind)
[0mq_GtoI = 0.714,-0.383,0.519,0.273 | p_IinG = 5.810,-9.095,-1.406 | dist = 48.72 (meters)
bg = -0.0026,0.0212,0.0778 | ba = -0.0046,0.1214,0.0516
[34m[TIME]: 0.0047 seconds total (214.2 hz, 0.50 ms behind)
[0mq_GtoI = 0.714,-0.379,0.518,0.280 | p_IinG = 5.836,-9.133,-1.415 | dist = 48.77 (meters)
bg = -0.0026,0.0212,0.0778 | ba = -0.0038,0.1214,0.0529
[34m[TIME]: 0.0047 seconds total (211.6 hz, 0.50 ms behind)
[0mq_GtoI = 0.715,-0.378,0.516,0.283 | p_IinG = 5.861,-9.169,-1.425 | dist = 48.82 (meters)
bg = -0.0026,0.0212,0.0778 | ba = -0.0032,0.1216,0.0548
[34m[TIME]: 0.0050 seconds total (201.8 hz, 0.50 ms behind)
[0mq_GtoI = 0.714,-0.378,0.516,0.286 | p_IinG = 5.885,-9.204,-1.435 | dist = 48.86 (meters)
bg = -0.0026,0.0212,0.0778 | ba = -0.0027,0.1223,0.0566
[34m[TIME]: 0.0061 seconds total (163.9 hz, 0.50 ms behind)
[0mq_GtoI = 0.713,-0.377,0.515,0.290 | p_IinG = 5.910,-9.238,-1.444 | dist = 48.91 (meters)
bg = -0.0026,0.0212,0.0778 | ba = -0.0023,0.1230,0.0576
[34m[TIME]: 0.0075 seconds total (134.0 hz, 0.50 ms behind)
[0mq_GtoI = 0.711,-0.378,0.517,0.291 | p_IinG = 5.935,-9.269,-1.450 | dist = 48.95 (meters)
bg = -0.0026,0.0212,0.0778 | ba = -0.0022,0.1237,0.0595
[34m[TIME]: 0.0044 seconds total (228.4 hz, 0.50 ms behind)
[0mq_GtoI = 0.709,-0.377,0.517,0.295 | p_IinG = 5.960,-9.299,-1.455 | dist = 48.99 (meters)
bg = -0.0026,0.0212,0.0778 | ba = -0.0021,0.1242,0.0611
[34m[TIME]: 0.0058 seconds total (172.6 hz, 0.50 ms behind)
[0mq_GtoI = 0.708,-0.378,0.517,0.296 | p_IinG = 5.985,-9.327,-1.459 | dist = 49.03 (meters)
bg = -0.0026,0.0212,0.0778 | ba = -0.0027,0.1246,0.0628
[34m[TIME]: 0.0045 seconds total (222.2 hz, 0.50 ms behind)
[0mq_GtoI = 0.708,-0.379,0.516,0.298 | p_IinG = 6.009,-9.353,-1.460 | dist = 49.07 (meters)
bg = -0.0026,0.0212,0.0778 | ba = -0.0036,0.1249,0.0645
[34m[TIME]: 0.0044 seconds total (229.5 hz, 0.50 ms behind)
[0mq_GtoI = 0.709,-0.382,0.513,0.297 | p_IinG = 6.034,-9.377,-1.460 | dist = 49.10 (meters)
bg = -0.0026,0.0212,0.0778 | ba = -0.0053,0.1251,0.0657
[34m[TIME]: 0.0040 seconds total (247.8 hz, 0.50 ms behind)
[0mq_GtoI = 0.711,-0.383,0.510,0.297 | p_IinG = 6.058,-9.399,-1.457 | dist = 49.14 (meters)
bg = -0.0026,0.0212,0.0778 | ba = -0.0077,0.1253,0.0674
[34m[TIME]: 0.0048 seconds total (208.4 hz, 0.50 ms behind)
[0mq_GtoI = 0.712,-0.385,0.507,0.296 | p_IinG = 6.083,-9.420,-1.454 | dist = 49.17 (meters)
bg = -0.0026,0.0212,0.0778 | ba = -0.0096,0.1254,0.0689
[34m[TIME]: 0.0044 seconds total (229.6 hz, 0.50 ms behind)
[0mq_GtoI = 0.714,-0.386,0.505,0.294 | p_IinG = 6.107,-9.438,-1.451 | dist = 49.21 (meters)
bg = -0.0026,0.0212,0.0778 | ba = -0.0123,0.1251,0.0709
[34m[TIME]: 0.0062 seconds total (160.1 hz, 0.50 ms behind)
[0mq_GtoI = 0.715,-0.386,0.503,0.296 | p_IinG = 6.133,-9.456,-1.449 | dist = 49.24 (meters)
bg = -0.0026,0.0212,0.0778 | ba = -0.0136,0.1255,0.0718
[34m[TIME]: 0.0064 seconds total (155.4 hz, 0.50 ms behind)
[0mq_GtoI = 0.715,-0.387,0.502,0.295 | p_IinG = 6.159,-9.473,-1.449 | dist = 49.27 (meters)
bg = -0.0026,0.0212,0.0778 | ba = -0.0149,0.1257,0.0723
[34m[TIME]: 0.0049 seconds total (202.3 hz, 0.50 ms behind)
[0mq_GtoI = 0.716,-0.386,0.501,0.295 | p_IinG = 6.186,-9.490,-1.451 | dist = 49.30 (meters)
bg = -0.0026,0.0212,0.0777 | ba = -0.0166,0.1261,0.0723
[34m[TIME]: 0.0075 seconds total (133.4 hz, 0.50 ms behind)
[0mq_GtoI = 0.717,-0.387,0.500,0.294 | p_IinG = 6.214,-9.506,-1.455 | dist = 49.34 (meters)
bg = -0.0026,0.0212,0.0777 | ba = -0.0184,0.1263,0.0724
[34m[TIME]: 0.0073 seconds total (137.8 hz, 0.50 ms behind)
[0mq_GtoI = 0.718,-0.387,0.499,0.294 | p_IinG = 6.243,-9.522,-1.460 | dist = 49.37 (meters)
bg = -0.0026,0.0212,0.0777 | ba = -0.0202,0.1265,0.0719
[34m[TIME]: 0.0069 seconds total (145.3 hz, 0.50 ms behind)
[0mq_GtoI = 0.718,-0.387,0.498,0.293 | p_IinG = 6.272,-9.537,-1.466 | dist = 49.40 (meters)
bg = -0.0026,0.0212,0.0777 | ba = -0.0229,0.1265,0.0714
[34m[TIME]: 0.0048 seconds total (209.4 hz, 0.50 ms behind)
[0mq_GtoI = 0.719,-0.386,0.498,0.293 | p_IinG = 6.302,-9.551,-1.472 | dist = 49.44 (meters)
bg = -0.0026,0.0213,0.0777 | ba = -0.0250,0.1265,0.0709
[34m[TIME]: 0.0042 seconds total (240.2 hz, 0.50 ms behind)
[0mq_GtoI = 0.720,-0.386,0.498,0.292 | p_IinG = 6.333,-9.565,-1.479 | dist = 49.47 (meters)
bg = -0.0026,0.0213,0.0777 | ba = -0.0275,0.1262,0.0705
[34m[TIME]: 0.0043 seconds total (232.5 hz, 0.50 ms behind)
[0mq_GtoI = 0.720,-0.385,0.498,0.292 | p_IinG = 6.365,-9.577,-1.485 | dist = 49.50 (meters)
bg = -0.0026,0.0213,0.0777 | ba = -0.0301,0.1258,0.0702
[34m[TIME]: 0.0044 seconds total (229.7 hz, 0.50 ms behind)
[0mq_GtoI = 0.720,-0.385,0.499,0.291 | p_IinG = 6.398,-9.589,-1.490 | dist = 49.54 (meters)
bg = -0.0026,0.0213,0.0777 | ba = -0.0334,0.1251,0.0698
[34m[TIME]: 0.0045 seconds total (221.0 hz, 0.50 ms behind)
[0mq_GtoI = 0.720,-0.384,0.499,0.291 | p_IinG = 6.431,-9.601,-1.492 | dist = 49.57 (meters)
bg = -0.0026,0.0213,0.0777 | ba = -0.0358,0.1249,0.0688
[34m[TIME]: 0.0074 seconds total (135.4 hz, 0.50 ms behind)
[0mq_GtoI = 0.720,-0.383,0.500,0.291 | p_IinG = 6.465,-9.612,-1.493 | dist = 49.61 (meters)
bg = -0.0026,0.0213,0.0777 | ba = -0.0391,0.1240,0.0675
[34m[TIME]: 0.0061 seconds total (163.1 hz, 0.50 ms behind)
[0mq_GtoI = 0.720,-0.382,0.501,0.290 | p_IinG = 6.499,-9.621,-1.492 | dist = 49.64 (meters)
bg = -0.0026,0.0213,0.0777 | ba = -0.0410,0.1239,0.0670
[34m[TIME]: 0.0093 seconds total (107.7 hz, 0.50 ms behind)
[0mq_GtoI = 0.720,-0.381,0.501,0.290 | p_IinG = 6.534,-9.630,-1.491 | dist = 49.68 (meters)
bg = -0.0026,0.0213,0.0777 | ba = -0.0435,0.1236,0.0655
[34m[TIME]: 0.0046 seconds total (215.4 hz, 0.50 ms behind)
[0mq_GtoI = 0.720,-0.380,0.502,0.290 | p_IinG = 6.570,-9.637,-1.489 | dist = 49.71 (meters)
bg = -0.0026,0.0213,0.0777 | ba = -0.0459,0.1229,0.0647
[34m[TIME]: 0.0044 seconds total (226.5 hz, 0.50 ms behind)
[0mq_GtoI = 0.721,-0.379,0.503,0.290 | p_IinG = 6.606,-9.644,-1.489 | dist = 49.75 (meters)
bg = -0.0026,0.0213,0.0777 | ba = -0.0472,0.1223,0.0640
[34m[TIME]: 0.0049 seconds total (202.9 hz, 0.50 ms behind)
[0mq_GtoI = 0.721,-0.378,0.504,0.290 | p_IinG = 6.642,-9.650,-1.492 | dist = 49.79 (meters)
bg = -0.0026,0.0213,0.0777 | ba = -0.0481,0.1215,0.0632
[34m[TIME]: 0.0107 seconds total (93.2 hz, 0.50 ms behind)
[0mq_GtoI = 0.721,-0.378,0.505,0.288 | p_IinG = 6.679,-9.655,-1.497 | dist = 49.82 (meters)
bg = -0.0026,0.0213,0.0777 | ba = -0.0488,0.1207,0.0627
[34m[TIME]: 0.0043 seconds total (234.1 hz, 0.50 ms behind)
[0mq_GtoI = 0.719,-0.379,0.509,0.282 | p_IinG = 6.716,-9.660,-1.505 | dist = 49.86 (meters)
bg = -0.0026,0.0213,0.0777 | ba = -0.0491,0.1202,0.0617
[34m[TIME]: 0.0045 seconds total (222.5 hz, 0.50 ms behind)
[0mq_GtoI = 0.718,-0.382,0.513,0.275 | p_IinG = 6.754,-9.663,-1.514 | dist = 49.90 (meters)
bg = -0.0026,0.0213,0.0777 | ba = -0.0496,0.1199,0.0607
[34m[TIME]: 0.0045 seconds total (220.3 hz, 0.50 ms behind)
[0mq_GtoI = 0.717,-0.383,0.517,0.268 | p_IinG = 6.792,-9.666,-1.524 | dist = 49.94 (meters)
bg = -0.0026,0.0213,0.0777 | ba = -0.0504,0.1197,0.0597
[34m[TIME]: 0.0062 seconds total (162.1 hz, 0.50 ms behind)
[0mq_GtoI = 0.717,-0.383,0.521,0.260 | p_IinG = 6.830,-9.668,-1.535 | dist = 49.98 (meters)
bg = -0.0026,0.0213,0.0777 | ba = -0.0508,0.1195,0.0586
[34m[TIME]: 0.0054 seconds total (184.5 hz, 0.50 ms behind)
[0mq_GtoI = 0.718,-0.381,0.524,0.253 | p_IinG = 6.868,-9.671,-1.547 | dist = 50.02 (meters)
bg = -0.0026,0.0213,0.0777 | ba = -0.0521,0.1194,0.0571
[34m[TIME]: 0.0068 seconds total (147.7 hz, 0.50 ms behind)
[0mq_GtoI = 0.720,-0.378,0.527,0.247 | p_IinG = 6.905,-9.676,-1.559 | dist = 50.06 (meters)
bg = -0.0026,0.0214,0.0777 | ba = -0.0533,0.1187,0.0552
[34m[TIME]: 0.0063 seconds total (158.2 hz, 0.50 ms behind)
[0mq_GtoI = 0.721,-0.375,0.530,0.242 | p_IinG = 6.940,-9.679,-1.573 | dist = 50.09 (meters)
bg = -0.0026,0.0214,0.0777 | ba = -0.0537,0.1183,0.0541
[34m[TIME]: 0.0044 seconds total (227.8 hz, 0.50 ms behind)
[0mq_GtoI = 0.724,-0.370,0.532,0.237 | p_IinG = 6.975,-9.683,-1.587 | dist = 50.13 (meters)
bg = -0.0026,0.0214,0.0777 | ba = -0.0536,0.1177,0.0529
[34m[TIME]: 0.0048 seconds total (209.4 hz, 0.50 ms behind)
[0mq_GtoI = 0.726,-0.363,0.535,0.234 | p_IinG = 7.008,-9.687,-1.602 | dist = 50.17 (meters)
bg = -0.0026,0.0214,0.0777 | ba = -0.0529,0.1171,0.0517
[34m[TIME]: 0.0052 seconds total (191.6 hz, 0.50 ms behind)
[0mq_GtoI = 0.730,-0.355,0.537,0.231 | p_IinG = 7.040,-9.692,-1.616 | dist = 50.20 (meters)
bg = -0.0026,0.0214,0.0777 | ba = -0.0524,0.1154,0.0490
[34m[TIME]: 0.0068 seconds total (147.5 hz, 0.50 ms behind)
[0mq_GtoI = 0.734,-0.345,0.538,0.230 | p_IinG = 7.071,-9.697,-1.630 | dist = 50.24 (meters)
bg = -0.0026,0.0214,0.0777 | ba = -0.0506,0.1147,0.0473
[34m[TIME]: 0.0097 seconds total (102.6 hz, 0.50 ms behind)
[0mq_GtoI = 0.739,-0.334,0.538,0.229 | p_IinG = 7.102,-9.703,-1.640 | dist = 50.27 (meters)
bg = -0.0026,0.0214,0.0777 | ba = -0.0499,0.1136,0.0457
[34m[TIME]: 0.0072 seconds total (138.5 hz, 0.50 ms behind)
[0mq_GtoI = 0.744,-0.323,0.538,0.228 | p_IinG = 7.131,-9.707,-1.650 | dist = 50.30 (meters)
bg = -0.0026,0.0214,0.0777 | ba = -0.0477,0.1128,0.0445
[34m[TIME]: 0.0051 seconds total (197.5 hz, 0.50 ms behind)
[0mq_GtoI = 0.748,-0.314,0.539,0.227 | p_IinG = 7.160,-9.712,-1.659 | dist = 50.33 (meters)
bg = -0.0026,0.0214,0.0777 | ba = -0.0450,0.1118,0.0434
[34m[TIME]: 0.0050 seconds total (198.2 hz, 0.50 ms behind)
[0mq_GtoI = 0.753,-0.304,0.538,0.227 | p_IinG = 7.188,-9.716,-1.666 | dist = 50.36 (meters)
bg = -0.0026,0.0214,0.0777 | ba = -0.0422,0.1111,0.0425
[34m[TIME]: 0.0048 seconds total (208.2 hz, 0.50 ms behind)
[0mq_GtoI = 0.756,-0.297,0.539,0.225 | p_IinG = 7.217,-9.720,-1.672 | dist = 50.39 (meters)
bg = -0.0026,0.0214,0.0777 | ba = -0.0392,0.1101,0.0410
[34m[TIME]: 0.0058 seconds total (171.5 hz, 0.50 ms behind)
[0mq_GtoI = 0.758,-0.290,0.539,0.226 | p_IinG = 7.245,-9.722,-1.677 | dist = 50.42 (meters)
bg = -0.0026,0.0214,0.0777 | ba = -0.0364,0.1098,0.0401
[34m[TIME]: 0.0047 seconds total (210.6 hz, 0.50 ms behind)
[0mq_GtoI = 0.759,-0.286,0.540,0.225 | p_IinG = 7.273,-9.724,-1.681 | dist = 50.44 (meters)
bg = -0.0027,0.0214,0.0777 | ba = -0.0332,0.1096,0.0395
[34m[TIME]: 0.0064 seconds total (156.2 hz, 0.50 ms behind)
[0mq_GtoI = 0.760,-0.282,0.540,0.225 | p_IinG = 7.302,-9.725,-1.684 | dist = 50.47 (meters)
bg = -0.0027,0.0214,0.0777 | ba = -0.0312,0.1096,0.0393
[34m[TIME]: 0.0048 seconds total (207.7 hz, 0.50 ms behind)
[0mq_GtoI = 0.761,-0.279,0.541,0.224 | p_IinG = 7.330,-9.725,-1.688 | dist = 50.50 (meters)
bg = -0.0027,0.0214,0.0777 | ba = -0.0298,0.1099,0.0381
[34m[TIME]: 0.0046 seconds total (217.2 hz, 0.50 ms behind)
[0mq_GtoI = 0.760,-0.279,0.543,0.222 | p_IinG = 7.359,-9.722,-1.689 | dist = 50.53 (meters)
bg = -0.0027,0.0214,0.0777 | ba = -0.0292,0.1100,0.0370
[34m[TIME]: 0.0072 seconds total (139.7 hz, 0.50 ms behind)
[0mq_GtoI = 0.759,-0.279,0.545,0.220 | p_IinG = 7.388,-9.719,-1.691 | dist = 50.56 (meters)
bg = -0.0027,0.0214,0.0777 | ba = -0.0282,0.1107,0.0358
[34m[TIME]: 0.0067 seconds total (148.7 hz, 0.50 ms behind)
[0mq_GtoI = 0.756,-0.279,0.550,0.219 | p_IinG = 7.416,-9.716,-1.690 | dist = 50.58 (meters)
bg = -0.0027,0.0214,0.0777 | ba = -0.0279,0.1098,0.0343
[34m[TIME]: 0.0067 seconds total (150.1 hz, 0.50 ms behind)
[0mq_GtoI = 0.751,-0.279,0.556,0.218 | p_IinG = 7.444,-9.711,-1.688 | dist = 50.61 (meters)
bg = -0.0027,0.0214,0.0777 | ba = -0.0278,0.1097,0.0337
[34m[TIME]: 0.0062 seconds total (162.6 hz, 0.50 ms behind)
[0mq_GtoI = 0.747,-0.279,0.562,0.219 | p_IinG = 7.471,-9.705,-1.686 | dist = 50.64 (meters)
bg = -0.0027,0.0214,0.0777 | ba = -0.0281,0.1095,0.0335
[34m[TIME]: 0.0048 seconds total (208.2 hz, 0.50 ms behind)
[0mq_GtoI = 0.744,-0.277,0.565,0.223 | p_IinG = 7.497,-9.697,-1.682 | dist = 50.67 (meters)
bg = -0.0027,0.0214,0.0777 | ba = -0.0285,0.1096,0.0335
[34m[TIME]: 0.0089 seconds total (112.9 hz, 0.50 ms behind)
[0mq_GtoI = 0.743,-0.276,0.567,0.226 | p_IinG = 7.522,-9.688,-1.679 | dist = 50.69 (meters)
bg = -0.0027,0.0214,0.0777 | ba = -0.0286,0.1097,0.0332
[34m[TIME]: 0.0049 seconds total (205.9 hz, 0.50 ms behind)
[0mq_GtoI = 0.742,-0.276,0.567,0.228 | p_IinG = 7.546,-9.678,-1.676 | dist = 50.72 (meters)
bg = -0.0027,0.0214,0.0777 | ba = -0.0285,0.1094,0.0333
[34m[TIME]: 0.0049 seconds total (202.6 hz, 0.50 ms behind)
[0mq_GtoI = 0.743,-0.276,0.565,0.231 | p_IinG = 7.569,-9.665,-1.673 | dist = 50.75 (meters)
bg = -0.0027,0.0214,0.0777 | ba = -0.0288,0.1099,0.0337
[34m[TIME]: 0.0043 seconds total (230.6 hz, 0.50 ms behind)
[0mq_GtoI = 0.743,-0.277,0.564,0.231 | p_IinG = 7.591,-9.651,-1.669 | dist = 50.77 (meters)
bg = -0.0027,0.0214,0.0777 | ba = -0.0289,0.1103,0.0344
[34m[TIME]: 0.0055 seconds total (182.1 hz, 0.50 ms behind)
[0mq_GtoI = 0.743,-0.280,0.563,0.229 | p_IinG = 7.611,-9.634,-1.666 | dist = 50.80 (meters)
bg = -0.0027,0.0214,0.0777 | ba = -0.0288,0.1110,0.0353
[34m[TIME]: 0.0046 seconds total (216.0 hz, 0.50 ms behind)
[0mq_GtoI = 0.745,-0.283,0.561,0.226 | p_IinG = 7.631,-9.615,-1.662 | dist = 50.83 (meters)
bg = -0.0027,0.0214,0.0777 | ba = -0.0286,0.1116,0.0369
[34m[TIME]: 0.0087 seconds total (114.3 hz, 0.50 ms behind)
[0mq_GtoI = 0.746,-0.288,0.559,0.220 | p_IinG = 7.648,-9.595,-1.657 | dist = 50.86 (meters)
bg = -0.0027,0.0214,0.0777 | ba = -0.0281,0.1135,0.0396
[34m[TIME]: 0.0079 seconds total (126.9 hz, 0.50 ms behind)
[0mq_GtoI = 0.747,-0.293,0.557,0.215 | p_IinG = 7.664,-9.574,-1.651 | dist = 50.88 (meters)
bg = -0.0027,0.0214,0.0777 | ba = -0.0287,0.1136,0.0418
[34m[TIME]: 0.0061 seconds total (162.9 hz, 0.50 ms behind)
[0mq_GtoI = 0.747,-0.298,0.557,0.209 | p_IinG = 7.678,-9.551,-1.644 | dist = 50.91 (meters)
bg = -0.0027,0.0214,0.0777 | ba = -0.0294,0.1144,0.0446
[34m[TIME]: 0.0070 seconds total (143.3 hz, 0.50 ms behind)
[0mq_GtoI = 0.747,-0.302,0.557,0.204 | p_IinG = 7.692,-9.528,-1.635 | dist = 50.94 (meters)
bg = -0.0027,0.0214,0.0777 | ba = -0.0293,0.1153,0.0467
[34m[TIME]: 0.0052 seconds total (191.1 hz, 0.50 ms behind)
[0mq_GtoI = 0.746,-0.304,0.557,0.201 | p_IinG = 7.704,-9.506,-1.625 | dist = 50.97 (meters)
bg = -0.0027,0.0214,0.0777 | ba = -0.0296,0.1161,0.0489
[34m[TIME]: 0.0052 seconds total (190.9 hz, 0.50 ms behind)
[0mq_GtoI = 0.745,-0.305,0.558,0.200 | p_IinG = 7.715,-9.483,-1.614 | dist = 51.00 (meters)
bg = -0.0027,0.0214,0.0777 | ba = -0.0300,0.1170,0.0510
[34m[TIME]: 0.0054 seconds total (185.4 hz, 0.50 ms behind)
[0mq_GtoI = 0.747,-0.300,0.558,0.202 | p_IinG = 7.724,-9.460,-1.602 | dist = 51.02 (meters)
bg = -0.0027,0.0214,0.0777 | ba = -0.0306,0.1190,0.0545
[34m[TIME]: 0.0069 seconds total (144.9 hz, 0.50 ms behind)
[0mq_GtoI = 0.750,-0.293,0.557,0.204 | p_IinG = 7.734,-9.438,-1.588 | dist = 51.05 (meters)
bg = -0.0027,0.0214,0.0777 | ba = -0.0312,0.1193,0.0562
[34m[TIME]: 0.0093 seconds total (107.2 hz, 0.50 ms behind)
[0mq_GtoI = 0.752,-0.285,0.558,0.206 | p_IinG = 7.743,-9.416,-1.572 | dist = 51.08 (meters)
bg = -0.0027,0.0214,0.0777 | ba = -0.0319,0.1195,0.0573
[34m[TIME]: 0.0050 seconds total (199.2 hz, 0.50 ms behind)
[0mq_GtoI = 0.755,-0.276,0.558,0.206 | p_IinG = 7.751,-9.392,-1.556 | dist = 51.11 (meters)
bg = -0.0028,0.0214,0.0777 | ba = -0.0333,0.1198,0.0587
[34m[TIME]: 0.0050 seconds total (199.0 hz, 0.50 ms behind)
[0mq_GtoI = 0.757,-0.268,0.559,0.206 | p_IinG = 7.759,-9.368,-1.539 | dist = 51.14 (meters)
bg = -0.0028,0.0214,0.0777 | ba = -0.0333,0.1203,0.0598
[34m[TIME]: 0.0056 seconds total (179.2 hz, 0.50 ms behind)
[0mq_GtoI = 0.758,-0.261,0.561,0.206 | p_IinG = 7.765,-9.343,-1.521 | dist = 51.17 (meters)
bg = -0.0028,0.0214,0.0777 | ba = -0.0342,0.1203,0.0612
[34m[TIME]: 0.0047 seconds total (210.9 hz, 0.50 ms behind)
[0mq_GtoI = 0.760,-0.255,0.563,0.204 | p_IinG = 7.771,-9.317,-1.501 | dist = 51.20 (meters)
bg = -0.0028,0.0214,0.0777 | ba = -0.0343,0.1209,0.0632
[34m[TIME]: 0.0058 seconds total (171.2 hz, 0.50 ms behind)
[0mq_GtoI = 0.761,-0.250,0.564,0.201 | p_IinG = 7.776,-9.290,-1.481 | dist = 51.24 (meters)
bg = -0.0028,0.0214,0.0777 | ba = -0.0352,0.1210,0.0644
[34m[TIME]: 0.0084 seconds total (118.4 hz, 0.50 ms behind)
[0mq_GtoI = 0.760,-0.246,0.568,0.198 | p_IinG = 7.781,-9.261,-1.462 | dist = 51.27 (meters)
bg = -0.0028,0.0214,0.0777 | ba = -0.0356,0.1209,0.0660
[34m[TIME]: 0.0070 seconds total (143.1 hz, 0.50 ms behind)
[0mq_GtoI = 0.759,-0.243,0.572,0.194 | p_IinG = 7.784,-9.232,-1.444 | dist = 51.31 (meters)
bg = -0.0028,0.0214,0.0777 | ba = -0.0354,0.1209,0.0671
[34m[TIME]: 0.0105 seconds total (95.2 hz, 0.50 ms behind)
[0mq_GtoI = 0.758,-0.240,0.576,0.191 | p_IinG = 7.787,-9.201,-1.428 | dist = 51.34 (meters)
bg = -0.0028,0.0214,0.0777 | ba = -0.0352,0.1212,0.0678
[34m[TIME]: 0.0054 seconds total (184.8 hz, 0.50 ms behind)
[0mq_GtoI = 0.758,-0.238,0.578,0.187 | p_IinG = 7.789,-9.170,-1.414 | dist = 51.38 (meters)
bg = -0.0028,0.0214,0.0777 | ba = -0.0353,0.1209,0.0686
[34m[TIME]: 0.0050 seconds total (200.4 hz, 0.50 ms behind)
[0mq_GtoI = 0.759,-0.236,0.578,0.185 | p_IinG = 7.789,-9.137,-1.401 | dist = 51.41 (meters)
bg = -0.0028,0.0214,0.0777 | ba = -0.0351,0.1213,0.0708
[34m[TIME]: 0.0069 seconds total (144.4 hz, 0.50 ms behind)
[0mq_GtoI = 0.761,-0.236,0.577,0.182 | p_IinG = 7.788,-9.105,-1.390 | dist = 51.45 (meters)
bg = -0.0028,0.0214,0.0777 | ba = -0.0352,0.1209,0.0714
[34m[TIME]: 0.0048 seconds total (207.9 hz, 0.50 ms behind)
[0mq_GtoI = 0.762,-0.235,0.575,0.181 | p_IinG = 7.785,-9.071,-1.379 | dist = 51.48 (meters)
bg = -0.0028,0.0214,0.0777 | ba = -0.0349,0.1203,0.0721
[34m[TIME]: 0.0048 seconds total (207.7 hz, 0.50 ms behind)
[0mq_GtoI = 0.765,-0.234,0.573,0.180 | p_IinG = 7.781,-9.037,-1.370 | dist = 51.52 (meters)
bg = -0.0028,0.0214,0.0777 | ba = -0.0345,0.1192,0.0726
[34m[TIME]: 0.0089 seconds total (112.4 hz, 0.50 ms behind)
[0mq_GtoI = 0.766,-0.233,0.571,0.181 | p_IinG = 7.776,-9.003,-1.363 | dist = 51.55 (meters)
bg = -0.0028,0.0214,0.0777 | ba = -0.0335,0.1186,0.0729
[34m[TIME]: 0.0053 seconds total (189.1 hz, 0.50 ms behind)
[0mq_GtoI = 0.766,-0.234,0.571,0.180 | p_IinG = 7.770,-8.967,-1.354 | dist = 51.59 (meters)
bg = -0.0028,0.0214,0.0777 | ba = -0.0323,0.1179,0.0731
[34m[TIME]: 0.0060 seconds total (166.3 hz, 0.50 ms behind)
[0mq_GtoI = 0.766,-0.234,0.572,0.178 | p_IinG = 7.763,-8.931,-1.344 | dist = 51.63 (meters)
bg = -0.0028,0.0215,0.0777 | ba = -0.0314,0.1174,0.0731
[34m[TIME]: 0.0096 seconds total (103.9 hz, 0.50 ms behind)
[0mq_GtoI = 0.767,-0.234,0.571,0.176 | p_IinG = 7.754,-8.893,-1.332 | dist = 51.67 (meters)
bg = -0.0028,0.0215,0.0777 | ba = -0.0307,0.1168,0.0727
[34m[TIME]: 0.0053 seconds total (188.4 hz, 0.50 ms behind)
[0mq_GtoI = 0.767,-0.235,0.571,0.174 | p_IinG = 7.744,-8.856,-1.319 | dist = 51.71 (meters)
bg = -0.0028,0.0215,0.0777 | ba = -0.0295,0.1153,0.0716
[34m[TIME]: 0.0098 seconds total (101.9 hz, 0.50 ms behind)
[0mq_GtoI = 0.769,-0.236,0.569,0.173 | p_IinG = 7.735,-8.818,-1.304 | dist = 51.76 (meters)
bg = -0.0028,0.0215,0.0777 | ba = -0.0286,0.1147,0.0706
[34m[TIME]: 0.0050 seconds total (201.0 hz, 0.50 ms behind)
[0mq_GtoI = 0.770,-0.236,0.567,0.173 | p_IinG = 7.724,-8.780,-1.287 | dist = 51.80 (meters)
bg = -0.0028,0.0215,0.0777 | ba = -0.0275,0.1143,0.0695
[34m[TIME]: 0.0048 seconds total (209.7 hz, 0.50 ms behind)
[0mq_GtoI = 0.771,-0.236,0.566,0.172 | p_IinG = 7.714,-8.743,-1.268 | dist = 51.84 (meters)
bg = -0.0028,0.0215,0.0777 | ba = -0.0261,0.1138,0.0684
[34m[TIME]: 0.0088 seconds total (113.1 hz, 0.50 ms behind)
[0mq_GtoI = 0.771,-0.238,0.566,0.171 | p_IinG = 7.703,-8.705,-1.247 | dist = 51.89 (meters)
bg = -0.0028,0.0215,0.0777 | ba = -0.0244,0.1131,0.0670
[34m[TIME]: 0.0067 seconds total (148.2 hz, 0.50 ms behind)
[0mq_GtoI = 0.771,-0.239,0.565,0.169 | p_IinG = 7.692,-8.668,-1.226 | dist = 51.93 (meters)
bg = -0.0028,0.0215,0.0777 | ba = -0.0230,0.1123,0.0664
[34m[TIME]: 0.0050 seconds total (200.8 hz, 0.50 ms behind)
[0mq_GtoI = 0.771,-0.241,0.565,0.167 | p_IinG = 7.679,-8.630,-1.203 | dist = 51.98 (meters)
bg = -0.0028,0.0215,0.0777 | ba = -0.0221,0.1114,0.0662
[34m[TIME]: 0.0048 seconds total (208.0 hz, 0.50 ms behind)
[0mq_GtoI = 0.771,-0.243,0.565,0.166 | p_IinG = 7.666,-8.592,-1.181 | dist = 52.03 (meters)
bg = -0.0028,0.0215,0.0777 | ba = -0.0215,0.1112,0.0661
[34m[TIME]: 0.0059 seconds total (169.1 hz, 0.50 ms behind)
[0mq_GtoI = 0.771,-0.246,0.564,0.163 | p_IinG = 7.652,-8.555,-1.160 | dist = 52.07 (meters)
bg = -0.0028,0.0215,0.0777 | ba = -0.0219,0.1100,0.0661
[34m[TIME]: 0.0115 seconds total (87.2 hz, 0.50 ms behind)
[0mq_GtoI = 0.772,-0.248,0.563,0.160 | p_IinG = 7.637,-8.518,-1.141 | dist = 52.12 (meters)
bg = -0.0029,0.0215,0.0777 | ba = -0.0218,0.1089,0.0662
[34m[TIME]: 0.0052 seconds total (190.8 hz, 0.50 ms behind)
[0mq_GtoI = 0.772,-0.251,0.563,0.158 | p_IinG = 7.622,-8.482,-1.123 | dist = 52.16 (meters)
bg = -0.0029,0.0215,0.0777 | ba = -0.0221,0.1079,0.0665
[34m[TIME]: 0.0061 seconds total (165.0 hz, 0.50 ms behind)
[0mq_GtoI = 0.772,-0.254,0.562,0.156 | p_IinG = 7.606,-8.447,-1.107 | dist = 52.20 (meters)
bg = -0.0029,0.0215,0.0777 | ba = -0.0222,0.1069,0.0666
[34m[TIME]: 0.0054 seconds total (184.8 hz, 0.50 ms behind)
[0mq_GtoI = 0.772,-0.255,0.562,0.155 | p_IinG = 7.588,-8.413,-1.092 | dist = 52.25 (meters)
bg = -0.0029,0.0215,0.0777 | ba = -0.0232,0.1052,0.0669
[34m[TIME]: 0.0074 seconds total (134.6 hz, 0.50 ms behind)
[0mq_GtoI = 0.772,-0.256,0.561,0.155 | p_IinG = 7.571,-8.379,-1.078 | dist = 52.29 (meters)
bg = -0.0029,0.0216,0.0776 | ba = -0.0232,0.1042,0.0670
[34m[TIME]: 0.0055 seconds total (182.6 hz, 0.50 ms behind)
[0mq_GtoI = 0.772,-0.256,0.560,0.157 | p_IinG = 7.552,-8.347,-1.065 | dist = 52.33 (meters)
bg = -0.0029,0.0216,0.0776 | ba = -0.0231,0.1035,0.0671
[34m[TIME]: 0.0099 seconds total (101.2 hz, 0.50 ms behind)
[0mq_GtoI = 0.772,-0.256,0.559,0.159 | p_IinG = 7.533,-8.315,-1.054 | dist = 52.36 (meters)
bg = -0.0029,0.0216,0.0776 | ba = -0.0229,0.1027,0.0673
[34m[TIME]: 0.0054 seconds total (183.9 hz, 0.50 ms behind)
[0mq_GtoI = 0.773,-0.256,0.558,0.161 | p_IinG = 7.513,-8.284,-1.045 | dist = 52.40 (meters)
bg = -0.0029,0.0216,0.0776 | ba = -0.0224,0.1021,0.0676
[34m[TIME]: 0.0067 seconds total (149.8 hz, 0.50 ms behind)
[0mq_GtoI = 0.773,-0.254,0.557,0.166 | p_IinG = 7.492,-8.254,-1.037 | dist = 52.44 (meters)
bg = -0.0029,0.0216,0.0776 | ba = -0.0213,0.1016,0.0675
[34m[TIME]: 0.0052 seconds total (194.1 hz, 0.50 ms behind)
[0mq_GtoI = 0.773,-0.254,0.556,0.168 | p_IinG = 7.472,-8.225,-1.030 | dist = 52.48 (meters)
bg = -0.0029,0.0216,0.0776 | ba = -0.0209,0.1015,0.0674
[34m[TIME]: 0.0056 seconds total (179.5 hz, 0.50 ms behind)
[0mq_GtoI = 0.773,-0.254,0.556,0.170 | p_IinG = 7.450,-8.195,-1.025 | dist = 52.51 (meters)
bg = -0.0029,0.0216,0.0777 | ba = -0.0189,0.1014,0.0665
[34m[TIME]: 0.0088 seconds total (113.3 hz, 0.50 ms behind)
[0mq_GtoI = 0.772,-0.255,0.557,0.171 | p_IinG = 7.429,-8.166,-1.020 | dist = 52.55 (meters)
bg = -0.0029,0.0216,0.0777 | ba = -0.0183,0.1018,0.0664
[34m[TIME]: 0.0115 seconds total (87.1 hz, 0.50 ms behind)
[0mq_GtoI = 0.771,-0.257,0.558,0.170 | p_IinG = 7.407,-8.137,-1.016 | dist = 52.58 (meters)
bg = -0.0029,0.0216,0.0777 | ba = -0.0177,0.1018,0.0662
[34m[TIME]: 0.0052 seconds total (191.3 hz, 0.50 ms behind)
[0mq_GtoI = 0.770,-0.259,0.558,0.168 | p_IinG = 7.385,-8.109,-1.014 | dist = 52.62 (meters)
bg = -0.0029,0.0216,0.0777 | ba = -0.0168,0.1020,0.0659
[34m[TIME]: 0.0100 seconds total (100.0 hz, 0.50 ms behind)
[0mq_GtoI = 0.770,-0.260,0.558,0.168 | p_IinG = 7.363,-8.081,-1.012 | dist = 52.66 (meters)
bg = -0.0029,0.0216,0.0777 | ba = -0.0162,0.1023,0.0656
[34m[TIME]: 0.0052 seconds total (190.8 hz, 0.50 ms behind)
[0mq_GtoI = 0.772,-0.261,0.554,0.168 | p_IinG = 7.341,-8.054,-1.011 | dist = 52.69 (meters)
bg = -0.0029,0.0216,0.0777 | ba = -0.0167,0.1032,0.0652
[34m[TIME]: 0.0090 seconds total (111.4 hz, 0.50 ms behind)
[0mq_GtoI = 0.775,-0.262,0.551,0.167 | p_IinG = 7.318,-8.027,-1.012 | dist = 52.73 (meters)
bg = -0.0029,0.0216,0.0777 | ba = -0.0167,0.1037,0.0649
[34m[TIME]: 0.0097 seconds total (103.0 hz, 0.50 ms behind)
[0mq_GtoI = 0.778,-0.260,0.548,0.164 | p_IinG = 7.295,-8.001,-1.013 | dist = 52.76 (meters)
bg = -0.0029,0.0216,0.0777 | ba = -0.0170,0.1045,0.0647
[34m[TIME]: 0.0064 seconds total (156.6 hz, 0.50 ms behind)
[0mq_GtoI = 0.781,-0.259,0.545,0.160 | p_IinG = 7.272,-7.975,-1.015 | dist = 52.80 (meters)
bg = -0.0029,0.0216,0.0777 | ba = -0.0168,0.1049,0.0645
[34m[TIME]: 0.0052 seconds total (191.5 hz, 0.50 ms behind)
[0mq_GtoI = 0.784,-0.255,0.544,0.156 | p_IinG = 7.250,-7.950,-1.018 | dist = 52.83 (meters)
bg = -0.0029,0.0216,0.0777 | ba = -0.0163,0.1053,0.0643
[34m[TIME]: 0.0052 seconds total (191.3 hz, 0.50 ms behind)
[0mq_GtoI = 0.788,-0.249,0.543,0.152 | p_IinG = 7.228,-7.927,-1.021 | dist = 52.86 (meters)
bg = -0.0029,0.0216,0.0777 | ba = -0.0162,0.1059,0.0638
[34m[TIME]: 0.0053 seconds total (190.4 hz, 0.50 ms behind)
[0mq_GtoI = 0.791,-0.241,0.543,0.148 | p_IinG = 7.207,-7.905,-1.023 | dist = 52.89 (meters)
bg = -0.0029,0.0216,0.0777 | ba = -0.0158,0.1060,0.0633
[34m[TIME]: 0.0054 seconds total (184.7 hz, 0.50 ms behind)
[0mq_GtoI = 0.794,-0.232,0.543,0.143 | p_IinG = 7.187,-7.885,-1.023 | dist = 52.92 (meters)
bg = -0.0029,0.0216,0.0777 | ba = -0.0155,0.1057,0.0615
[34m[TIME]: 0.0139 seconds total (72.0 hz, 0.50 ms behind)
[0mq_GtoI = 0.798,-0.221,0.544,0.139 | p_IinG = 7.167,-7.864,-1.021 | dist = 52.95 (meters)
bg = -0.0029,0.0216,0.0777 | ba = -0.0150,0.1054,0.0616
[34m[TIME]: 0.0069 seconds total (144.7 hz, 0.50 ms behind)
[0mq_GtoI = 0.801,-0.209,0.545,0.135 | p_IinG = 7.148,-7.845,-1.017 | dist = 52.98 (meters)
bg = -0.0029,0.0216,0.0777 | ba = -0.0150,0.1052,0.0616
[34m[TIME]: 0.0050 seconds total (198.7 hz, 0.50 ms behind)
[0mq_GtoI = 0.804,-0.197,0.546,0.130 | p_IinG = 7.129,-7.827,-1.011 | dist = 53.00 (meters)
bg = -0.0029,0.0216,0.0777 | ba = -0.0154,0.1047,0.0617
[34m[TIME]: 0.0049 seconds total (202.8 hz, 0.50 ms behind)
[0mq_GtoI = 0.807,-0.185,0.547,0.123 | p_IinG = 7.112,-7.809,-1.003 | dist = 53.03 (meters)
bg = -0.0029,0.0216,0.0777 | ba = -0.0160,0.1042,0.0617
[34m[TIME]: 0.0047 seconds total (213.9 hz, 0.50 ms behind)
[0mq_GtoI = 0.809,-0.175,0.548,0.118 | p_IinG = 7.096,-7.792,-0.993 | dist = 53.05 (meters)
bg = -0.0029,0.0216,0.0777 | ba = -0.0170,0.1039,0.0622
[34m[TIME]: 0.0049 seconds total (204.1 hz, 0.50 ms behind)
[0mq_GtoI = 0.812,-0.165,0.549,0.113 | p_IinG = 7.081,-7.776,-0.981 | dist = 53.08 (meters)
bg = -0.0029,0.0216,0.0777 | ba = -0.0176,0.1035,0.0626
[34m[TIME]: 0.0044 seconds total (229.8 hz, 0.50 ms behind)
[0mq_GtoI = 0.814,-0.157,0.548,0.109 | p_IinG = 7.066,-7.760,-0.967 | dist = 53.10 (meters)
bg = -0.0029,0.0216,0.0777 | ba = -0.0185,0.1032,0.0631
[34m[TIME]: 0.0084 seconds total (119.0 hz, 0.50 ms behind)
[0mq_GtoI = 0.816,-0.151,0.549,0.105 | p_IinG = 7.052,-7.745,-0.953 | dist = 53.13 (meters)
bg = -0.0029,0.0216,0.0777 | ba = -0.0197,0.1031,0.0631
[34m[TIME]: 0.0044 seconds total (229.4 hz, 0.50 ms behind)
[0mq_GtoI = 0.817,-0.145,0.549,0.103 | p_IinG = 7.040,-7.730,-0.939 | dist = 53.15 (meters)
bg = -0.0029,0.0216,0.0777 | ba = -0.0208,0.1034,0.0629
[34m[TIME]: 0.0041 seconds total (241.1 hz, 0.50 ms behind)
[0mq_GtoI = 0.817,-0.141,0.550,0.099 | p_IinG = 7.029,-7.715,-0.926 | dist = 53.17 (meters)
bg = -0.0029,0.0216,0.0777 | ba = -0.0219,0.1037,0.0626
[34m[TIME]: 0.0041 seconds total (245.6 hz, 0.50 ms behind)
[0mq_GtoI = 0.816,-0.139,0.553,0.096 | p_IinG = 7.019,-7.701,-0.914 | dist = 53.20 (meters)
bg = -0.0029,0.0216,0.0777 | ba = -0.0231,0.1041,0.0623
[34m[TIME]: 0.0042 seconds total (240.6 hz, 0.50 ms behind)
[0mq_GtoI = 0.815,-0.137,0.554,0.094 | p_IinG = 7.011,-7.687,-0.905 | dist = 53.21 (meters)
bg = -0.0029,0.0216,0.0777 | ba = -0.0251,0.1053,0.0616
[34m[TIME]: 0.0137 seconds total (73.0 hz, 0.50 ms behind)
[0mq_GtoI = 0.813,-0.138,0.558,0.090 | p_IinG = 7.003,-7.674,-0.896 | dist = 53.23 (meters)
bg = -0.0029,0.0216,0.0777 | ba = -0.0269,0.1055,0.0621
[34m[TIME]: 0.0103 seconds total (97.3 hz, 0.50 ms behind)
[0mq_GtoI = 0.811,-0.138,0.562,0.087 | p_IinG = 6.996,-7.661,-0.890 | dist = 53.25 (meters)
bg = -0.0029,0.0216,0.0777 | ba = -0.0279,0.1057,0.0621
[34m[TIME]: 0.0055 seconds total (182.8 hz, 0.50 ms behind)
[0mq_GtoI = 0.809,-0.141,0.565,0.082 | p_IinG = 6.989,-7.649,-0.886 | dist = 53.26 (meters)
bg = -0.0029,0.0216,0.0777 | ba = -0.0289,0.1059,0.0625
[34m[TIME]: 0.0054 seconds total (183.7 hz, 0.50 ms behind)
[0mq_GtoI = 0.806,-0.145,0.568,0.075 | p_IinG = 6.981,-7.637,-0.885 | dist = 53.28 (meters)
bg = -0.0029,0.0216,0.0777 | ba = -0.0294,0.1062,0.0630
[34m[TIME]: 0.0055 seconds total (182.4 hz, 0.50 ms behind)
[0mq_GtoI = 0.806,-0.147,0.569,0.073 | p_IinG = 6.974,-7.627,-0.885 | dist = 53.29 (meters)
bg = -0.0029,0.0216,0.0777 | ba = -0.0304,0.1062,0.0633
[34m[TIME]: 0.0054 seconds total (185.9 hz, 0.50 ms behind)
[0mq_GtoI = 0.803,-0.147,0.572,0.074 | p_IinG = 6.966,-7.618,-0.885 | dist = 53.30 (meters)
bg = -0.0029,0.0216,0.0777 | ba = -0.0320,0.1063,0.0634
[34m[TIME]: 0.0053 seconds total (188.4 hz, 0.50 ms behind)
[0mq_GtoI = 0.800,-0.144,0.577,0.079 | p_IinG = 6.959,-7.611,-0.886 | dist = 53.31 (meters)
bg = -0.0029,0.0215,0.0777 | ba = -0.0336,0.1065,0.0633
[34m[TIME]: 0.0088 seconds total (113.8 hz, 0.50 ms behind)
[0mq_GtoI = 0.797,-0.141,0.581,0.085 | p_IinG = 6.951,-7.604,-0.887 | dist = 53.32 (meters)
bg = -0.0029,0.0215,0.0777 | ba = -0.0353,0.1070,0.0629
[34m[TIME]: 0.0052 seconds total (191.4 hz, 0.50 ms behind)
[0mq_GtoI = 0.795,-0.139,0.584,0.090 | p_IinG = 6.941,-7.597,-0.888 | dist = 53.33 (meters)
bg = -0.0029,0.0215,0.0777 | ba = -0.0364,0.1081,0.0627
[34m[TIME]: 0.0054 seconds total (183.5 hz, 0.50 ms behind)
[0mq_GtoI = 0.792,-0.138,0.587,0.093 | p_IinG = 6.932,-7.591,-0.888 | dist = 53.34 (meters)
bg = -0.0029,0.0215,0.0777 | ba = -0.0372,0.1087,0.0623
[34m[TIME]: 0.0055 seconds total (182.0 hz, 0.50 ms behind)
[0mq_GtoI = 0.790,-0.136,0.590,0.098 | p_IinG = 6.921,-7.584,-0.884 | dist = 53.35 (meters)
bg = -0.0029,0.0215,0.0777 | ba = -0.0381,0.1108,0.0627
[34m[TIME]: 0.0078 seconds total (127.9 hz, 0.50 ms behind)
[0mq_GtoI = 0.788,-0.136,0.592,0.100 | p_IinG = 6.910,-7.577,-0.880 | dist = 53.37 (meters)
bg = -0.0029,0.0215,0.0777 | ba = -0.0378,0.1114,0.0615
[34m[TIME]: 0.0119 seconds total (83.9 hz, 0.50 ms behind)
[0mq_GtoI = 0.787,-0.137,0.593,0.101 | p_IinG = 6.896,-7.570,-0.875 | dist = 53.39 (meters)
bg = -0.0029,0.0215,0.0777 | ba = -0.0365,0.1117,0.0610
[34m[TIME]: 0.0052 seconds total (191.6 hz, 0.50 ms behind)
[0mq_GtoI = 0.787,-0.138,0.592,0.102 | p_IinG = 6.881,-7.562,-0.870 | dist = 53.40 (meters)
bg = -0.0029,0.0215,0.0777 | ba = -0.0348,0.1121,0.0606
[34m[TIME]: 0.0050 seconds total (198.5 hz, 0.50 ms behind)
[0mq_GtoI = 0.788,-0.140,0.591,0.101 | p_IinG = 6.865,-7.554,-0.864 | dist = 53.42 (meters)
bg = -0.0029,0.0215,0.0777 | ba = -0.0329,0.1126,0.0604
[34m[TIME]: 0.0050 seconds total (198.6 hz, 0.50 ms behind)
[0mq_GtoI = 0.791,-0.143,0.587,0.099 | p_IinG = 6.847,-7.546,-0.857 | dist = 53.44 (meters)
bg = -0.0029,0.0215,0.0777 | ba = -0.0307,0.1131,0.0604
[34m[TIME]: 0.0052 seconds total (193.5 hz, 0.50 ms behind)
[0mq_GtoI = 0.794,-0.146,0.582,0.098 | p_IinG = 6.828,-7.537,-0.849 | dist = 53.46 (meters)
bg = -0.0029,0.0215,0.0777 | ba = -0.0280,0.1138,0.0604
[34m[TIME]: 0.0053 seconds total (187.8 hz, 0.50 ms behind)
[0mq_GtoI = 0.796,-0.148,0.579,0.098 | p_IinG = 6.807,-7.527,-0.841 | dist = 53.49 (meters)
bg = -0.0029,0.0215,0.0776 | ba = -0.0246,0.1146,0.0603
[34m[TIME]: 0.0051 seconds total (196.2 hz, 0.50 ms behind)
[0mq_GtoI = 0.798,-0.150,0.576,0.098 | p_IinG = 6.786,-7.518,-0.835 | dist = 53.51 (meters)
bg = -0.0029,0.0215,0.0776 | ba = -0.0209,0.1155,0.0603
[34m[TIME]: 0.0082 seconds total (121.5 hz, 0.50 ms behind)
[0mq_GtoI = 0.799,-0.152,0.573,0.098 | p_IinG = 6.765,-7.509,-0.830 | dist = 53.54 (meters)
bg = -0.0029,0.0215,0.0776 | ba = -0.0170,0.1163,0.0603
[34m[TIME]: 0.0095 seconds total (105.6 hz, 0.50 ms behind)
[0mq_GtoI = 0.799,-0.154,0.573,0.099 | p_IinG = 6.744,-7.501,-0.827 | dist = 53.56 (meters)
bg = -0.0029,0.0215,0.0776 | ba = -0.0135,0.1168,0.0603
[34m[TIME]: 0.0052 seconds total (194.0 hz, 0.50 ms behind)
[0mq_GtoI = 0.800,-0.155,0.572,0.100 | p_IinG = 6.722,-7.493,-0.826 | dist = 53.58 (meters)
bg = -0.0029,0.0215,0.0776 | ba = -0.0104,0.1171,0.0603
[34m[TIME]: 0.0052 seconds total (193.1 hz, 0.50 ms behind)
[0mq_GtoI = 0.799,-0.156,0.572,0.101 | p_IinG = 6.700,-7.486,-0.828 | dist = 53.60 (meters)
bg = -0.0029,0.0215,0.0776 | ba = -0.0037,0.1156,0.0608
[34m[TIME]: 0.0081 seconds total (123.1 hz, 0.50 ms behind)
[0mq_GtoI = 0.799,-0.154,0.572,0.103 | p_IinG = 6.678,-7.477,-0.830 | dist = 53.63 (meters)
bg = -0.0029,0.0215,0.0776 | ba = -0.0015,0.1165,0.0618
[34m[TIME]: 0.0073 seconds total (136.9 hz, 0.50 ms behind)
[0mq_GtoI = 0.799,-0.152,0.572,0.103 | p_IinG = 6.657,-7.469,-0.833 | dist = 53.65 (meters)
bg = -0.0029,0.0215,0.0776 | ba = -0.0005,0.1162,0.0616
[34m[TIME]: 0.0053 seconds total (188.1 hz, 0.50 ms behind)
[0mq_GtoI = 0.800,-0.149,0.573,0.102 | p_IinG = 6.636,-7.461,-0.837 | dist = 53.67 (meters)
bg = -0.0029,0.0215,0.0776 | ba = -0.0004,0.1158,0.0616
[34m[TIME]: 0.0096 seconds total (104.0 hz, 0.50 ms behind)
[0mq_GtoI = 0.800,-0.145,0.573,0.099 | p_IinG = 6.615,-7.453,-0.842 | dist = 53.69 (meters)
bg = -0.0029,0.0215,0.0776 | ba = -0.0007,0.1148,0.0618
[34m[TIME]: 0.0052 seconds total (192.2 hz, 0.50 ms behind)
[0mq_GtoI = 0.801,-0.141,0.574,0.096 | p_IinG = 6.593,-7.444,-0.849 | dist = 53.72 (meters)
bg = -0.0029,0.0215,0.0776 | ba = -0.0003,0.1140,0.0617
[34m[TIME]: 0.0055 seconds total (182.6 hz, 0.50 ms behind)
[0mq_GtoI = 0.802,-0.135,0.575,0.092 | p_IinG = 6.571,-7.435,-0.857 | dist = 53.74 (meters)
bg = -0.0029,0.0215,0.0776 | ba = -0.0001,0.1127,0.0615
[34m[TIME]: 0.0060 seconds total (167.1 hz, 0.50 ms behind)
[0mq_GtoI = 0.803,-0.129,0.576,0.086 | p_IinG = 6.549,-7.426,-0.864 | dist = 53.77 (meters)
bg = -0.0029,0.0215,0.0776 | ba = -0.0000,0.1116,0.0612
[34m[TIME]: 0.0050 seconds total (198.4 hz, 0.50 ms behind)
[0mq_GtoI = 0.804,-0.121,0.576,0.080 | p_IinG = 6.527,-7.417,-0.869 | dist = 53.79 (meters)
bg = -0.0029,0.0215,0.0776 | ba = -0.0002,0.1100,0.0610
[34m[TIME]: 0.0090 seconds total (110.6 hz, 0.50 ms behind)
[0mq_GtoI = 0.806,-0.111,0.576,0.074 | p_IinG = 6.504,-7.408,-0.873 | dist = 53.82 (meters)
bg = -0.0029,0.0215,0.0776 | ba = -0.0005,0.1083,0.0611
[34m[TIME]: 0.0048 seconds total (207.6 hz, 0.50 ms behind)
[0mq_GtoI = 0.808,-0.102,0.577,0.068 | p_IinG = 6.481,-7.399,-0.875 | dist = 53.84 (meters)
bg = -0.0029,0.0215,0.0776 | ba = -0.0008,0.1069,0.0614
[34m[TIME]: 0.0049 seconds total (203.5 hz, 0.50 ms behind)
[0mq_GtoI = 0.809,-0.092,0.577,0.061 | p_IinG = 6.458,-7.390,-0.875 | dist = 53.87 (meters)
bg = -0.0029,0.0215,0.0776 | ba = -0.0008,0.1054,0.0623
[34m[TIME]: 0.0089 seconds total (112.6 hz, 0.50 ms behind)
[0mq_GtoI = 0.810,-0.082,0.578,0.055 | p_IinG = 6.434,-7.382,-0.873 | dist = 53.89 (meters)
bg = -0.0029,0.0215,0.0776 | ba = -0.0007,0.1024,0.0628
[34m[TIME]: 0.0074 seconds total (136.0 hz, 0.50 ms behind)
[0mq_GtoI = 0.811,-0.073,0.578,0.050 | p_IinG = 6.411,-7.373,-0.870 | dist = 53.92 (meters)
bg = -0.0029,0.0215,0.0776 | ba = -0.0013,0.1013,0.0635
[34m[TIME]: 0.0077 seconds total (130.5 hz, 0.50 ms behind)
[0mq_GtoI = 0.812,-0.066,0.578,0.047 | p_IinG = 6.388,-7.365,-0.866 | dist = 53.94 (meters)
bg = -0.0029,0.0215,0.0776 | ba = -0.0012,0.1000,0.0643
[34m[TIME]: 0.0090 seconds total (111.5 hz, 0.50 ms behind)
[0mq_GtoI = 0.813,-0.058,0.578,0.045 | p_IinG = 6.365,-7.357,-0.862 | dist = 53.96 (meters)
bg = -0.0029,0.0215,0.0776 | ba = -0.0010,0.0989,0.0652
[34m[TIME]: 0.0087 seconds total (114.8 hz, 0.50 ms behind)
[0mq_GtoI = 0.814,-0.051,0.577,0.046 | p_IinG = 6.341,-7.349,-0.857 | dist = 53.99 (meters)
bg = -0.0029,0.0215,0.0776 | ba = -0.0009,0.0979,0.0662
[34m[TIME]: 0.0048 seconds total (207.9 hz, 0.50 ms behind)
[0mq_GtoI = 0.814,-0.043,0.577,0.049 | p_IinG = 6.317,-7.341,-0.853 | dist = 54.01 (meters)
bg = -0.0029,0.0215,0.0776 | ba = -0.0004,0.0966,0.0669
[34m[TIME]: 0.0046 seconds total (217.1 hz, 0.50 ms behind)
[0mq_GtoI = 0.814,-0.036,0.577,0.052 | p_IinG = 6.293,-7.333,-0.848 | dist = 54.04 (meters)
bg = -0.0029,0.0215,0.0776 | ba = -0.0005,0.0959,0.0678
[34m[TIME]: 0.0047 seconds total (214.5 hz, 0.50 ms behind)
[0mq_GtoI = 0.814,-0.032,0.577,0.053 | p_IinG = 6.269,-7.323,-0.844 | dist = 54.07 (meters)
bg = -0.0029,0.0215,0.0776 | ba = -0.0009,0.0955,0.0686
[34m[TIME]: 0.0049 seconds total (203.7 hz, 0.50 ms behind)
[0mq_GtoI = 0.814,-0.030,0.577,0.052 | p_IinG = 6.246,-7.312,-0.842 | dist = 54.09 (meters)
bg = -0.0029,0.0215,0.0776 | ba = -0.0012,0.0954,0.0691
[34m[TIME]: 0.0045 seconds total (221.7 hz, 0.50 ms behind)
[0mq_GtoI = 0.814,-0.031,0.578,0.050 | p_IinG = 6.222,-7.299,-0.842 | dist = 54.12 (meters)
bg = -0.0029,0.0216,0.0776 | ba = -0.0022,0.0955,0.0697
[34m[TIME]: 0.0045 seconds total (224.0 hz, 0.50 ms behind)
[0mq_GtoI = 0.814,-0.032,0.578,0.046 | p_IinG = 6.199,-7.286,-0.843 | dist = 54.14 (meters)
bg = -0.0029,0.0216,0.0776 | ba = -0.0031,0.0957,0.0702
[34m[TIME]: 0.0045 seconds total (222.4 hz, 0.50 ms behind)
[0mq_GtoI = 0.814,-0.033,0.578,0.045 | p_IinG = 6.176,-7.271,-0.846 | dist = 54.17 (meters)
bg = -0.0029,0.0216,0.0776 | ba = -0.0044,0.0960,0.0706
[34m[TIME]: 0.0045 seconds total (222.0 hz, 0.50 ms behind)
[0mq_GtoI = 0.813,-0.034,0.579,0.044 | p_IinG = 6.154,-7.253,-0.850 | dist = 54.20 (meters)
bg = -0.0029,0.0216,0.0776 | ba = -0.0095,0.0977,0.0703
[34m[TIME]: 0.0071 seconds total (140.7 hz, 0.50 ms behind)
[0mq_GtoI = 0.814,-0.031,0.578,0.046 | p_IinG = 6.131,-7.237,-0.856 | dist = 54.23 (meters)
bg = -0.0029,0.0216,0.0776 | ba = -0.0105,0.0978,0.0706
[34m[TIME]: 0.0049 seconds total (202.6 hz, 0.50 ms behind)
[0mq_GtoI = 0.814,-0.029,0.578,0.045 | p_IinG = 6.108,-7.219,-0.861 | dist = 54.26 (meters)
bg = -0.0029,0.0216,0.0776 | ba = -0.0117,0.0977,0.0712
[34m[TIME]: 0.0081 seconds total (122.9 hz, 0.50 ms behind)
[0mq_GtoI = 0.815,-0.025,0.577,0.045 | p_IinG = 6.084,-7.199,-0.865 | dist = 54.29 (meters)
bg = -0.0029,0.0216,0.0776 | ba = -0.0124,0.0981,0.0730
[34m[TIME]: 0.0053 seconds total (189.7 hz, 0.50 ms behind)
[0mq_GtoI = 0.815,-0.020,0.577,0.043 | p_IinG = 6.061,-7.179,-0.868 | dist = 54.32 (meters)
bg = -0.0029,0.0216,0.0776 | ba = -0.0132,0.0978,0.0740
[34m[TIME]: 0.0045 seconds total (220.2 hz, 0.50 ms behind)
[0mq_GtoI = 0.815,-0.013,0.577,0.041 | p_IinG = 6.039,-7.157,-0.869 | dist = 54.35 (meters)
bg = -0.0029,0.0216,0.0776 | ba = -0.0144,0.0973,0.0742
[34m[TIME]: 0.0079 seconds total (126.4 hz, 0.50 ms behind)
[0mq_GtoI = 0.816,-0.007,0.577,0.036 | p_IinG = 6.017,-7.133,-0.868 | dist = 54.38 (meters)
bg = -0.0029,0.0216,0.0776 | ba = -0.0155,0.0968,0.0747
[34m[TIME]: 0.0046 seconds total (218.0 hz, 0.50 ms behind)
[0mq_GtoI = 0.816,-0.000,0.577,0.031 | p_IinG = 5.995,-7.108,-0.865 | dist = 54.42 (meters)
bg = -0.0029,0.0216,0.0776 | ba = -0.0163,0.0964,0.0749
[34m[TIME]: 0.0041 seconds total (244.0 hz, 0.50 ms behind)
[0mq_GtoI = 0.816,0.006,0.578,0.022 | p_IinG = 5.973,-7.081,-0.861 | dist = 54.45 (meters)
bg = -0.0029,0.0216,0.0776 | ba = -0.0168,0.0959,0.0749
[34m[TIME]: 0.0039 seconds total (255.8 hz, 0.50 ms behind)
[0mq_GtoI = 0.816,0.011,0.578,0.013 | p_IinG = 5.952,-7.053,-0.857 | dist = 54.49 (meters)
bg = -0.0029,0.0216,0.0776 | ba = -0.0170,0.0955,0.0748
[34m[TIME]: 0.0069 seconds total (144.9 hz, 0.50 ms behind)
[0mq_GtoI = 0.816,0.017,0.577,0.004 | p_IinG = 5.931,-7.025,-0.854 | dist = 54.52 (meters)
bg = -0.0029,0.0216,0.0776 | ba = -0.0167,0.0952,0.0748
[34m[TIME]: 0.0056 seconds total (177.7 hz, 0.50 ms behind)
[0mq_GtoI = -0.817,-0.021,-0.577,0.003 | p_IinG = 5.910,-6.997,-0.854 | dist = 54.56 (meters)
bg = -0.0029,0.0216,0.0776 | ba = -0.0166,0.0950,0.0744
[34m[TIME]: 0.0087 seconds total (114.5 hz, 0.50 ms behind)
[0mq_GtoI = -0.817,-0.025,-0.576,0.010 | p_IinG = 5.889,-6.968,-0.856 | dist = 54.60 (meters)
bg = -0.0029,0.0216,0.0776 | ba = -0.0163,0.0948,0.0729
[34m[TIME]: 0.0115 seconds total (87.0 hz, 0.50 ms behind)
[0mq_GtoI = -0.817,-0.030,-0.576,0.016 | p_IinG = 5.869,-6.939,-0.859 | dist = 54.63 (meters)
bg = -0.0029,0.0216,0.0776 | ba = -0.0164,0.0946,0.0717
[34m[TIME]: 0.0062 seconds total (161.6 hz, 0.50 ms behind)
[0mq_GtoI = -0.817,-0.035,-0.575,0.023 | p_IinG = 5.848,-6.909,-0.864 | dist = 54.67 (meters)
bg = -0.0029,0.0216,0.0776 | ba = -0.0162,0.0943,0.0710
[34m[TIME]: 0.0113 seconds total (88.3 hz, 0.50 ms behind)
[0mq_GtoI = -0.817,-0.040,-0.574,0.030 | p_IinG = 5.827,-6.879,-0.871 | dist = 54.71 (meters)
bg = -0.0029,0.0216,0.0776 | ba = -0.0155,0.0945,0.0701
[34m[TIME]: 0.0054 seconds total (184.2 hz, 0.50 ms behind)
[0mq_GtoI = -0.817,-0.046,-0.574,0.037 | p_IinG = 5.806,-6.849,-0.880 | dist = 54.74 (meters)
bg = -0.0029,0.0216,0.0776 | ba = -0.0145,0.0947,0.0695
[34m[TIME]: 0.0069 seconds total (145.5 hz, 0.50 ms behind)
[0mq_GtoI = -0.816,-0.050,-0.574,0.044 | p_IinG = 5.787,-6.819,-0.889 | dist = 54.78 (meters)
bg = -0.0029,0.0216,0.0776 | ba = -0.0140,0.0947,0.0680
[34m[TIME]: 0.0050 seconds total (200.6 hz, 0.50 ms behind)
[0mq_GtoI = -0.817,-0.053,-0.573,0.051 | p_IinG = 5.768,-6.789,-0.900 | dist = 54.82 (meters)
bg = -0.0029,0.0216,0.0776 | ba = -0.0132,0.0947,0.0664
[34m[TIME]: 0.0063 seconds total (157.9 hz, 0.50 ms behind)
[0mq_GtoI = -0.817,-0.054,-0.571,0.059 | p_IinG = 5.750,-6.760,-0.911 | dist = 54.86 (meters)
bg = -0.0029,0.0216,0.0776 | ba = -0.0126,0.0945,0.0647
[34m[TIME]: 0.0050 seconds total (198.7 hz, 0.50 ms behind)
[0mq_GtoI = -0.817,-0.056,-0.570,0.065 | p_IinG = 5.733,-6.732,-0.923 | dist = 54.89 (meters)
bg = -0.0028,0.0217,0.0776 | ba = -0.0119,0.0944,0.0632
[34m[TIME]: 0.0046 seconds total (217.9 hz, 0.50 ms behind)
[0mq_GtoI = -0.817,-0.059,-0.570,0.069 | p_IinG = 5.718,-6.707,-0.938 | dist = 54.93 (meters)
bg = -0.0028,0.0217,0.0776 | ba = -0.0088,0.0923,0.0609
[34m[TIME]: 0.0166 seconds total (60.1 hz, 0.50 ms behind)
[0mq_GtoI = -0.817,-0.064,-0.570,0.069 | p_IinG = 5.701,-6.682,-0.951 | dist = 54.96 (meters)
bg = -0.0028,0.0217,0.0776 | ba = -0.0077,0.0922,0.0607
[34m[TIME]: 0.0106 seconds total (94.0 hz, 0.50 ms behind)
[0mq_GtoI = -0.816,-0.070,-0.570,0.066 | p_IinG = 5.685,-6.658,-0.964 | dist = 54.99 (meters)
bg = -0.0028,0.0217,0.0776 | ba = -0.0069,0.0924,0.0604
[34m[TIME]: 0.0051 seconds total (196.7 hz, 0.50 ms behind)
[0mq_GtoI = -0.815,-0.075,-0.570,0.063 | p_IinG = 5.668,-6.637,-0.976 | dist = 55.02 (meters)
bg = -0.0029,0.0217,0.0776 | ba = -0.0043,0.0924,0.0617
[34m[TIME]: 0.0072 seconds total (139.2 hz, 0.50 ms behind)
[0mq_GtoI = -0.815,-0.079,-0.572,0.060 | p_IinG = 5.652,-6.615,-0.985 | dist = 55.05 (meters)
bg = -0.0029,0.0217,0.0776 | ba = -0.0033,0.0929,0.0622
[34m[TIME]: 0.0057 seconds total (175.6 hz, 0.50 ms behind)
[0mq_GtoI = -0.814,-0.082,-0.572,0.058 | p_IinG = 5.637,-6.594,-0.993 | dist = 55.08 (meters)
bg = -0.0029,0.0217,0.0776 | ba = -0.0021,0.0932,0.0628
[34m[TIME]: 0.0057 seconds total (174.6 hz, 0.50 ms behind)
[0mq_GtoI = -0.813,-0.084,-0.574,0.058 | p_IinG = 5.622,-6.572,-0.997 | dist = 55.10 (meters)
bg = -0.0029,0.0217,0.0776 | ba = -0.0012,0.0934,0.0634
[34m[TIME]: 0.0094 seconds total (106.9 hz, 0.50 ms behind)
[0mq_GtoI = -0.811,-0.086,-0.576,0.057 | p_IinG = 5.607,-6.551,-1.000 | dist = 55.13 (meters)
bg = -0.0029,0.0217,0.0776 | ba = -0.0007,0.0936,0.0639
[34m[TIME]: 0.0049 seconds total (205.0 hz, 0.50 ms behind)
[0mq_GtoI = -0.809,-0.086,-0.579,0.057 | p_IinG = 5.593,-6.529,-1.000 | dist = 55.16 (meters)
bg = -0.0029,0.0217,0.0776 | ba = -0.0002,0.0936,0.0642
[34m[TIME]: 0.0052 seconds total (191.6 hz, 0.50 ms behind)
[0mq_GtoI = -0.807,-0.085,-0.581,0.058 | p_IinG = 5.577,-6.508,-1.000 | dist = 55.18 (meters)
bg = -0.0029,0.0217,0.0776 | ba = 0.0017,0.0941,0.0655
[34m[TIME]: 0.0058 seconds total (172.4 hz, 0.50 ms behind)
[0mq_GtoI = -0.805,-0.084,-0.584,0.058 | p_IinG = 5.562,-6.486,-1.000 | dist = 55.21 (meters)
bg = -0.0029,0.0217,0.0776 | ba = 0.0029,0.0945,0.0661
[34m[TIME]: 0.0047 seconds total (211.7 hz, 0.50 ms behind)
[0mq_GtoI = -0.804,-0.082,-0.586,0.060 | p_IinG = 5.545,-6.465,-1.001 | dist = 55.23 (meters)
bg = -0.0029,0.0217,0.0776 | ba = 0.0040,0.0950,0.0670
[34m[TIME]: 0.0050 seconds total (201.4 hz, 0.50 ms behind)
[0mq_GtoI = -0.802,-0.081,-0.588,0.061 | p_IinG = 5.522,-6.442,-1.004 | dist = 55.26 (meters)
bg = -0.0029,0.0217,0.0776 | ba = 0.0087,0.0998,0.0713
[34m[TIME]: 0.0148 seconds total (67.7 hz, 0.50 ms behind)
[0mq_GtoI = -0.802,-0.080,-0.589,0.061 | p_IinG = 5.504,-6.421,-1.010 | dist = 55.29 (meters)
bg = -0.0029,0.0217,0.0776 | ba = 0.0097,0.1003,0.0719
[34m[TIME]: 0.0054 seconds total (183.7 hz, 0.50 ms behind)
[0mq_GtoI = -0.801,-0.078,-0.590,0.062 | p_IinG = 5.485,-6.400,-1.016 | dist = 55.32 (meters)
bg = -0.0029,0.0217,0.0776 | ba = 0.0106,0.1008,0.0723
[34m[TIME]: 0.0053 seconds total (189.2 hz, 0.50 ms behind)
[0mq_GtoI = -0.801,-0.077,-0.590,0.062 | p_IinG = 5.466,-6.381,-1.025 | dist = 55.35 (meters)
bg = -0.0029,0.0217,0.0776 | ba = 0.0121,0.1018,0.0734
[34m[TIME]: 0.0116 seconds total (86.0 hz, 0.50 ms behind)
[0mq_GtoI = -0.803,-0.076,-0.588,0.062 | p_IinG = 5.446,-6.361,-1.034 | dist = 55.38 (meters)
bg = -0.0028,0.0217,0.0776 | ba = 0.0120,0.1025,0.0738
[34m[TIME]: 0.0050 seconds total (200.8 hz, 0.50 ms behind)
[0mq_GtoI = -0.805,-0.074,-0.585,0.063 | p_IinG = 5.425,-6.342,-1.043 | dist = 55.40 (meters)
bg = -0.0028,0.0217,0.0776 | ba = 0.0117,0.1031,0.0744
[34m[TIME]: 0.0049 seconds total (206.0 hz, 0.50 ms behind)
[0mq_GtoI = -0.807,-0.073,-0.583,0.062 | p_IinG = 5.404,-6.323,-1.051 | dist = 55.43 (meters)
bg = -0.0028,0.0217,0.0776 | ba = 0.0116,0.1041,0.0749
[34m[TIME]: 0.0048 seconds total (206.4 hz, 0.50 ms behind)
[0mq_GtoI = -0.809,-0.072,-0.580,0.061 | p_IinG = 5.383,-6.305,-1.056 | dist = 55.46 (meters)
bg = -0.0028,0.0217,0.0776 | ba = 0.0115,0.1052,0.0754
[34m[TIME]: 0.0050 seconds total (199.4 hz, 0.50 ms behind)
[0mq_GtoI = -0.811,-0.070,-0.578,0.060 | p_IinG = 5.360,-6.287,-1.059 | dist = 55.49 (meters)
bg = -0.0028,0.0217,0.0775 | ba = 0.0120,0.1063,0.0760
[34m[TIME]: 0.0048 seconds total (209.7 hz, 0.50 ms behind)
[0mq_GtoI = -0.812,-0.069,-0.576,0.059 | p_IinG = 5.338,-6.269,-1.060 | dist = 55.52 (meters)
bg = -0.0028,0.0217,0.0775 | ba = 0.0126,0.1075,0.0767
[34m[TIME]: 0.0071 seconds total (141.0 hz, 0.50 ms behind)
[0mq_GtoI = -0.813,-0.067,-0.576,0.059 | p_IinG = 5.316,-6.252,-1.058 | dist = 55.54 (meters)
bg = -0.0028,0.0217,0.0775 | ba = 0.0132,0.1088,0.0774
[34m[TIME]: 0.0046 seconds total (216.1 hz, 0.50 ms behind)
[0mq_GtoI = -0.813,-0.066,-0.575,0.058 | p_IinG = 5.293,-6.236,-1.056 | dist = 55.57 (meters)
bg = -0.0028,0.0217,0.0775 | ba = 0.0139,0.1102,0.0782
[34m[TIME]: 0.0047 seconds total (213.8 hz, 0.50 ms behind)
[0mq_GtoI = -0.814,-0.064,-0.574,0.058 | p_IinG = 5.268,-6.219,-1.054 | dist = 55.60 (meters)
bg = -0.0028,0.0217,0.0775 | ba = 0.0157,0.1126,0.0809
[34m[TIME]: 0.0087 seconds total (115.0 hz, 0.50 ms behind)
[0mq_GtoI = -0.815,-0.064,-0.574,0.056 | p_IinG = 5.246,-6.203,-1.054 | dist = 55.62 (meters)
bg = -0.0028,0.0217,0.0775 | ba = 0.0166,0.1140,0.0813
[34m[TIME]: 0.0050 seconds total (198.8 hz, 0.50 ms behind)
[0mq_GtoI = -0.815,-0.063,-0.573,0.056 | p_IinG = 5.224,-6.187,-1.054 | dist = 55.65 (meters)
bg = -0.0028,0.0217,0.0775 | ba = 0.0173,0.1153,0.0822
[34m[TIME]: 0.0095 seconds total (105.7 hz, 0.50 ms behind)
[0mq_GtoI = -0.815,-0.063,-0.573,0.056 | p_IinG = 5.202,-6.172,-1.056 | dist = 55.67 (meters)
bg = -0.0028,0.0217,0.0775 | ba = 0.0185,0.1166,0.0836
[34m[TIME]: 0.0066 seconds total (152.5 hz, 0.50 ms behind)
[0mq_GtoI = -0.816,-0.062,-0.572,0.055 | p_IinG = 5.181,-6.157,-1.060 | dist = 55.70 (meters)
bg = -0.0028,0.0217,0.0775 | ba = 0.0186,0.1178,0.0844
[34m[TIME]: 0.0051 seconds total (195.2 hz, 0.50 ms behind)
[0mq_GtoI = -0.816,-0.062,-0.572,0.056 | p_IinG = 5.160,-6.143,-1.066 | dist = 55.72 (meters)
bg = -0.0028,0.0217,0.0775 | ba = 0.0187,0.1189,0.0854
[34m[TIME]: 0.0049 seconds total (204.8 hz, 0.50 ms behind)
[0mq_GtoI = -0.816,-0.062,-0.572,0.056 | p_IinG = 5.139,-6.129,-1.072 | dist = 55.75 (meters)
bg = -0.0028,0.0217,0.0775 | ba = 0.0189,0.1199,0.0867
[34m[TIME]: 0.0072 seconds total (138.0 hz, 0.50 ms behind)
[0mq_GtoI = -0.816,-0.061,-0.572,0.057 | p_IinG = 5.119,-6.115,-1.079 | dist = 55.77 (meters)
bg = -0.0028,0.0217,0.0775 | ba = 0.0189,0.1208,0.0881
[34m[TIME]: 0.0049 seconds total (205.1 hz, 0.50 ms behind)
[0mq_GtoI = -0.816,-0.062,-0.572,0.057 | p_IinG = 5.099,-6.102,-1.086 | dist = 55.79 (meters)
bg = -0.0028,0.0217,0.0775 | ba = 0.0187,0.1215,0.0894
[34m[TIME]: 0.0086 seconds total (116.6 hz, 0.50 ms behind)
[0mq_GtoI = -0.816,-0.062,-0.572,0.058 | p_IinG = 5.079,-6.089,-1.095 | dist = 55.82 (meters)
bg = -0.0028,0.0217,0.0775 | ba = 0.0182,0.1222,0.0909
[34m[TIME]: 0.0048 seconds total (207.2 hz, 0.50 ms behind)
[0mq_GtoI = -0.816,-0.062,-0.571,0.059 | p_IinG = 5.059,-6.077,-1.103 | dist = 55.84 (meters)
bg = -0.0028,0.0217,0.0775 | ba = 0.0177,0.1227,0.0925
[34m[TIME]: 0.0048 seconds total (208.7 hz, 0.50 ms behind)
[0mq_GtoI = -0.816,-0.062,-0.571,0.059 | p_IinG = 5.039,-6.065,-1.110 | dist = 55.86 (meters)
bg = -0.0028,0.0217,0.0775 | ba = 0.0175,0.1232,0.0940
[34m[TIME]: 0.0088 seconds total (113.8 hz, 0.50 ms behind)
[0mq_GtoI = -0.816,-0.062,-0.571,0.061 | p_IinG = 5.020,-6.054,-1.115 | dist = 55.89 (meters)
bg = -0.0027,0.0217,0.0775 | ba = 0.0165,0.1241,0.0954
[34m[TIME]: 0.0072 seconds total (139.6 hz, 0.50 ms behind)
[0mq_GtoI = -0.817,-0.063,-0.570,0.060 | p_IinG = 5.001,-6.043,-1.119 | dist = 55.91 (meters)
bg = -0.0027,0.0217,0.0775 | ba = 0.0164,0.1245,0.0967
[34m[TIME]: 0.0048 seconds total (209.5 hz, 0.50 ms behind)
[0mq_GtoI = -0.817,-0.063,-0.570,0.061 | p_IinG = 4.982,-6.034,-1.121 | dist = 55.93 (meters)
bg = -0.0027,0.0217,0.0775 | ba = 0.0159,0.1247,0.0980
[34m[TIME]: 0.0047 seconds total (211.9 hz, 0.50 ms behind)
[0mq_GtoI = -0.816,-0.063,-0.571,0.061 | p_IinG = 4.964,-6.025,-1.120 | dist = 55.95 (meters)
bg = -0.0027,0.0217,0.0775 | ba = 0.0154,0.1248,0.0993
[34m[TIME]: 0.0058 seconds total (173.0 hz, 0.50 ms behind)
[0mq_GtoI = -0.816,-0.062,-0.571,0.061 | p_IinG = 4.946,-6.016,-1.118 | dist = 55.96 (meters)
bg = -0.0027,0.0217,0.0775 | ba = 0.0151,0.1250,0.1002
[34m[TIME]: 0.0065 seconds total (153.2 hz, 0.50 ms behind)
[0mq_GtoI = -0.817,-0.059,-0.571,0.058 | p_IinG = 4.929,-6.009,-1.115 | dist = 55.98 (meters)
bg = -0.0027,0.0217,0.0775 | ba = 0.0144,0.1253,0.1009
[34m[TIME]: 0.0047 seconds total (214.1 hz, 0.50 ms behind)
[0mq_GtoI = -0.817,-0.056,-0.571,0.054 | p_IinG = 4.913,-6.002,-1.112 | dist = 56.00 (meters)
bg = -0.0027,0.0217,0.0775 | ba = 0.0140,0.1253,0.1017
[34m[TIME]: 0.0048 seconds total (210.4 hz, 0.50 ms behind)
[0mq_GtoI = -0.818,-0.051,-0.571,0.051 | p_IinG = 4.896,-5.996,-1.111 | dist = 56.02 (meters)
bg = -0.0027,0.0217,0.0775 | ba = 0.0137,0.1252,0.1025
[34m[TIME]: 0.0047 seconds total (211.6 hz, 0.50 ms behind)
[0mq_GtoI = -0.817,-0.046,-0.572,0.047 | p_IinG = 4.881,-5.991,-1.111 | dist = 56.03 (meters)
bg = -0.0027,0.0217,0.0775 | ba = 0.0135,0.1249,0.1035
[34m[TIME]: 0.0047 seconds total (211.8 hz, 0.50 ms behind)
[0mq_GtoI = -0.817,-0.039,-0.574,0.044 | p_IinG = 4.865,-5.985,-1.112 | dist = 56.05 (meters)
bg = -0.0027,0.0217,0.0775 | ba = 0.0132,0.1249,0.1044
[34m[TIME]: 0.0066 seconds total (150.7 hz, 0.50 ms behind)
[0mq_GtoI = -0.816,-0.033,-0.575,0.041 | p_IinG = 4.849,-5.980,-1.115 | dist = 56.06 (meters)
bg = -0.0027,0.0218,0.0775 | ba = 0.0128,0.1246,0.1055
[34m[TIME]: 0.0050 seconds total (198.5 hz, 0.50 ms behind)
[0mq_GtoI = -0.816,-0.026,-0.576,0.037 | p_IinG = 4.834,-5.976,-1.119 | dist = 56.08 (meters)
bg = -0.0027,0.0218,0.0775 | ba = 0.0120,0.1239,0.1069
[34m[TIME]: 0.0045 seconds total (220.2 hz, 0.50 ms behind)
[0mq_GtoI = -0.815,-0.019,-0.578,0.032 | p_IinG = 4.819,-5.972,-1.122 | dist = 56.10 (meters)
bg = -0.0027,0.0218,0.0775 | ba = 0.0093,0.1249,0.1083
[34m[TIME]: 0.0059 seconds total (170.7 hz, 0.50 ms behind)
[0mq_GtoI = -0.814,-0.012,-0.580,0.027 | p_IinG = 4.803,-5.968,-1.126 | dist = 56.11 (meters)
bg = -0.0027,0.0218,0.0775 | ba = 0.0079,0.1242,0.1099
[34m[TIME]: 0.0045 seconds total (220.4 hz, 0.50 ms behind)
[0mq_GtoI = -0.813,-0.005,-0.582,0.023 | p_IinG = 4.787,-5.966,-1.129 | dist = 56.13 (meters)
bg = -0.0026,0.0218,0.0775 | ba = 0.0069,0.1237,0.1113
[34m[TIME]: 0.0045 seconds total (221.5 hz, 0.50 ms behind)
[0mq_GtoI = -0.813,0.001,-0.582,0.019 | p_IinG = 4.772,-5.963,-1.129 | dist = 56.14 (meters)
bg = -0.0026,0.0218,0.0775 | ba = 0.0061,0.1234,0.1125
[34m[TIME]: 0.0051 seconds total (195.5 hz, 0.50 ms behind)
[0mq_GtoI = -0.813,0.006,-0.582,0.015 | p_IinG = 4.755,-5.962,-1.129 | dist = 56.16 (meters)
bg = -0.0026,0.0218,0.0775 | ba = 0.0058,0.1230,0.1134
[34m[TIME]: 0.0085 seconds total (117.5 hz, 0.50 ms behind)
[0mq_GtoI = -0.812,0.010,-0.583,0.011 | p_IinG = 4.738,-5.960,-1.125 | dist = 56.18 (meters)
bg = -0.0026,0.0218,0.0775 | ba = 0.0056,0.1231,0.1141
[34m[TIME]: 0.0045 seconds total (223.8 hz, 0.50 ms behind)
[0mq_GtoI = -0.813,0.013,-0.583,0.008 | p_IinG = 4.721,-5.959,-1.122 | dist = 56.19 (meters)
bg = -0.0026,0.0218,0.0775 | ba = 0.0056,0.1233,0.1147
[34m[TIME]: 0.0045 seconds total (223.5 hz, 0.50 ms behind)
[0mq_GtoI = -0.813,0.017,-0.582,0.004 | p_IinG = 4.703,-5.957,-1.117 | dist = 56.21 (meters)
bg = -0.0026,0.0218,0.0775 | ba = 0.0053,0.1235,0.1151
[34m[TIME]: 0.0085 seconds total (117.7 hz, 0.50 ms behind)
[0mq_GtoI = 0.814,-0.021,0.581,0.000 | p_IinG = 4.685,-5.957,-1.113 | dist = 56.23 (meters)
bg = -0.0026,0.0218,0.0775 | ba = 0.0052,0.1238,0.1153
[34m[TIME]: 0.0085 seconds total (118.1 hz, 0.50 ms behind)
[0mq_GtoI = 0.814,-0.025,0.580,0.005 | p_IinG = 4.668,-5.956,-1.111 | dist = 56.25 (meters)
bg = -0.0026,0.0218,0.0775 | ba = 0.0050,0.1239,0.1153
[34m[TIME]: 0.0048 seconds total (206.7 hz, 0.50 ms behind)
[0mq_GtoI = 0.815,-0.028,0.579,0.009 | p_IinG = 4.650,-5.956,-1.111 | dist = 56.26 (meters)
bg = -0.0025,0.0218,0.0775 | ba = 0.0047,0.1242,0.1152
[34m[TIME]: 0.0046 seconds total (219.1 hz, 0.50 ms behind)
[0mq_GtoI = 0.814,-0.030,0.579,0.012 | p_IinG = 4.632,-5.955,-1.111 | dist = 56.28 (meters)
bg = -0.0025,0.0218,0.0775 | ba = 0.0042,0.1245,0.1150
[34m[TIME]: 0.0045 seconds total (222.9 hz, 0.50 ms behind)
[0mq_GtoI = 0.815,-0.032,0.579,0.016 | p_IinG = 4.614,-5.955,-1.113 | dist = 56.30 (meters)
bg = -0.0025,0.0218,0.0774 | ba = 0.0038,0.1250,0.1146
[34m[TIME]: 0.0053 seconds total (188.5 hz, 0.50 ms behind)
[0mq_GtoI = 0.814,-0.033,0.579,0.017 | p_IinG = 4.596,-5.954,-1.117 | dist = 56.32 (meters)
bg = -0.0025,0.0219,0.0774 | ba = 0.0037,0.1259,0.1140
[34m[TIME]: 0.0048 seconds total (206.4 hz, 0.50 ms behind)
[0mq_GtoI = 0.814,-0.035,0.579,0.018 | p_IinG = 4.578,-5.954,-1.121 | dist = 56.34 (meters)
bg = -0.0025,0.0219,0.0774 | ba = 0.0031,0.1263,0.1136
[34m[TIME]: 0.0045 seconds total (220.1 hz, 0.50 ms behind)
[0mq_GtoI = 0.814,-0.035,0.579,0.018 | p_IinG = 4.560,-5.953,-1.127 | dist = 56.36 (meters)
bg = -0.0025,0.0219,0.0774 | ba = 0.0020,0.1269,0.1132
[34m[TIME]: 0.0050 seconds total (199.9 hz, 0.50 ms behind)
[0mq_GtoI = 0.814,-0.033,0.579,0.021 | p_IinG = 4.542,-5.952,-1.133 | dist = 56.38 (meters)
bg = -0.0025,0.0219,0.0774 | ba = 0.0013,0.1270,0.1128
[34m[TIME]: 0.0082 seconds total (121.8 hz, 0.50 ms behind)
[0mq_GtoI = 0.814,-0.031,0.579,0.024 | p_IinG = 4.524,-5.952,-1.138 | dist = 56.40 (meters)
bg = -0.0025,0.0219,0.0774 | ba = 0.0001,0.1270,0.1125
[34m[TIME]: 0.0043 seconds total (233.4 hz, 0.50 ms behind)
[0mq_GtoI = 0.814,-0.029,0.579,0.026 | p_IinG = 4.505,-5.951,-1.141 | dist = 56.42 (meters)
bg = -0.0025,0.0219,0.0774 | ba = -0.0011,0.1266,0.1122
[34m[TIME]: 0.0041 seconds total (246.8 hz, 0.50 ms behind)
[0mq_GtoI = 0.814,-0.028,0.579,0.026 | p_IinG = 4.487,-5.949,-1.142 | dist = 56.44 (meters)
bg = -0.0025,0.0219,0.0774 | ba = -0.0023,0.1259,0.1118
[34m[TIME]: 0.0041 seconds total (246.3 hz, 0.50 ms behind)
[0mq_GtoI = 0.815,-0.028,0.579,0.024 | p_IinG = 4.468,-5.947,-1.142 | dist = 56.45 (meters)
bg = -0.0025,0.0219,0.0774 | ba = -0.0036,0.1256,0.1115
[34m[TIME]: 0.0041 seconds total (242.8 hz, 0.50 ms behind)
[0mq_GtoI = 0.815,-0.028,0.578,0.023 | p_IinG = 4.449,-5.945,-1.140 | dist = 56.47 (meters)
bg = -0.0025,0.0219,0.0774 | ba = -0.0052,0.1248,0.1113
[34m[TIME]: 0.0041 seconds total (243.8 hz, 0.50 ms behind)
[0mq_GtoI = 0.815,-0.029,0.578,0.021 | p_IinG = 4.430,-5.942,-1.136 | dist = 56.49 (meters)
bg = -0.0025,0.0219,0.0774 | ba = -0.0066,0.1242,0.1111
[34m[TIME]: 0.0064 seconds total (157.4 hz, 0.50 ms behind)
[0mq_GtoI = 0.815,-0.029,0.578,0.018 | p_IinG = 4.395,-5.937,-1.130 | dist = 56.53 (meters)
bg = -0.0025,0.0219,0.0774 | ba = -0.0102,0.1227,0.1096
[34m[TIME]: 0.0040 seconds total (253.0 hz, 0.50 ms behind)
[0mq_GtoI = 0.816,-0.030,0.578,0.019 | p_IinG = 4.376,-5.934,-1.128 | dist = 56.55 (meters)
bg = -0.0025,0.0219,0.0774 | ba = -0.0120,0.1220,0.1096
[34m[TIME]: 0.0050 seconds total (199.5 hz, 0.50 ms behind)
[0mq_GtoI = 0.815,-0.032,0.578,0.020 | p_IinG = 4.356,-5.931,-1.129 | dist = 56.57 (meters)
bg = -0.0025,0.0219,0.0774 | ba = -0.0128,0.1214,0.1096
[34m[TIME]: 0.0040 seconds total (250.6 hz, 0.50 ms behind)
[0mq_GtoI = 0.815,-0.034,0.578,0.022 | p_IinG = 4.338,-5.929,-1.130 | dist = 56.59 (meters)
bg = -0.0025,0.0219,0.0774 | ba = -0.0140,0.1212,0.1093
[34m[TIME]: 0.0044 seconds total (229.5 hz, 0.50 ms behind)
[0mq_GtoI = 0.815,-0.036,0.578,0.023 | p_IinG = 4.319,-5.925,-1.132 | dist = 56.61 (meters)
bg = -0.0025,0.0219,0.0774 | ba = -0.0151,0.1215,0.1093
[34m[TIME]: 0.0043 seconds total (233.4 hz, 0.50 ms behind)
[0mq_GtoI = 0.815,-0.037,0.578,0.025 | p_IinG = 4.301,-5.922,-1.135 | dist = 56.63 (meters)
bg = -0.0025,0.0219,0.0774 | ba = -0.0157,0.1217,0.1093
[34m[TIME]: 0.0107 seconds total (93.5 hz, 0.50 ms behind)
[0mq_GtoI = 0.815,-0.038,0.577,0.027 | p_IinG = 4.282,-5.918,-1.138 | dist = 56.65 (meters)
bg = -0.0025,0.0219,0.0774 | ba = -0.0160,0.1220,0.1093
[34m[TIME]: 0.0045 seconds total (223.3 hz, 0.50 ms behind)
[0mq_GtoI = 0.815,-0.038,0.577,0.028 | p_IinG = 4.263,-5.915,-1.142 | dist = 56.67 (meters)
bg = -0.0025,0.0219,0.0774 | ba = -0.0164,0.1222,0.1095
[34m[TIME]: 0.0044 seconds total (225.7 hz, 0.50 ms behind)
[0mq_GtoI = 0.815,-0.039,0.577,0.030 | p_IinG = 4.245,-5.910,-1.146 | dist = 56.69 (meters)
bg = -0.0025,0.0219,0.0774 | ba = -0.0169,0.1225,0.1097
[34m[TIME]: 0.0045 seconds total (223.7 hz, 0.50 ms behind)
[0mq_GtoI = 0.816,-0.039,0.576,0.031 | p_IinG = 4.226,-5.906,-1.149 | dist = 56.71 (meters)
bg = -0.0025,0.0219,0.0774 | ba = -0.0172,0.1228,0.1100
[34m[TIME]: 0.0083 seconds total (120.5 hz, 0.50 ms behind)
[0mq_GtoI = 0.816,-0.039,0.576,0.033 | p_IinG = 4.207,-5.901,-1.150 | dist = 56.73 (meters)
bg = -0.0025,0.0219,0.0774 | ba = -0.0174,0.1232,0.1102
[34m[TIME]: 0.0082 seconds total (121.4 hz, 0.50 ms behind)
[0mq_GtoI = 0.816,-0.040,0.576,0.032 | p_IinG = 4.188,-5.894,-1.150 | dist = 56.74 (meters)
bg = -0.0025,0.0219,0.0774 | ba = -0.0173,0.1246,0.1104
[34m[TIME]: 0.0048 seconds total (210.2 hz, 0.50 ms behind)
[0mq_GtoI = 0.816,-0.040,0.575,0.031 | p_IinG = 4.170,-5.888,-1.147 | dist = 56.77 (meters)
bg = -0.0025,0.0219,0.0774 | ba = -0.0182,0.1247,0.1106
[34m[TIME]: 0.0043 seconds total (230.5 hz, 0.50 ms behind)
[0mq_GtoI = 0.816,-0.041,0.576,0.029 | p_IinG = 4.150,-5.881,-1.143 | dist = 56.79 (meters)
bg = -0.0025,0.0219,0.0774 | ba = -0.0203,0.1255,0.1111
[34m[TIME]: 0.0056 seconds total (179.2 hz, 0.50 ms behind)
[0mq_GtoI = 0.815,-0.043,0.577,0.027 | p_IinG = 4.132,-5.874,-1.137 | dist = 56.81 (meters)
bg = -0.0025,0.0220,0.0774 | ba = -0.0224,0.1251,0.1113
[34m[TIME]: 0.0044 seconds total (225.5 hz, 0.50 ms behind)
[0mq_GtoI = 0.815,-0.043,0.577,0.026 | p_IinG = 4.114,-5.868,-1.131 | dist = 56.83 (meters)
bg = -0.0025,0.0220,0.0774 | ba = -0.0248,0.1248,0.1115
[34m[TIME]: 0.0043 seconds total (230.5 hz, 0.50 ms behind)
[0mq_GtoI = 0.815,-0.044,0.577,0.026 | p_IinG = 4.101,-5.864,-1.116 | dist = 56.85 (meters)
bg = -0.0025,0.0220,0.0774 | ba = -0.0398,0.1257,0.1106
[34m[TIME]: 0.0105 seconds total (95.5 hz, 0.50 ms behind)
[0mq_GtoI = 0.815,-0.044,0.576,0.026 | p_IinG = 4.083,-5.857,-1.112 | dist = 56.87 (meters)
bg = -0.0025,0.0220,0.0774 | ba = -0.0416,0.1255,0.1113
[34m[TIME]: 0.0048 seconds total (206.4 hz, 0.50 ms behind)
[0mq_GtoI = 0.816,-0.043,0.576,0.027 | p_IinG = 4.065,-5.850,-1.109 | dist = 56.89 (meters)
bg = -0.0025,0.0220,0.0774 | ba = -0.0439,0.1252,0.1121
[34m[TIME]: 0.0047 seconds total (211.8 hz, 0.50 ms behind)
[0mq_GtoI = 0.816,-0.042,0.576,0.029 | p_IinG = 4.047,-5.843,-1.106 | dist = 56.90 (meters)
bg = -0.0025,0.0220,0.0774 | ba = -0.0461,0.1250,0.1129
[34m[TIME]: 0.0047 seconds total (213.6 hz, 0.50 ms behind)
[0mq_GtoI = 0.816,-0.043,0.576,0.031 | p_IinG = 4.029,-5.836,-1.105 | dist = 56.92 (meters)
bg = -0.0025,0.0220,0.0774 | ba = -0.0484,0.1246,0.1135
[34m[TIME]: 0.0047 seconds total (211.6 hz, 0.50 ms behind)
[0mq_GtoI = 0.815,-0.045,0.576,0.035 | p_IinG = 4.011,-5.829,-1.105 | dist = 56.94 (meters)
bg = -0.0025,0.0220,0.0774 | ba = -0.0505,0.1244,0.1141
[34m[TIME]: 0.0048 seconds total (207.8 hz, 0.50 ms behind)
[0mq_GtoI = 0.814,-0.047,0.577,0.041 | p_IinG = 3.993,-5.823,-1.105 | dist = 56.96 (meters)
bg = -0.0025,0.0220,0.0774 | ba = -0.0526,0.1242,0.1146
[34m[TIME]: 0.0048 seconds total (207.1 hz, 0.50 ms behind)
[0mq_GtoI = 0.812,-0.052,0.580,0.044 | p_IinG = 3.975,-5.816,-1.104 | dist = 56.98 (meters)
bg = -0.0025,0.0220,0.0774 | ba = -0.0549,0.1238,0.1152
[34m[TIME]: 0.0086 seconds total (116.8 hz, 0.50 ms behind)
[0mq_GtoI = 0.807,-0.057,0.585,0.046 | p_IinG = 3.959,-5.808,-1.102 | dist = 57.00 (meters)
bg = -0.0025,0.0220,0.0774 | ba = -0.0568,0.1237,0.1159
[34m[TIME]: 0.0047 seconds total (211.7 hz, 0.50 ms behind)
[0mq_GtoI = 0.803,-0.063,0.590,0.048 | p_IinG = 3.941,-5.801,-1.098 | dist = 57.02 (meters)
bg = -0.0025,0.0220,0.0774 | ba = -0.0595,0.1228,0.1168
[34m[TIME]: 0.0057 seconds total (176.3 hz, 0.50 ms behind)
[0mq_GtoI = 0.802,-0.067,0.591,0.049 | p_IinG = 3.923,-5.793,-1.093 | dist = 57.04 (meters)
bg = -0.0025,0.0220,0.0774 | ba = -0.0606,0.1226,0.1177
[34m[TIME]: 0.0046 seconds total (216.5 hz, 0.50 ms behind)
[0mq_GtoI = 0.804,-0.071,0.588,0.051 | p_IinG = 3.904,-5.784,-1.088 | dist = 57.06 (meters)
bg = -0.0025,0.0220,0.0774 | ba = -0.0615,0.1221,0.1188
[34m[TIME]: 0.0047 seconds total (213.2 hz, 0.50 ms behind)
[0mq_GtoI = 0.806,-0.075,0.584,0.053 | p_IinG = 3.881,-5.774,-1.081 | dist = 57.08 (meters)
bg = -0.0025,0.0220,0.0774 | ba = -0.0624,0.1197,0.1244
[34m[TIME]: 0.0090 seconds total (111.0 hz, 0.50 ms behind)
[0mq_GtoI = 0.809,-0.078,0.580,0.053 | p_IinG = 3.860,-5.764,-1.076 | dist = 57.10 (meters)
bg = -0.0025,0.0220,0.0774 | ba = -0.0625,0.1196,0.1254
[34m[TIME]: 0.0052 seconds total (192.6 hz, 0.50 ms behind)
[0mq_GtoI = 0.811,-0.082,0.577,0.054 | p_IinG = 3.839,-5.754,-1.071 | dist = 57.12 (meters)
bg = -0.0025,0.0220,0.0774 | ba = -0.0626,0.1195,0.1266
[34m[TIME]: 0.0048 seconds total (208.9 hz, 0.50 ms behind)
[0mq_GtoI = 0.813,-0.084,0.574,0.054 | p_IinG = 3.818,-5.744,-1.067 | dist = 57.15 (meters)
bg = -0.0025,0.0220,0.0774 | ba = -0.0628,0.1192,0.1278
[34m[TIME]: 0.0073 seconds total (137.3 hz, 0.50 ms behind)
[0mq_GtoI = 0.815,-0.087,0.571,0.054 | p_IinG = 3.796,-5.734,-1.065 | dist = 57.17 (meters)
bg = -0.0025,0.0220,0.0774 | ba = -0.0630,0.1187,0.1292
[34m[TIME]: 0.0047 seconds total (212.5 hz, 0.50 ms behind)
[0mq_GtoI = 0.817,-0.090,0.567,0.056 | p_IinG = 3.776,-5.725,-1.065 | dist = 57.19 (meters)
bg = -0.0025,0.0220,0.0774 | ba = -0.0629,0.1183,0.1301
[34m[TIME]: 0.0047 seconds total (213.8 hz, 0.50 ms behind)
[0mq_GtoI = 0.818,-0.094,0.564,0.058 | p_IinG = 3.755,-5.716,-1.065 | dist = 57.21 (meters)
bg = -0.0025,0.0220,0.0774 | ba = -0.0629,0.1178,0.1312
[34m[TIME]: 0.0048 seconds total (207.9 hz, 0.50 ms behind)
[0mq_GtoI = 0.820,-0.099,0.560,0.062 | p_IinG = 3.735,-5.708,-1.068 | dist = 57.23 (meters)
bg = -0.0025,0.0220,0.0774 | ba = -0.0623,0.1170,0.1320
[34m[TIME]: 0.0047 seconds total (212.5 hz, 0.50 ms behind)
[0mq_GtoI = 0.819,-0.104,0.560,0.067 | p_IinG = 3.716,-5.701,-1.071 | dist = 57.25 (meters)
bg = -0.0026,0.0220,0.0774 | ba = -0.0612,0.1158,0.1316
[34m[TIME]: 0.0049 seconds total (202.7 hz, 0.50 ms behind)
[0mq_GtoI = 0.819,-0.111,0.558,0.070 | p_IinG = 3.697,-5.695,-1.076 | dist = 57.27 (meters)
bg = -0.0026,0.0220,0.0774 | ba = -0.0606,0.1139,0.1320
[34m[TIME]: 0.0056 seconds total (178.7 hz, 0.50 ms behind)
[0mq_GtoI = 0.818,-0.118,0.557,0.076 | p_IinG = 3.679,-5.688,-1.081 | dist = 57.29 (meters)
bg = -0.0026,0.0220,0.0774 | ba = -0.0596,0.1133,0.1324
[34m[TIME]: 0.0044 seconds total (227.1 hz, 0.50 ms behind)
[0mq_GtoI = 0.816,-0.125,0.558,0.082 | p_IinG = 3.662,-5.682,-1.086 | dist = 57.31 (meters)
bg = -0.0026,0.0220,0.0774 | ba = -0.0589,0.1127,0.1331
[34m[TIME]: 0.0047 seconds total (212.6 hz, 0.50 ms behind)
[0mq_GtoI = 0.814,-0.133,0.559,0.089 | p_IinG = 3.640,-5.674,-1.095 | dist = 57.33 (meters)
bg = -0.0026,0.0220,0.0774 | ba = -0.0539,0.1090,0.1367
[34m[TIME]: 0.0087 seconds total (114.7 hz, 0.50 ms behind)
[0mq_GtoI = 0.811,-0.140,0.560,0.095 | p_IinG = 3.624,-5.667,-1.098 | dist = 57.35 (meters)
bg = -0.0026,0.0220,0.0774 | ba = -0.0530,0.1087,0.1366
[34m[TIME]: 0.0048 seconds total (209.4 hz, 0.50 ms behind)
[0mq_GtoI = 0.809,-0.146,0.561,0.100 | p_IinG = 3.608,-5.661,-1.101 | dist = 57.37 (meters)
bg = -0.0026,0.0220,0.0774 | ba = -0.0519,0.1082,0.1366
[34m[TIME]: 0.0046 seconds total (217.8 hz, 0.50 ms behind)
[0mq_GtoI = 0.806,-0.151,0.563,0.105 | p_IinG = 3.592,-5.654,-1.102 | dist = 57.38 (meters)
bg = -0.0026,0.0220,0.0774 | ba = -0.0510,0.1076,0.1361
[34m[TIME]: 0.0084 seconds total (118.9 hz, 0.50 ms behind)
[0mq_GtoI = 0.804,-0.155,0.564,0.109 | p_IinG = 3.577,-5.647,-1.101 | dist = 57.40 (meters)
bg = -0.0026,0.0220,0.0774 | ba = -0.0502,0.1073,0.1357
[34m[TIME]: 0.0045 seconds total (223.2 hz, 0.50 ms behind)
[0mq_GtoI = 0.803,-0.159,0.564,0.113 | p_IinG = 3.561,-5.639,-1.099 | dist = 57.42 (meters)
bg = -0.0026,0.0220,0.0774 | ba = -0.0497,0.1069,0.1362
[34m[TIME]: 0.0044 seconds total (226.0 hz, 0.50 ms behind)
[0mq_GtoI = 0.802,-0.162,0.564,0.115 | p_IinG = 3.546,-5.631,-1.094 | dist = 57.43 (meters)
bg = -0.0026,0.0220,0.0774 | ba = -0.0489,0.1066,0.1367
[34m[TIME]: 0.0046 seconds total (216.8 hz, 0.50 ms behind)
[0mq_GtoI = 0.801,-0.164,0.563,0.117 | p_IinG = 3.531,-5.622,-1.087 | dist = 57.45 (meters)
bg = -0.0026,0.0220,0.0774 | ba = -0.0483,0.1067,0.1374
[34m[TIME]: 0.0043 seconds total (233.3 hz, 0.50 ms behind)
[0mq_GtoI = 0.801,-0.166,0.563,0.118 | p_IinG = 3.516,-5.613,-1.078 | dist = 57.47 (meters)
bg = -0.0026,0.0220,0.0774 | ba = -0.0477,0.1066,0.1382
[34m[TIME]: 0.0042 seconds total (238.0 hz, 0.50 ms behind)
[0mq_GtoI = 0.801,-0.167,0.562,0.118 | p_IinG = 3.502,-5.603,-1.067 | dist = 57.49 (meters)
bg = -0.0026,0.0220,0.0774 | ba = -0.0472,0.1072,0.1388
[34m[TIME]: 0.0045 seconds total (223.5 hz, 0.50 ms behind)
[0mq_GtoI = 0.802,-0.169,0.561,0.117 | p_IinG = 3.488,-5.593,-1.054 | dist = 57.51 (meters)
bg = -0.0026,0.0220,0.0774 | ba = -0.0468,0.1074,0.1392
[34m[TIME]: 0.0041 seconds total (243.2 hz, 0.50 ms behind)
[0mq_GtoI = 0.802,-0.170,0.561,0.116 | p_IinG = 3.474,-5.583,-1.039 | dist = 57.54 (meters)
bg = -0.0026,0.0220,0.0774 | ba = -0.0464,0.1076,0.1392
[34m[TIME]: 0.0042 seconds total (236.6 hz, 0.50 ms behind)
[0mq_GtoI = 0.802,-0.171,0.560,0.113 | p_IinG = 3.464,-5.574,-1.023 | dist = 57.56 (meters)
bg = -0.0026,0.0220,0.0773 | ba = -0.0461,0.1093,0.1364
[34m[TIME]: 0.0076 seconds total (131.0 hz, 0.50 ms behind)
[0mq_GtoI = 0.802,-0.172,0.561,0.110 | p_IinG = 3.451,-5.564,-1.006 | dist = 57.58 (meters)
bg = -0.0026,0.0220,0.0773 | ba = -0.0456,0.1088,0.1358
[34m[TIME]: 0.0045 seconds total (221.4 hz, 0.50 ms behind)
[0mq_GtoI = 0.802,-0.173,0.562,0.108 | p_IinG = 3.439,-5.555,-0.986 | dist = 57.61 (meters)
bg = -0.0026,0.0219,0.0773 | ba = -0.0452,0.1082,0.1351
[34m[TIME]: 0.0045 seconds total (220.8 hz, 0.50 ms behind)
[0mq_GtoI = 0.802,-0.173,0.562,0.106 | p_IinG = 3.427,-5.546,-0.966 | dist = 57.64 (meters)
bg = -0.0026,0.0219,0.0773 | ba = -0.0449,0.1075,0.1342
[34m[TIME]: 0.0081 seconds total (123.0 hz, 0.50 ms behind)
[0mq_GtoI = 0.803,-0.174,0.561,0.103 | p_IinG = 3.415,-5.537,-0.944 | dist = 57.66 (meters)
bg = -0.0026,0.0219,0.0773 | ba = -0.0448,0.1073,0.1333
[34m[TIME]: 0.0047 seconds total (213.6 hz, 0.50 ms behind)
[0mq_GtoI = 0.803,-0.173,0.561,0.104 | p_IinG = 3.404,-5.529,-0.923 | dist = 57.69 (meters)
bg = -0.0026,0.0219,0.0773 | ba = -0.0444,0.1070,0.1324
[34m[TIME]: 0.0042 seconds total (238.7 hz, 0.50 ms behind)
[0mq_GtoI = 0.803,-0.172,0.561,0.103 | p_IinG = 3.392,-5.522,-0.904 | dist = 57.71 (meters)
bg = -0.0026,0.0219,0.0773 | ba = -0.0440,0.1065,0.1315
[34m[TIME]: 0.0044 seconds total (229.3 hz, 0.50 ms behind)
[0mq_GtoI = 0.804,-0.171,0.560,0.104 | p_IinG = 3.381,-5.515,-0.886 | dist = 57.74 (meters)
bg = -0.0026,0.0219,0.0773 | ba = -0.0433,0.1058,0.1302
[34m[TIME]: 0.0046 seconds total (217.7 hz, 0.50 ms behind)
[0mq_GtoI = 0.804,-0.170,0.560,0.105 | p_IinG = 3.370,-5.509,-0.869 | dist = 57.76 (meters)
bg = -0.0026,0.0219,0.0773 | ba = -0.0429,0.1056,0.1296
[34m[TIME]: 0.0043 seconds total (232.2 hz, 0.50 ms behind)
[0mq_GtoI = 0.804,-0.169,0.560,0.107 | p_IinG = 3.359,-5.503,-0.853 | dist = 57.78 (meters)
bg = -0.0026,0.0219,0.0773 | ba = -0.0426,0.1062,0.1295
[34m[TIME]: 0.0098 seconds total (101.8 hz, 0.50 ms behind)
[0mq_GtoI = 0.804,-0.168,0.560,0.107 | p_IinG = 3.348,-5.497,-0.839 | dist = 57.80 (meters)
bg = -0.0026,0.0219,0.0773 | ba = -0.0426,0.1058,0.1292
[34m[TIME]: 0.0047 seconds total (212.3 hz, 0.50 ms behind)
[0mq_GtoI = 0.804,-0.167,0.560,0.109 | p_IinG = 3.338,-5.493,-0.827 | dist = 57.82 (meters)
bg = -0.0026,0.0219,0.0773 | ba = -0.0430,0.1062,0.1278
[34m[TIME]: 0.0096 seconds total (104.4 hz, 0.50 ms behind)
[0mq_GtoI = 0.805,-0.167,0.559,0.109 | p_IinG = 3.328,-5.487,-0.814 | dist = 57.83 (meters)
bg = -0.0026,0.0218,0.0773 | ba = -0.0441,0.1083,0.1275
[34m[TIME]: 0.0072 seconds total (139.7 hz, 0.50 ms behind)
[0mq_GtoI = 0.805,-0.166,0.559,0.111 | p_IinG = 3.318,-5.482,-0.805 | dist = 57.85 (meters)
bg = -0.0026,0.0218,0.0773 | ba = -0.0447,0.1088,0.1274
[34m[TIME]: 0.0047 seconds total (215.0 hz, 0.50 ms behind)
[0mq_GtoI = 0.804,-0.166,0.561,0.111 | p_IinG = 3.308,-5.478,-0.796 | dist = 57.86 (meters)
bg = -0.0027,0.0218,0.0773 | ba = -0.0453,0.1094,0.1272
[34m[TIME]: 0.0046 seconds total (217.3 hz, 0.50 ms behind)
[0mq_GtoI = 0.803,-0.167,0.561,0.111 | p_IinG = 3.299,-5.473,-0.789 | dist = 57.88 (meters)
bg = -0.0027,0.0218,0.0773 | ba = -0.0464,0.1102,0.1273
[34m[TIME]: 0.0045 seconds total (222.2 hz, 0.50 ms behind)
[0mq_GtoI = 0.804,-0.167,0.561,0.111 | p_IinG = 3.290,-5.468,-0.783 | dist = 57.89 (meters)
bg = -0.0027,0.0218,0.0773 | ba = -0.0477,0.1108,0.1271
[34m[TIME]: 0.0046 seconds total (218.4 hz, 0.50 ms behind)
[0mq_GtoI = 0.803,-0.167,0.561,0.111 | p_IinG = 3.281,-5.463,-0.779 | dist = 57.90 (meters)
bg = -0.0027,0.0218,0.0773 | ba = -0.0486,0.1115,0.1268
[34m[TIME]: 0.0046 seconds total (219.4 hz, 0.50 ms behind)
[0mq_GtoI = 0.804,-0.167,0.560,0.110 | p_IinG = 3.273,-5.458,-0.776 | dist = 57.91 (meters)
bg = -0.0027,0.0218,0.0773 | ba = -0.0495,0.1121,0.1266
[34m[TIME]: 0.0046 seconds total (216.1 hz, 0.50 ms behind)
[0mq_GtoI = 0.804,-0.168,0.560,0.108 | p_IinG = 3.265,-5.453,-0.775 | dist = 57.92 (meters)
bg = -0.0027,0.0218,0.0773 | ba = -0.0501,0.1127,0.1263
[34m[TIME]: 0.0085 seconds total (117.8 hz, 0.50 ms behind)
[0mq_GtoI = 0.804,-0.168,0.560,0.107 | p_IinG = 3.257,-5.449,-0.774 | dist = 57.93 (meters)
bg = -0.0027,0.0218,0.0773 | ba = -0.0505,0.1134,0.1260
[34m[TIME]: 0.0082 seconds total (121.8 hz, 0.50 ms behind)
[0mq_GtoI = 0.804,-0.168,0.561,0.106 | p_IinG = 3.250,-5.445,-0.775 | dist = 57.94 (meters)
bg = -0.0027,0.0217,0.0773 | ba = -0.0506,0.1142,0.1256
[34m[TIME]: 0.0048 seconds total (209.3 hz, 0.50 ms behind)
[0mq_GtoI = 0.804,-0.167,0.561,0.107 | p_IinG = 3.244,-5.441,-0.777 | dist = 57.94 (meters)
bg = -0.0027,0.0217,0.0773 | ba = -0.0503,0.1148,0.1251
[34m[TIME]: 0.0045 seconds total (224.1 hz, 0.50 ms behind)
[0mq_GtoI = 0.804,-0.166,0.561,0.107 | p_IinG = 3.238,-5.437,-0.780 | dist = 57.95 (meters)
bg = -0.0027,0.0217,0.0773 | ba = -0.0498,0.1155,0.1247
[34m[TIME]: 0.0045 seconds total (224.1 hz, 0.50 ms behind)
[0mq_GtoI = 0.803,-0.165,0.563,0.108 | p_IinG = 3.232,-5.433,-0.785 | dist = 57.96 (meters)
bg = -0.0026,0.0217,0.0773 | ba = -0.0481,0.1168,0.1245
[34m[TIME]: 0.0084 seconds total (119.6 hz, 0.50 ms behind)
[0mq_GtoI = 0.802,-0.164,0.564,0.108 | p_IinG = 3.227,-5.430,-0.790 | dist = 57.97 (meters)
bg = -0.0026,0.0217,0.0773 | ba = -0.0478,0.1175,0.1241
[34m[TIME]: 0.0046 seconds total (216.5 hz, 0.50 ms behind)
[0mq_GtoI = 0.802,-0.163,0.564,0.109 | p_IinG = 3.221,-5.426,-0.796 | dist = 57.98 (meters)
bg = -0.0026,0.0217,0.0773 | ba = -0.0476,0.1182,0.1239
[34m[TIME]: 0.0045 seconds total (223.2 hz, 0.50 ms behind)
[0mq_GtoI = 0.802,-0.162,0.564,0.108 | p_IinG = 3.216,-5.422,-0.800 | dist = 57.99 (meters)
bg = -0.0026,0.0217,0.0773 | ba = -0.0473,0.1188,0.1237
[34m[TIME]: 0.0045 seconds total (223.7 hz, 0.50 ms behind)
[0mq_GtoI = 0.802,-0.161,0.565,0.109 | p_IinG = 3.211,-5.419,-0.803 | dist = 57.99 (meters)
bg = -0.0026,0.0217,0.0773 | ba = -0.0470,0.1196,0.1236
[34m[TIME]: 0.0068 seconds total (146.2 hz, 0.50 ms behind)
[0mq_GtoI = 0.802,-0.160,0.566,0.108 | p_IinG = 3.207,-5.415,-0.804 | dist = 58.00 (meters)
bg = -0.0026,0.0217,0.0773 | ba = -0.0465,0.1202,0.1236
[34m[TIME]: 0.0045 seconds total (223.4 hz, 0.50 ms behind)
[0mq_GtoI = 0.801,-0.160,0.567,0.107 | p_IinG = 3.203,-5.411,-0.803 | dist = 58.00 (meters)
bg = -0.0026,0.0217,0.0773 | ba = -0.0453,0.1206,0.1237
[34m[TIME]: 0.0046 seconds total (215.9 hz, 0.50 ms behind)
[0mq_GtoI = 0.801,-0.161,0.567,0.105 | p_IinG = 3.200,-5.407,-0.800 | dist = 58.01 (meters)
bg = -0.0026,0.0217,0.0773 | ba = -0.0434,0.1209,0.1242
[34m[TIME]: 0.0045 seconds total (221.0 hz, 0.50 ms behind)
[0mq_GtoI = 0.799,-0.164,0.570,0.099 | p_IinG = 3.197,-5.404,-0.796 | dist = 58.02 (meters)
bg = -0.0026,0.0217,0.0773 | ba = -0.0416,0.1208,0.1246
[34m[TIME]: 0.0083 seconds total (120.1 hz, 0.50 ms behind)
[0mq_GtoI = 0.798,-0.169,0.571,0.091 | p_IinG = 3.193,-5.400,-0.790 | dist = 58.02 (meters)
bg = -0.0026,0.0217,0.0773 | ba = -0.0398,0.1206,0.1254
[34m[TIME]: 0.0091 seconds total (110.2 hz, 0.50 ms behind)
[0mq_GtoI = 0.796,-0.172,0.575,0.085 | p_IinG = 3.189,-5.397,-0.783 | dist = 58.03 (meters)
bg = -0.0026,0.0217,0.0773 | ba = -0.0374,0.1202,0.1265
[34m[TIME]: 0.0048 seconds total (210.2 hz, 0.50 ms behind)
[0mq_GtoI = 0.796,-0.172,0.575,0.084 | p_IinG = 3.183,-5.396,-0.775 | dist = 58.04 (meters)
bg = -0.0026,0.0217,0.0773 | ba = -0.0348,0.1199,0.1280
[34m[TIME]: 0.0044 seconds total (226.8 hz, 0.50 ms behind)
[0mq_GtoI = 0.795,-0.170,0.575,0.087 | p_IinG = 3.172,-5.395,-0.766 | dist = 58.06 (meters)
bg = -0.0026,0.0217,0.0773 | ba = -0.0271,0.1170,0.1332
[34m[TIME]: 0.0063 seconds total (158.6 hz, 0.50 ms behind)
[0mq_GtoI = 0.796,-0.166,0.575,0.092 | p_IinG = 3.165,-5.395,-0.754 | dist = 58.07 (meters)
bg = -0.0026,0.0216,0.0773 | ba = -0.0252,0.1172,0.1351
[34m[TIME]: 0.0065 seconds total (154.7 hz, 0.50 ms behind)
[0mq_GtoI = 0.797,-0.161,0.575,0.095 | p_IinG = 3.157,-5.396,-0.739 | dist = 58.09 (meters)
bg = -0.0026,0.0216,0.0773 | ba = -0.0229,0.1175,0.1373
[34m[TIME]: 0.0045 seconds total (220.0 hz, 0.50 ms behind)
[0mq_GtoI = 0.798,-0.157,0.574,0.098 | p_IinG = 3.147,-5.396,-0.724 | dist = 58.11 (meters)
bg = -0.0026,0.0216,0.0773 | ba = -0.0204,0.1178,0.1398
[34m[TIME]: 0.0084 seconds total (118.4 hz, 0.50 ms behind)
[0mq_GtoI = 0.798,-0.153,0.574,0.099 | p_IinG = 3.136,-5.397,-0.708 | dist = 58.13 (meters)
bg = -0.0026,0.0216,0.0773 | ba = -0.0184,0.1181,0.1424
[34m[TIME]: 0.0047 seconds total (210.9 hz, 0.50 ms behind)
[0mq_GtoI = 0.798,-0.151,0.574,0.099 | p_IinG = 3.126,-5.397,-0.690 | dist = 58.15 (meters)
bg = -0.0026,0.0216,0.0773 | ba = -0.0166,0.1184,0.1451
[34m[TIME]: 0.0050 seconds total (200.0 hz, 0.50 ms behind)
[0mq_GtoI = 0.799,-0.149,0.574,0.101 | p_IinG = 3.115,-5.398,-0.671 | dist = 58.17 (meters)
bg = -0.0026,0.0216,0.0773 | ba = -0.0146,0.1186,0.1480
[34m[TIME]: 0.0046 seconds total (217.5 hz, 0.50 ms behind)
[0mq_GtoI = 0.799,-0.147,0.574,0.102 | p_IinG = 3.103,-5.398,-0.654 | dist = 58.19 (meters)
bg = -0.0026,0.0216,0.0773 | ba = -0.0131,0.1187,0.1509
[34m[TIME]: 0.0045 seconds total (222.5 hz, 0.50 ms behind)
[0mq_GtoI = 0.800,-0.144,0.573,0.104 | p_IinG = 3.090,-5.398,-0.638 | dist = 58.21 (meters)
bg = -0.0026,0.0216,0.0773 | ba = -0.0121,0.1191,0.1539
[34m[TIME]: 0.0044 seconds total (225.5 hz, 0.50 ms behind)
[0mq_GtoI = 0.801,-0.142,0.572,0.105 | p_IinG = 3.078,-5.397,-0.624 | dist = 58.22 (meters)
bg = -0.0026,0.0216,0.0773 | ba = -0.0114,0.1202,0.1568
[34m[TIME]: 0.0056 seconds total (177.5 hz, 0.50 ms behind)
[0mq_GtoI = 0.802,-0.140,0.571,0.107 | p_IinG = 3.065,-5.396,-0.611 | dist = 58.24 (meters)
bg = -0.0026,0.0216,0.0773 | ba = -0.0114,0.1202,0.1596
[34m[TIME]: 0.0045 seconds total (222.4 hz, 0.50 ms behind)
[0mq_GtoI = 0.802,-0.138,0.570,0.110 | p_IinG = 3.052,-5.395,-0.599 | dist = 58.26 (meters)
bg = -0.0026,0.0216,0.0773 | ba = -0.0118,0.1204,0.1623
[34m[TIME]: 0.0045 seconds total (223.0 hz, 0.50 ms behind)
[0mq_GtoI = 0.803,-0.138,0.569,0.110 | p_IinG = 3.038,-5.393,-0.588 | dist = 58.27 (meters)
bg = -0.0026,0.0215,0.0773 | ba = -0.0128,0.1191,0.1654
[34m[TIME]: 0.0071 seconds total (141.4 hz, 0.50 ms behind)
[0mq_GtoI = 0.804,-0.137,0.569,0.111 | p_IinG = 3.025,-5.389,-0.578 | dist = 58.29 (meters)
bg = -0.0026,0.0215,0.0773 | ba = -0.0133,0.1192,0.1678
[34m[TIME]: 0.0091 seconds total (110.4 hz, 0.50 ms behind)
[0mq_GtoI = 0.804,-0.136,0.569,0.112 | p_IinG = 3.012,-5.385,-0.568 | dist = 58.30 (meters)
bg = -0.0026,0.0215,0.0773 | ba = -0.0138,0.1194,0.1697
[34m[TIME]: 0.0047 seconds total (212.3 hz, 0.50 ms behind)
[0mq_GtoI = 0.802,-0.137,0.570,0.110 | p_IinG = 2.999,-5.380,-0.558 | dist = 58.32 (meters)
bg = -0.0026,0.0215,0.0773 | ba = -0.0144,0.1194,0.1715
[34m[TIME]: 0.0046 seconds total (216.6 hz, 0.50 ms behind)
[0mq_GtoI = 0.801,-0.139,0.572,0.107 | p_IinG = 2.986,-5.374,-0.547 | dist = 58.34 (meters)
bg = -0.0026,0.0215,0.0773 | ba = -0.0152,0.1193,0.1729
[34m[TIME]: 0.0088 seconds total (114.0 hz, 0.50 ms behind)
[0mq_GtoI = 0.800,-0.140,0.573,0.106 | p_IinG = 2.973,-5.367,-0.534 | dist = 58.36 (meters)
bg = -0.0026,0.0215,0.0773 | ba = -0.0160,0.1192,0.1741
[34m[TIME]: 0.0051 seconds total (197.8 hz, 0.50 ms behind)
[0mq_GtoI = 0.800,-0.141,0.574,0.105 | p_IinG = 2.960,-5.360,-0.520 | dist = 58.38 (meters)
bg = -0.0026,0.0215,0.0773 | ba = -0.0172,0.1188,0.1751
[34m[TIME]: 0.0046 seconds total (216.1 hz, 0.50 ms behind)
[0mq_GtoI = 0.801,-0.141,0.572,0.105 | p_IinG = 2.947,-5.353,-0.504 | dist = 58.40 (meters)
bg = -0.0026,0.0215,0.0773 | ba = -0.0184,0.1184,0.1762
[34m[TIME]: 0.0045 seconds total (224.6 hz, 0.50 ms behind)
[0mq_GtoI = 0.801,-0.141,0.572,0.106 | p_IinG = 2.934,-5.345,-0.486 | dist = 58.42 (meters)
bg = -0.0026,0.0215,0.0773 | ba = -0.0192,0.1182,0.1772
[34m[TIME]: 0.0044 seconds total (227.5 hz, 0.50 ms behind)
[0mq_GtoI = 0.802,-0.140,0.571,0.107 | p_IinG = 2.922,-5.336,-0.467 | dist = 58.44 (meters)
bg = -0.0026,0.0215,0.0773 | ba = -0.0198,0.1181,0.1780
[34m[TIME]: 0.0051 seconds total (197.9 hz, 0.50 ms behind)
[0mq_GtoI = 0.803,-0.137,0.570,0.111 | p_IinG = 2.908,-5.328,-0.446 | dist = 58.47 (meters)
bg = -0.0026,0.0215,0.0773 | ba = -0.0203,0.1175,0.1789
[34m[TIME]: 0.0044 seconds total (227.0 hz, 0.50 ms behind)
[0mq_GtoI = 0.803,-0.134,0.569,0.115 | p_IinG = 2.894,-5.318,-0.425 | dist = 58.50 (meters)
bg = -0.0026,0.0215,0.0773 | ba = -0.0209,0.1171,0.1797
[34m[TIME]: 0.0044 seconds total (226.9 hz, 0.50 ms behind)
[0mq_GtoI = 0.803,-0.134,0.569,0.116 | p_IinG = 2.881,-5.307,-0.404 | dist = 58.52 (meters)
bg = -0.0026,0.0215,0.0773 | ba = -0.0220,0.1170,0.1800
[34m[TIME]: 0.0063 seconds total (158.7 hz, 0.50 ms behind)
[0mq_GtoI = 0.803,-0.135,0.569,0.115 | p_IinG = 2.867,-5.294,-0.386 | dist = 58.55 (meters)
bg = -0.0026,0.0215,0.0773 | ba = -0.0220,0.1168,0.1805
[34m[TIME]: 0.0064 seconds total (155.7 hz, 0.50 ms behind)
[0mq_GtoI = 0.803,-0.136,0.569,0.114 | p_IinG = 2.854,-5.282,-0.370 | dist = 58.57 (meters)
bg = -0.0026,0.0215,0.0773 | ba = -0.0222,0.1167,0.1809
[34m[TIME]: 0.0046 seconds total (218.8 hz, 0.50 ms behind)
[0mq_GtoI = 0.802,-0.138,0.570,0.111 | p_IinG = 2.840,-5.268,-0.355 | dist = 58.60 (meters)
bg = -0.0026,0.0215,0.0773 | ba = -0.0221,0.1165,0.1810
[34m[TIME]: 0.0080 seconds total (124.3 hz, 0.50 ms behind)
[0mq_GtoI = 0.801,-0.139,0.572,0.110 | p_IinG = 2.827,-5.253,-0.342 | dist = 58.62 (meters)
bg = -0.0026,0.0215,0.0773 | ba = -0.0219,0.1164,0.1811
[34m[TIME]: 0.0046 seconds total (215.7 hz, 0.50 ms behind)
[0mq_GtoI = 0.800,-0.140,0.573,0.108 | p_IinG = 2.814,-5.238,-0.330 | dist = 58.64 (meters)
bg = -0.0026,0.0215,0.0773 | ba = -0.0218,0.1162,0.1812
[34m[TIME]: 0.0044 seconds total (227.0 hz, 0.50 ms behind)
[0mq_GtoI = 0.800,-0.141,0.573,0.108 | p_IinG = 2.800,-5.222,-0.319 | dist = 58.67 (meters)
bg = -0.0026,0.0215,0.0773 | ba = -0.0215,0.1163,0.1812
[34m[TIME]: 0.0087 seconds total (115.0 hz, 0.50 ms behind)
[0mq_GtoI = 0.800,-0.142,0.573,0.106 | p_IinG = 2.786,-5.206,-0.311 | dist = 58.69 (meters)
bg = -0.0026,0.0215,0.0773 | ba = -0.0208,0.1167,0.1810
[34m[TIME]: 0.0076 seconds total (132.1 hz, 0.50 ms behind)
[0mq_GtoI = 0.800,-0.142,0.573,0.107 | p_IinG = 2.772,-5.189,-0.304 | dist = 58.71 (meters)
bg = -0.0026,0.0215,0.0773 | ba = -0.0200,0.1171,0.1808
[34m[TIME]: 0.0045 seconds total (220.6 hz, 0.50 ms behind)
[0mq_GtoI = 0.800,-0.145,0.573,0.103 | p_IinG = 2.758,-5.172,-0.298 | dist = 58.74 (meters)
bg = -0.0026,0.0215,0.0772 | ba = -0.0190,0.1174,0.1804
[34m[TIME]: 0.0049 seconds total (202.7 hz, 0.50 ms behind)
[0mq_GtoI = 0.799,-0.148,0.574,0.098 | p_IinG = 2.745,-5.154,-0.295 | dist = 58.76 (meters)
bg = -0.0026,0.0215,0.0772 | ba = -0.0183,0.1178,0.1798
[34m[TIME]: 0.0079 seconds total (127.4 hz, 0.50 ms behind)
[0mq_GtoI = 0.799,-0.153,0.575,0.092 | p_IinG = 2.730,-5.136,-0.293 | dist = 58.78 (meters)
bg = -0.0025,0.0215,0.0772 | ba = -0.0175,0.1180,0.1794
[34m[TIME]: 0.0046 seconds total (218.1 hz, 0.50 ms behind)
[0mq_GtoI = 0.799,-0.155,0.575,0.088 | p_IinG = 2.717,-5.118,-0.291 | dist = 58.81 (meters)
bg = -0.0025,0.0215,0.0772 | ba = -0.0183,0.1195,0.1772
[34m[TIME]: 0.0066 seconds total (150.9 hz, 0.50 ms behind)
[0mq_GtoI = 0.798,-0.155,0.576,0.086 | p_IinG = 2.702,-5.102,-0.290 | dist = 58.83 (meters)
bg = -0.0025,0.0215,0.0772 | ba = -0.0182,0.1196,0.1760
[34m[TIME]: 0.0048 seconds total (209.9 hz, 0.50 ms behind)
[0mq_GtoI = 0.800,-0.150,0.575,0.087 | p_IinG = 2.687,-5.086,-0.289 | dist = 58.85 (meters)
bg = -0.0025,0.0215,0.0772 | ba = -0.0184,0.1198,0.1749
[34m[TIME]: 0.0045 seconds total (224.2 hz, 0.50 ms behind)
[0mq_GtoI = 0.801,-0.143,0.575,0.088 | p_IinG = 2.672,-5.070,-0.287 | dist = 58.88 (meters)
bg = -0.0025,0.0215,0.0772 | ba = -0.0185,0.1201,0.1737
[34m[TIME]: 0.0044 seconds total (226.2 hz, 0.50 ms behind)
[0mq_GtoI = 0.802,-0.135,0.575,0.088 | p_IinG = 2.656,-5.054,-0.283 | dist = 58.90 (meters)
bg = -0.0025,0.0215,0.0772 | ba = -0.0186,0.1209,0.1723
[34m[TIME]: 0.0045 seconds total (221.0 hz, 0.50 ms behind)
[0mq_GtoI = 0.804,-0.126,0.575,0.088 | p_IinG = 2.641,-5.038,-0.278 | dist = 58.92 (meters)
bg = -0.0025,0.0215,0.0772 | ba = -0.0188,0.1217,0.1709
[34m[TIME]: 0.0043 seconds total (231.9 hz, 0.50 ms behind)
[0mq_GtoI = 0.805,-0.119,0.575,0.086 | p_IinG = 2.625,-5.022,-0.271 | dist = 58.95 (meters)
bg = -0.0025,0.0215,0.0772 | ba = -0.0189,0.1228,0.1694
[34m[TIME]: 0.0044 seconds total (229.1 hz, 0.50 ms behind)
[0mq_GtoI = 0.805,-0.111,0.577,0.084 | p_IinG = 2.610,-5.006,-0.262 | dist = 58.97 (meters)
bg = -0.0025,0.0215,0.0772 | ba = -0.0194,0.1239,0.1677
[34m[TIME]: 0.0045 seconds total (223.8 hz, 0.50 ms behind)
[0mq_GtoI = 0.805,-0.106,0.578,0.081 | p_IinG = 2.594,-4.989,-0.255 | dist = 59.00 (meters)
bg = -0.0025,0.0215,0.0772 | ba = -0.0192,0.1252,0.1655
[34m[TIME]: 0.0047 seconds total (213.4 hz, 0.50 ms behind)
[0mq_GtoI = 0.805,-0.101,0.579,0.079 | p_IinG = 2.579,-4.972,-0.249 | dist = 59.03 (meters)
bg = -0.0025,0.0215,0.0772 | ba = -0.0190,0.1263,0.1634
[34m[TIME]: 0.0050 seconds total (200.5 hz, 0.50 ms behind)
[0mq_GtoI = 0.805,-0.096,0.581,0.077 | p_IinG = 2.563,-4.955,-0.244 | dist = 59.05 (meters)
bg = -0.0025,0.0215,0.0772 | ba = -0.0188,0.1274,0.1613
[34m[TIME]: 0.0044 seconds total (225.5 hz, 0.50 ms behind)
[0mq_GtoI = 0.804,-0.093,0.582,0.075 | p_IinG = 2.546,-4.937,-0.241 | dist = 59.08 (meters)
bg = -0.0025,0.0215,0.0772 | ba = -0.0188,0.1284,0.1595
[34m[TIME]: 0.0080 seconds total (125.1 hz, 0.50 ms behind)
[0mq_GtoI = 0.805,-0.090,0.582,0.074 | p_IinG = 2.529,-4.919,-0.238 | dist = 59.10 (meters)
bg = -0.0024,0.0215,0.0772 | ba = -0.0189,0.1295,0.1573
[34m[TIME]: 0.0089 seconds total (112.7 hz, 0.50 ms behind)
[0mq_GtoI = 0.806,-0.088,0.580,0.071 | p_IinG = 2.512,-4.901,-0.238 | dist = 59.13 (meters)
bg = -0.0024,0.0215,0.0772 | ba = -0.0190,0.1302,0.1554
[34m[TIME]: 0.0048 seconds total (210.2 hz, 0.50 ms behind)
[0mq_GtoI = 0.807,-0.088,0.580,0.068 | p_IinG = 2.495,-4.882,-0.238 | dist = 59.16 (meters)
bg = -0.0024,0.0215,0.0772 | ba = -0.0185,0.1305,0.1533
[34m[TIME]: 0.0044 seconds total (227.4 hz, 0.50 ms behind)
[0mq_GtoI = 0.807,-0.087,0.580,0.068 | p_IinG = 2.477,-4.863,-0.240 | dist = 59.19 (meters)
bg = -0.0024,0.0215,0.0772 | ba = -0.0184,0.1308,0.1513
[34m[TIME]: 0.0042 seconds total (239.5 hz, 0.50 ms behind)
[0mq_GtoI = 0.807,-0.086,0.580,0.066 | p_IinG = 2.459,-4.844,-0.242 | dist = 59.21 (meters)
bg = -0.0024,0.0215,0.0772 | ba = -0.0177,0.1309,0.1497
[34m[TIME]: 0.0079 seconds total (127.0 hz, 0.50 ms behind)
[0mq_GtoI = 0.807,-0.086,0.581,0.066 | p_IinG = 2.440,-4.825,-0.244 | dist = 59.24 (meters)
bg = -0.0024,0.0215,0.0772 | ba = -0.0172,0.1308,0.1480
[34m[TIME]: 0.0043 seconds total (231.6 hz, 0.50 ms behind)
[0mq_GtoI = 0.807,-0.085,0.581,0.066 | p_IinG = 2.421,-4.806,-0.245 | dist = 59.27 (meters)
bg = -0.0024,0.0215,0.0772 | ba = -0.0165,0.1301,0.1457
[34m[TIME]: 0.0086 seconds total (115.7 hz, 0.50 ms behind)
[0mq_GtoI = 0.807,-0.085,0.581,0.065 | p_IinG = 2.401,-4.786,-0.244 | dist = 59.30 (meters)
bg = -0.0024,0.0215,0.0772 | ba = -0.0160,0.1301,0.1442
[34m[TIME]: 0.0044 seconds total (229.7 hz, 0.50 ms behind)
[0mq_GtoI = 0.807,-0.085,0.581,0.064 | p_IinG = 2.381,-4.766,-0.242 | dist = 59.33 (meters)
bg = -0.0024,0.0215,0.0772 | ba = -0.0158,0.1300,0.1425
[34m[TIME]: 0.0040 seconds total (251.2 hz, 0.50 ms behind)
[0mq_GtoI = 0.808,-0.085,0.580,0.064 | p_IinG = 2.361,-4.745,-0.237 | dist = 59.36 (meters)
bg = -0.0024,0.0215,0.0772 | ba = -0.0156,0.1301,0.1407
[34m[TIME]: 0.0087 seconds total (115.4 hz, 0.50 ms behind)
[0mq_GtoI = 0.808,-0.085,0.579,0.064 | p_IinG = 2.340,-4.725,-0.231 | dist = 59.40 (meters)
bg = -0.0024,0.0215,0.0772 | ba = -0.0152,0.1305,0.1388
[34m[TIME]: 0.0043 seconds total (234.6 hz, 0.50 ms behind)
[0mq_GtoI = 0.808,-0.086,0.580,0.063 | p_IinG = 2.320,-4.704,-0.224 | dist = 59.43 (meters)
bg = -0.0024,0.0215,0.0772 | ba = -0.0152,0.1307,0.1368
[34m[TIME]: 0.0040 seconds total (251.3 hz, 0.50 ms behind)
[0mq_GtoI = 0.809,-0.086,0.578,0.063 | p_IinG = 2.298,-4.682,-0.217 | dist = 59.46 (meters)
bg = -0.0024,0.0215,0.0772 | ba = -0.0154,0.1312,0.1356
[34m[TIME]: 0.0063 seconds total (159.8 hz, 0.50 ms behind)
[0mq_GtoI = 0.810,-0.087,0.576,0.063 | p_IinG = 2.278,-4.662,-0.210 | dist = 59.49 (meters)
bg = -0.0023,0.0215,0.0772 | ba = -0.0161,0.1312,0.1338
[34m[TIME]: 0.0086 seconds total (115.8 hz, 0.50 ms behind)
[0mq_GtoI = 0.812,-0.087,0.574,0.064 | p_IinG = 2.256,-4.641,-0.205 | dist = 59.52 (meters)
bg = -0.0023,0.0215,0.0772 | ba = -0.0168,0.1313,0.1327
[34m[TIME]: 0.0083 seconds total (120.2 hz, 0.50 ms behind)
[0mq_GtoI = 0.813,-0.089,0.573,0.062 | p_IinG = 2.235,-4.619,-0.201 | dist = 59.56 (meters)
bg = -0.0023,0.0215,0.0772 | ba = -0.0175,0.1316,0.1313
[34m[TIME]: 0.0046 seconds total (218.8 hz, 0.50 ms behind)
[0mq_GtoI = 0.814,-0.089,0.571,0.063 | p_IinG = 2.214,-4.598,-0.198 | dist = 59.59 (meters)
bg = -0.0023,0.0215,0.0772 | ba = -0.0182,0.1316,0.1299
[34m[TIME]: 0.0043 seconds total (234.1 hz, 0.50 ms behind)
[0mq_GtoI = 0.814,-0.089,0.570,0.062 | p_IinG = 2.193,-4.577,-0.196 | dist = 59.62 (meters)
bg = -0.0023,0.0215,0.0772 | ba = -0.0193,0.1315,0.1288
[34m[TIME]: 0.0041 seconds total (242.5 hz, 0.50 ms behind)
[0mq_GtoI = 0.815,-0.089,0.569,0.062 | p_IinG = 2.175,-4.556,-0.198 | dist = 59.65 (meters)
bg = -0.0023,0.0215,0.0772 | ba = -0.0175,0.1306,0.1258
[34m[TIME]: 0.0049 seconds total (203.4 hz, 0.50 ms behind)
[0mq_GtoI = 0.815,-0.089,0.569,0.061 | p_IinG = 2.155,-4.535,-0.198 | dist = 59.68 (meters)
bg = -0.0023,0.0215,0.0772 | ba = -0.0180,0.1302,0.1250
[34m[TIME]: 0.0041 seconds total (245.2 hz, 0.50 ms behind)
[0mq_GtoI = 0.815,-0.090,0.569,0.060 | p_IinG = 2.135,-4.513,-0.199 | dist = 59.71 (meters)
bg = -0.0023,0.0215,0.0772 | ba = -0.0182,0.1300,0.1240
[34m[TIME]: 0.0041 seconds total (245.9 hz, 0.50 ms behind)
[0mq_GtoI = 0.816,-0.089,0.568,0.061 | p_IinG = 2.116,-4.492,-0.202 | dist = 59.74 (meters)
bg = -0.0023,0.0215,0.0772 | ba = -0.0186,0.1298,0.1231
[34m[TIME]: 0.0047 seconds total (211.4 hz, 0.50 ms behind)
[0mq_GtoI = 0.816,-0.089,0.568,0.061 | p_IinG = 2.097,-4.471,-0.205 | dist = 59.77 (meters)
bg = -0.0023,0.0215,0.0771 | ba = -0.0190,0.1295,0.1221
[34m[TIME]: 0.0041 seconds total (246.0 hz, 0.50 ms behind)
[0mq_GtoI = 0.816,-0.090,0.569,0.059 | p_IinG = 2.078,-4.450,-0.209 | dist = 59.80 (meters)
bg = -0.0023,0.0215,0.0771 | ba = -0.0196,0.1292,0.1213
[34m[TIME]: 0.0074 seconds total (134.6 hz, 0.50 ms behind)
[0mq_GtoI = 0.816,-0.090,0.568,0.059 | p_IinG = 2.059,-4.430,-0.213 | dist = 59.83 (meters)
bg = -0.0023,0.0215,0.0771 | ba = -0.0204,0.1289,0.1210
[34m[TIME]: 0.0052 seconds total (191.4 hz, 0.50 ms behind)
[0mq_GtoI = 0.817,-0.089,0.567,0.059 | p_IinG = 2.041,-4.409,-0.218 | dist = 59.86 (meters)
bg = -0.0023,0.0215,0.0771 | ba = -0.0216,0.1289,0.1205
[34m[TIME]: 0.0040 seconds total (247.1 hz, 0.50 ms behind)
[0mq_GtoI = 0.819,-0.090,0.564,0.058 | p_IinG = 2.023,-4.389,-0.222 | dist = 59.88 (meters)
bg = -0.0023,0.0215,0.0771 | ba = -0.0232,0.1288,0.1208
[34m[TIME]: 0.0044 seconds total (227.1 hz, 0.50 ms behind)
[0mq_GtoI = 0.821,-0.089,0.561,0.059 | p_IinG = 2.005,-4.369,-0.223 | dist = 59.91 (meters)
bg = -0.0023,0.0215,0.0771 | ba = -0.0243,0.1289,0.1207
[34m[TIME]: 0.0040 seconds total (251.8 hz, 0.50 ms behind)
[0mq_GtoI = 0.823,-0.090,0.558,0.058 | p_IinG = 1.990,-4.350,-0.223 | dist = 59.94 (meters)
bg = -0.0022,0.0215,0.0771 | ba = -0.0255,0.1287,0.1200
[34m[TIME]: 0.0044 seconds total (224.8 hz, 0.50 ms behind)
[0mq_GtoI = 0.825,-0.090,0.555,0.057 | p_IinG = 1.976,-4.331,-0.221 | dist = 59.96 (meters)
bg = -0.0022,0.0215,0.0771 | ba = -0.0257,0.1288,0.1198
[34m[TIME]: 0.0041 seconds total (243.0 hz, 0.50 ms behind)
[0mq_GtoI = 0.826,-0.091,0.554,0.056 | p_IinG = 1.964,-4.313,-0.217 | dist = 59.99 (meters)
bg = -0.0022,0.0215,0.0771 | ba = -0.0259,0.1287,0.1196
[34m[TIME]: 0.0050 seconds total (201.7 hz, 0.50 ms behind)
[0mq_GtoI = 0.826,-0.091,0.553,0.056 | p_IinG = 1.954,-4.295,-0.211 | dist = 60.01 (meters)
bg = -0.0022,0.0215,0.0771 | ba = -0.0241,0.1286,0.1189
[34m[TIME]: 0.0078 seconds total (128.0 hz, 0.50 ms behind)
[0mq_GtoI = 0.827,-0.090,0.552,0.056 | p_IinG = 1.945,-4.276,-0.203 | dist = 60.03 (meters)
bg = -0.0022,0.0215,0.0771 | ba = -0.0214,0.1285,0.1181
[34m[TIME]: 0.0045 seconds total (222.0 hz, 0.50 ms behind)
[0mq_GtoI = 0.827,-0.090,0.552,0.056 | p_IinG = 1.936,-4.259,-0.193 | dist = 60.05 (meters)
bg = -0.0022,0.0215,0.0771 | ba = -0.0195,0.1283,0.1181
[34m[TIME]: 0.0044 seconds total (229.6 hz, 0.50 ms behind)
[0mq_GtoI = 0.827,-0.091,0.551,0.054 | p_IinG = 1.928,-4.241,-0.181 | dist = 60.08 (meters)
bg = -0.0022,0.0215,0.0771 | ba = -0.0178,0.1282,0.1185
[34m[TIME]: 0.0064 seconds total (155.2 hz, 0.50 ms behind)
[0mq_GtoI = 0.828,-0.094,0.551,0.051 | p_IinG = 1.920,-4.224,-0.170 | dist = 60.10 (meters)
bg = -0.0022,0.0215,0.0771 | ba = -0.0160,0.1281,0.1188
[34m[TIME]: 0.0040 seconds total (247.2 hz, 0.50 ms behind)
[0mq_GtoI = 0.826,-0.097,0.553,0.047 | p_IinG = 1.913,-4.207,-0.161 | dist = 60.12 (meters)
bg = -0.0022,0.0215,0.0771 | ba = -0.0139,0.1279,0.1192
[34m[TIME]: 0.0044 seconds total (229.1 hz, 0.50 ms behind)
[0mq_GtoI = 0.825,-0.101,0.554,0.043 | p_IinG = 1.907,-4.191,-0.152 | dist = 60.14 (meters)
bg = -0.0022,0.0215,0.0771 | ba = -0.0123,0.1277,0.1195
[34m[TIME]: 0.0042 seconds total (240.9 hz, 0.50 ms behind)
[0mq_GtoI = 0.822,-0.105,0.559,0.038 | p_IinG = 1.902,-4.176,-0.145 | dist = 60.15 (meters)
bg = -0.0022,0.0215,0.0771 | ba = -0.0103,0.1273,0.1196
[34m[TIME]: 0.0076 seconds total (131.4 hz, 0.50 ms behind)
[0mq_GtoI = 0.817,-0.107,0.565,0.036 | p_IinG = 1.898,-4.163,-0.138 | dist = 60.17 (meters)
bg = -0.0022,0.0215,0.0771 | ba = -0.0082,0.1269,0.1196
[34m[TIME]: 0.0043 seconds total (231.1 hz, 0.50 ms behind)
[0mq_GtoI = 0.814,-0.108,0.569,0.035 | p_IinG = 1.894,-4.151,-0.134 | dist = 60.18 (meters)
bg = -0.0022,0.0215,0.0770 | ba = -0.0062,0.1262,0.1196
[34m[TIME]: 0.0040 seconds total (249.6 hz, 0.50 ms behind)
[0mq_GtoI = 0.812,-0.107,0.572,0.037 | p_IinG = 1.891,-4.141,-0.130 | dist = 60.19 (meters)
bg = -0.0022,0.0215,0.0770 | ba = -0.0043,0.1256,0.1196
[34m[TIME]: 0.0040 seconds total (251.7 hz, 0.50 ms behind)
[0mq_GtoI = 0.810,-0.105,0.575,0.041 | p_IinG = 1.887,-4.133,-0.128 | dist = 60.20 (meters)
bg = -0.0022,0.0215,0.0770 | ba = -0.0027,0.1252,0.1195
[34m[TIME]: 0.0041 seconds total (245.9 hz, 0.50 ms behind)
[0mq_GtoI = 0.810,-0.102,0.576,0.046 | p_IinG = 1.883,-4.125,-0.127 | dist = 60.21 (meters)
bg = -0.0022,0.0215,0.0770 | ba = -0.0012,0.1249,0.1194
[34m[TIME]: 0.0040 seconds total (252.7 hz, 0.50 ms behind)
[0mq_GtoI = 0.810,-0.100,0.576,0.050 | p_IinG = 1.879,-4.119,-0.127 | dist = 60.22 (meters)
bg = -0.0022,0.0215,0.0770 | ba = -0.0001,0.1246,0.1193
[34m[TIME]: 0.0039 seconds total (257.6 hz, 0.50 ms behind)
[0mq_GtoI = 0.811,-0.097,0.575,0.054 | p_IinG = 1.875,-4.113,-0.128 | dist = 60.23 (meters)
bg = -0.0022,0.0215,0.0770 | ba = 0.0008,0.1243,0.1193
[34m[TIME]: 0.0070 seconds total (143.8 hz, 0.50 ms behind)
[0mq_GtoI = 0.810,-0.096,0.575,0.056 | p_IinG = 1.871,-4.107,-0.130 | dist = 60.23 (meters)
bg = -0.0022,0.0215,0.0770 | ba = 0.0011,0.1242,0.1193
[34m[TIME]: 0.0039 seconds total (258.5 hz, 0.50 ms behind)
[0mq_GtoI = 0.811,-0.097,0.575,0.055 | p_IinG = 1.866,-4.102,-0.133 | dist = 60.24 (meters)
bg = -0.0022,0.0215,0.0770 | ba = 0.0011,0.1242,0.1196
[34m[TIME]: 0.0039 seconds total (253.2 hz, 0.50 ms behind)
[0mq_GtoI = 0.811,-0.100,0.575,0.051 | p_IinG = 1.861,-4.097,-0.137 | dist = 60.25 (meters)
bg = -0.0022,0.0215,0.0770 | ba = 0.0009,0.1239,0.1200
[34m[TIME]: 0.0043 seconds total (234.4 hz, 0.50 ms behind)
[0mq_GtoI = 0.810,-0.102,0.575,0.048 | p_IinG = 1.855,-4.092,-0.141 | dist = 60.26 (meters)
bg = -0.0022,0.0215,0.0770 | ba = 0.0009,0.1238,0.1205
[34m[TIME]: 0.0041 seconds total (244.7 hz, 0.50 ms behind)
[0mq_GtoI = 0.810,-0.103,0.575,0.046 | p_IinG = 1.849,-4.088,-0.146 | dist = 60.27 (meters)
bg = -0.0022,0.0215,0.0770 | ba = 0.0012,0.1234,0.1214
[34m[TIME]: 0.0040 seconds total (251.8 hz, 0.50 ms behind)
[0mq_GtoI = 0.810,-0.103,0.575,0.047 | p_IinG = 1.843,-4.085,-0.153 | dist = 60.28 (meters)
bg = -0.0022,0.0215,0.0770 | ba = 0.0017,0.1235,0.1221
[34m[TIME]: 0.0071 seconds total (140.0 hz, 0.50 ms behind)
[0mq_GtoI = 0.811,-0.101,0.575,0.049 | p_IinG = 1.836,-4.083,-0.160 | dist = 60.29 (meters)
bg = -0.0022,0.0216,0.0770 | ba = 0.0021,0.1234,0.1230
[34m[TIME]: 0.0074 seconds total (134.8 hz, 0.50 ms behind)
[0mq_GtoI = 0.811,-0.100,0.575,0.051 | p_IinG = 1.829,-4.081,-0.168 | dist = 60.30 (meters)
bg = -0.0022,0.0216,0.0770 | ba = 0.0027,0.1237,0.1240
[34m[TIME]: 0.0072 seconds total (139.8 hz, 0.50 ms behind)
[0mq_GtoI = 0.811,-0.098,0.574,0.053 | p_IinG = 1.821,-4.080,-0.176 | dist = 60.31 (meters)
bg = -0.0022,0.0216,0.0770 | ba = 0.0025,0.1243,0.1253
[34m[TIME]: 0.0066 seconds total (150.6 hz, 0.50 ms behind)
[0mq_GtoI = 0.811,-0.097,0.574,0.054 | p_IinG = 1.814,-4.079,-0.186 | dist = 60.32 (meters)
bg = -0.0022,0.0216,0.0770 | ba = 0.0030,0.1244,0.1256
[34m[TIME]: 0.0037 seconds total (270.9 hz, 0.50 ms behind)
[0mq_GtoI = 0.811,-0.096,0.575,0.054 | p_IinG = 1.808,-4.079,-0.196 | dist = 60.33 (meters)
bg = -0.0022,0.0216,0.0770 | ba = 0.0035,0.1247,0.1257
[34m[TIME]: 0.0037 seconds total (272.3 hz, 0.50 ms behind)
[0mq_GtoI = 0.811,-0.096,0.575,0.055 | p_IinG = 1.801,-4.079,-0.208 | dist = 60.35 (meters)
bg = -0.0022,0.0216,0.0770 | ba = 0.0039,0.1249,0.1260
[34m[TIME]: 0.0040 seconds total (250.1 hz, 0.50 ms behind)
[0mq_GtoI = 0.810,-0.095,0.576,0.055 | p_IinG = 1.793,-4.078,-0.220 | dist = 60.36 (meters)
bg = -0.0022,0.0216,0.0770 | ba = 0.0042,0.1251,0.1264
[34m[TIME]: 0.0039 seconds total (257.5 hz, 0.50 ms behind)
[0mq_GtoI = 0.810,-0.095,0.576,0.055 | p_IinG = 1.786,-4.078,-0.234 | dist = 60.38 (meters)
bg = -0.0022,0.0216,0.0770 | ba = 0.0047,0.1257,0.1268
[34m[TIME]: 0.0040 seconds total (252.3 hz, 0.50 ms behind)
[0mq_GtoI = 0.810,-0.094,0.577,0.055 | p_IinG = 1.777,-4.078,-0.248 | dist = 60.39 (meters)
bg = -0.0022,0.0216,0.0770 | ba = 0.0054,0.1259,0.1280
[34m[TIME]: 0.0052 seconds total (193.9 hz, 0.50 ms behind)
[0mq_GtoI = 0.809,-0.094,0.578,0.056 | p_IinG = 1.768,-4.079,-0.262 | dist = 60.41 (meters)
bg = -0.0022,0.0216,0.0770 | ba = 0.0058,0.1264,0.1285
[34m[TIME]: 0.0040 seconds total (250.6 hz, 0.50 ms behind)
[0mq_GtoI = 0.809,-0.092,0.578,0.057 | p_IinG = 1.760,-4.080,-0.274 | dist = 60.42 (meters)
bg = -0.0022,0.0216,0.0770 | ba = 0.0057,0.1267,0.1287
[34m[TIME]: 0.0042 seconds total (240.4 hz, 0.50 ms behind)
[0mq_GtoI = 0.808,-0.092,0.579,0.056 | p_IinG = 1.750,-4.080,-0.285 | dist = 60.44 (meters)
bg = -0.0022,0.0216,0.0770 | ba = 0.0053,0.1266,0.1293
[34m[TIME]: 0.0039 seconds total (258.8 hz, 0.50 ms behind)
[0mq_GtoI = 0.808,-0.091,0.579,0.058 | p_IinG = 1.739,-4.081,-0.294 | dist = 60.45 (meters)
bg = -0.0022,0.0216,0.0770 | ba = 0.0045,0.1268,0.1297
[34m[TIME]: 0.0041 seconds total (243.7 hz, 0.50 ms behind)
[0mq_GtoI = 0.808,-0.088,0.579,0.062 | p_IinG = 1.728,-4.082,-0.300 | dist = 60.47 (meters)
bg = -0.0022,0.0216,0.0770 | ba = 0.0034,0.1269,0.1300
[34m[TIME]: 0.0041 seconds total (243.4 hz, 0.50 ms behind)
[0mq_GtoI = 0.807,-0.084,0.581,0.068 | p_IinG = 1.717,-4.082,-0.303 | dist = 60.48 (meters)
bg = -0.0022,0.0216,0.0770 | ba = 0.0022,0.1270,0.1300
[34m[TIME]: 0.0042 seconds total (241.0 hz, 0.50 ms behind)
[0mq_GtoI = 0.806,-0.078,0.582,0.075 | p_IinG = 1.705,-4.082,-0.304 | dist = 60.49 (meters)
bg = -0.0022,0.0216,0.0770 | ba = 0.0007,0.1273,0.1298
[34m[TIME]: 0.0040 seconds total (248.9 hz, 0.50 ms behind)
[0mq_GtoI = 0.804,-0.074,0.584,0.081 | p_IinG = 1.692,-4.081,-0.304 | dist = 60.51 (meters)
bg = -0.0022,0.0216,0.0770 | ba = -0.0012,0.1277,0.1293
[34m[TIME]: 0.0074 seconds total (134.6 hz, 0.50 ms behind)
[0mq_GtoI = 0.803,-0.070,0.586,0.085 | p_IinG = 1.679,-4.078,-0.302 | dist = 60.52 (meters)
bg = -0.0022,0.0216,0.0770 | ba = -0.0035,0.1281,0.1289
[34m[TIME]: 0.0049 seconds total (205.1 hz, 0.50 ms behind)
[0mq_GtoI = 0.801,-0.070,0.588,0.084 | p_IinG = 1.666,-4.073,-0.299 | dist = 60.54 (meters)
bg = -0.0022,0.0216,0.0770 | ba = -0.0053,0.1284,0.1282
[34m[TIME]: 0.0042 seconds total (240.2 hz, 0.50 ms behind)
[0mq_GtoI = 0.800,-0.072,0.590,0.081 | p_IinG = 1.652,-4.066,-0.295 | dist = 60.55 (meters)
bg = -0.0022,0.0216,0.0770 | ba = -0.0069,0.1289,0.1274
[34m[TIME]: 0.0040 seconds total (250.7 hz, 0.50 ms behind)
[0mq_GtoI = 0.800,-0.075,0.591,0.077 | p_IinG = 1.639,-4.058,-0.291 | dist = 60.57 (meters)
bg = -0.0022,0.0216,0.0770 | ba = -0.0089,0.1300,0.1251
[34m[TIME]: 0.0045 seconds total (221.0 hz, 0.50 ms behind)
[0mq_GtoI = 0.799,-0.077,0.592,0.072 | p_IinG = 1.624,-4.048,-0.284 | dist = 60.59 (meters)
bg = -0.0022,0.0216,0.0770 | ba = -0.0102,0.1302,0.1242
[34m[TIME]: 0.0041 seconds total (246.9 hz, 0.50 ms behind)
[0mq_GtoI = 0.799,-0.078,0.592,0.070 | p_IinG = 1.607,-4.038,-0.278 | dist = 60.62 (meters)
bg = -0.0022,0.0216,0.0770 | ba = -0.0108,0.1306,0.1233
[34m[TIME]: 0.0039 seconds total (258.0 hz, 0.50 ms behind)
[0mq_GtoI = 0.799,-0.079,0.592,0.069 | p_IinG = 1.590,-4.026,-0.273 | dist = 60.64 (meters)
bg = -0.0022,0.0217,0.0770 | ba = -0.0115,0.1310,0.1223
[34m[TIME]: 0.0039 seconds total (257.6 hz, 0.50 ms behind)
[0mq_GtoI = 0.801,-0.079,0.590,0.068 | p_IinG = 1.572,-4.013,-0.270 | dist = 60.66 (meters)
bg = -0.0022,0.0217,0.0770 | ba = -0.0118,0.1316,0.1213
[34m[TIME]: 0.0076 seconds total (132.0 hz, 0.50 ms behind)
[0mq_GtoI = 0.802,-0.080,0.588,0.067 | p_IinG = 1.552,-4.000,-0.269 | dist = 60.69 (meters)
bg = -0.0022,0.0217,0.0770 | ba = -0.0119,0.1322,0.1204
[34m[TIME]: 0.0043 seconds total (230.7 hz, 0.50 ms behind)
[0mq_GtoI = 0.804,-0.080,0.586,0.067 | p_IinG = 1.533,-3.986,-0.268 | dist = 60.71 (meters)
bg = -0.0022,0.0217,0.0770 | ba = -0.0120,0.1327,0.1196
[34m[TIME]: 0.0041 seconds total (246.1 hz, 0.50 ms behind)
[0mq_GtoI = 0.806,-0.080,0.583,0.066 | p_IinG = 1.513,-3.971,-0.265 | dist = 60.74 (meters)
bg = -0.0022,0.0217,0.0770 | ba = -0.0118,0.1331,0.1185
[34m[TIME]: 0.0073 seconds total (136.9 hz, 0.50 ms behind)
[0mq_GtoI = 0.806,-0.078,0.582,0.068 | p_IinG = 1.493,-3.956,-0.260 | dist = 60.77 (meters)
bg = -0.0022,0.0217,0.0770 | ba = -0.0114,0.1339,0.1178
[34m[TIME]: 0.0039 seconds total (258.4 hz, 0.50 ms behind)
[0mq_GtoI = 0.807,-0.078,0.581,0.068 | p_IinG = 1.472,-3.940,-0.254 | dist = 60.79 (meters)
bg = -0.0022,0.0217,0.0770 | ba = -0.0113,0.1346,0.1170
[34m[TIME]: 0.0042 seconds total (238.2 hz, 0.50 ms behind)
[0mq_GtoI = 0.808,-0.077,0.580,0.068 | p_IinG = 1.452,-3.923,-0.246 | dist = 60.82 (meters)
bg = -0.0022,0.0217,0.0770 | ba = -0.0106,0.1350,0.1164
[34m[TIME]: 0.0037 seconds total (268.1 hz, 0.50 ms behind)
[0mq_GtoI = 0.808,-0.078,0.580,0.066 | p_IinG = 1.430,-3.906,-0.237 | dist = 60.85 (meters)
bg = -0.0022,0.0217,0.0770 | ba = -0.0091,0.1353,0.1150
[34m[TIME]: 0.0041 seconds total (244.7 hz, 0.50 ms behind)
[0mq_GtoI = 0.809,-0.079,0.578,0.064 | p_IinG = 1.410,-3.887,-0.228 | dist = 60.88 (meters)
bg = -0.0022,0.0217,0.0770 | ba = -0.0097,0.1364,0.1128
[34m[TIME]: 0.0044 seconds total (227.3 hz, 0.50 ms behind)
[0mq_GtoI = 0.811,-0.079,0.577,0.062 | p_IinG = 1.389,-3.869,-0.216 | dist = 60.92 (meters)
bg = -0.0022,0.0217,0.0770 | ba = -0.0105,0.1369,0.1120
[34m[TIME]: 0.0038 seconds total (262.1 hz, 0.50 ms behind)
[0mq_GtoI = 0.812,-0.081,0.575,0.060 | p_IinG = 1.368,-3.850,-0.203 | dist = 60.95 (meters)
bg = -0.0022,0.0217,0.0770 | ba = -0.0116,0.1371,0.1113
[34m[TIME]: 0.0037 seconds total (270.4 hz, 0.50 ms behind)
[0mq_GtoI = 0.813,-0.081,0.574,0.059 | p_IinG = 1.347,-3.830,-0.189 | dist = 60.98 (meters)
bg = -0.0022,0.0217,0.0770 | ba = -0.0125,0.1373,0.1108
[34m[TIME]: 0.0037 seconds total (268.2 hz, 0.50 ms behind)
[0mq_GtoI = 0.814,-0.082,0.572,0.058 | p_IinG = 1.327,-3.811,-0.176 | dist = 61.01 (meters)
bg = -0.0022,0.0217,0.0770 | ba = -0.0133,0.1376,0.1102
[34m[TIME]: 0.0062 seconds total (161.6 hz, 0.50 ms behind)
[0mq_GtoI = 0.815,-0.081,0.571,0.059 | p_IinG = 1.306,-3.791,-0.164 | dist = 61.04 (meters)
bg = -0.0022,0.0217,0.0770 | ba = -0.0146,0.1375,0.1100
[34m[TIME]: 0.0037 seconds total (273.8 hz, 0.50 ms behind)
[0mq_GtoI = 0.815,-0.082,0.570,0.057 | p_IinG = 1.285,-3.771,-0.153 | dist = 61.07 (meters)
bg = -0.0022,0.0217,0.0770 | ba = -0.0162,0.1376,0.1100
[34m[TIME]: 0.0038 seconds total (265.5 hz, 0.50 ms behind)
[0mq_GtoI = 0.816,-0.082,0.569,0.057 | p_IinG = 1.265,-3.752,-0.143 | dist = 61.10 (meters)
bg = -0.0022,0.0217,0.0770 | ba = -0.0176,0.1375,0.1102
[34m[TIME]: 0.0036 seconds total (275.5 hz, 0.50 ms behind)
[0mq_GtoI = 0.816,-0.081,0.569,0.058 | p_IinG = 1.245,-3.732,-0.135 | dist = 61.13 (meters)
bg = -0.0021,0.0217,0.0770 | ba = -0.0191,0.1374,0.1103
[34m[TIME]: 0.0036 seconds total (278.4 hz, 0.50 ms behind)
[0mq_GtoI = 0.817,-0.082,0.567,0.057 | p_IinG = 1.225,-3.712,-0.129 | dist = 61.16 (meters)
bg = -0.0021,0.0217,0.0770 | ba = -0.0204,0.1373,0.1104
[34m[TIME]: 0.0040 seconds total (252.9 hz, 0.50 ms behind)
[0mq_GtoI = 0.818,-0.082,0.567,0.057 | p_IinG = 1.206,-3.692,-0.124 | dist = 61.19 (meters)
bg = -0.0021,0.0217,0.0770 | ba = -0.0218,0.1371,0.1106
[34m[TIME]: 0.0037 seconds total (270.5 hz, 0.50 ms behind)
[0mq_GtoI = 0.817,-0.081,0.567,0.058 | p_IinG = 1.186,-3.672,-0.120 | dist = 61.22 (meters)
bg = -0.0021,0.0217,0.0770 | ba = -0.0228,0.1368,0.1111
[34m[TIME]: 0.0036 seconds total (280.8 hz, 0.50 ms behind)
[0mq_GtoI = 0.816,-0.079,0.569,0.061 | p_IinG = 1.167,-3.652,-0.116 | dist = 61.25 (meters)
bg = -0.0021,0.0217,0.0770 | ba = -0.0239,0.1367,0.1114
[34m[TIME]: 0.0038 seconds total (262.7 hz, 0.50 ms behind)
[0mq_GtoI = 0.815,-0.078,0.571,0.063 | p_IinG = 1.148,-3.632,-0.113 | dist = 61.27 (meters)
bg = -0.0021,0.0218,0.0770 | ba = -0.0248,0.1364,0.1118
[34m[TIME]: 0.0064 seconds total (156.0 hz, 0.50 ms behind)
[0mq_GtoI = 0.813,-0.078,0.573,0.063 | p_IinG = 1.130,-3.611,-0.111 | dist = 61.30 (meters)
bg = -0.0021,0.0218,0.0770 | ba = -0.0257,0.1363,0.1121
[34m[TIME]: 0.0036 seconds total (280.0 hz, 0.50 ms behind)
[0mq_GtoI = 0.812,-0.079,0.575,0.063 | p_IinG = 1.112,-3.591,-0.111 | dist = 61.33 (meters)
bg = -0.0021,0.0218,0.0770 | ba = -0.0255,0.1362,0.1117
[34m[TIME]: 0.0040 seconds total (250.5 hz, 0.50 ms behind)
[0mq_GtoI = 0.811,-0.080,0.576,0.063 | p_IinG = 1.093,-3.569,-0.109 | dist = 61.36 (meters)
bg = -0.0021,0.0218,0.0770 | ba = -0.0262,0.1360,0.1121
[34m[TIME]: 0.0038 seconds total (260.9 hz, 0.50 ms behind)
[0mq_GtoI = 0.811,-0.080,0.576,0.061 | p_IinG = 1.075,-3.548,-0.105 | dist = 61.38 (meters)
bg = -0.0021,0.0218,0.0770 | ba = -0.0266,0.1358,0.1126
[34m[TIME]: 0.0038 seconds total (264.8 hz, 0.50 ms behind)
[0mq_GtoI = 0.811,-0.081,0.577,0.060 | p_IinG = 1.055,-3.526,-0.100 | dist = 61.41 (meters)
bg = -0.0021,0.0218,0.0770 | ba = -0.0271,0.1354,0.1133
[34m[TIME]: 0.0038 seconds total (262.1 hz, 0.50 ms behind)
[0mq_GtoI = 0.811,-0.081,0.576,0.058 | p_IinG = 1.035,-3.503,-0.093 | dist = 61.44 (meters)
bg = -0.0021,0.0218,0.0770 | ba = -0.0278,0.1349,0.1145
[34m[TIME]: 0.0036 seconds total (276.9 hz, 0.50 ms behind)
[0mq_GtoI = 0.812,-0.082,0.575,0.057 | p_IinG = 1.015,-3.481,-0.084 | dist = 61.47 (meters)
bg = -0.0021,0.0218,0.0770 | ba = -0.0284,0.1345,0.1156
[34m[TIME]: 0.0036 seconds total (276.2 hz, 0.50 ms behind)
[0mq_GtoI = 0.813,-0.083,0.574,0.055 | p_IinG = 0.995,-3.460,-0.074 | dist = 61.50 (meters)
bg = -0.0021,0.0218,0.0770 | ba = -0.0280,0.1334,0.1164
[34m[TIME]: 0.0063 seconds total (158.3 hz, 0.50 ms behind)
[0mq_GtoI = 0.814,-0.082,0.572,0.054 | p_IinG = 0.975,-3.438,-0.063 | dist = 61.54 (meters)
bg = -0.0021,0.0218,0.0770 | ba = -0.0280,0.1327,0.1174
[34m[TIME]: 0.0044 seconds total (228.9 hz, 0.50 ms behind)
[0mq_GtoI = 0.815,-0.082,0.571,0.053 | p_IinG = 0.955,-3.416,-0.051 | dist = 61.57 (meters)
bg = -0.0021,0.0218,0.0770 | ba = -0.0283,0.1317,0.1187
[34m[TIME]: 0.0040 seconds total (249.3 hz, 0.50 ms behind)
[0mq_GtoI = 0.817,-0.082,0.569,0.052 | p_IinG = 0.935,-3.395,-0.041 | dist = 61.60 (meters)
bg = -0.0021,0.0218,0.0770 | ba = -0.0280,0.1307,0.1198
[34m[TIME]: 0.0043 seconds total (230.6 hz, 0.50 ms behind)
[0mq_GtoI = 0.818,-0.082,0.567,0.052 | p_IinG = 0.915,-3.374,-0.032 | dist = 61.63 (meters)
bg = -0.0021,0.0218,0.0770 | ba = -0.0279,0.1297,0.1211
[34m[TIME]: 0.0042 seconds total (239.8 hz, 0.50 ms behind)
[0mq_GtoI = 0.819,-0.082,0.566,0.052 | p_IinG = 0.895,-3.353,-0.025 | dist = 61.65 (meters)
bg = -0.0021,0.0218,0.0770 | ba = -0.0280,0.1289,0.1223
[34m[TIME]: 0.0040 seconds total (252.0 hz, 0.50 ms behind)
[0mq_GtoI = 0.819,-0.081,0.565,0.052 | p_IinG = 0.876,-3.332,-0.019 | dist = 61.68 (meters)
bg = -0.0021,0.0218,0.0770 | ba = -0.0278,0.1282,0.1234
[34m[TIME]: 0.0039 seconds total (253.5 hz, 0.50 ms behind)
[0mq_GtoI = 0.819,-0.079,0.565,0.053 | p_IinG = 0.858,-3.311,-0.014 | dist = 61.71 (meters)
bg = -0.0021,0.0218,0.0770 | ba = -0.0270,0.1275,0.1244
[34m[TIME]: 0.0062 seconds total (161.3 hz, 0.50 ms behind)
[0mq_GtoI = 0.820,-0.079,0.565,0.052 | p_IinG = 0.840,-3.291,-0.012 | dist = 61.74 (meters)
bg = -0.0021,0.0218,0.0770 | ba = -0.0256,0.1270,0.1252
[34m[TIME]: 0.0052 seconds total (193.3 hz, 0.50 ms behind)
[0mq_GtoI = 0.820,-0.079,0.564,0.051 | p_IinG = 0.822,-3.270,-0.011 | dist = 61.76 (meters)
bg = -0.0021,0.0218,0.0770 | ba = -0.0250,0.1263,0.1263
[34m[TIME]: 0.0047 seconds total (212.5 hz, 0.50 ms behind)
[0mq_GtoI = 0.820,-0.078,0.564,0.051 | p_IinG = 0.805,-3.250,-0.011 | dist = 61.79 (meters)
bg = -0.0021,0.0218,0.0770 | ba = -0.0241,0.1256,0.1274
[34m[TIME]: 0.0046 seconds total (218.6 hz, 0.50 ms behind)
[0mq_GtoI = 0.820,-0.079,0.564,0.050 | p_IinG = 0.789,-3.231,-0.015 | dist = 61.81 (meters)
bg = -0.0021,0.0218,0.0770 | ba = -0.0201,0.1245,0.1274
[34m[TIME]: 0.0124 seconds total (80.5 hz, 0.50 ms behind)
[0mq_GtoI = 0.820,-0.078,0.564,0.051 | p_IinG = 0.774,-3.212,-0.017 | dist = 61.84 (meters)
bg = -0.0021,0.0218,0.0770 | ba = -0.0189,0.1240,0.1280
[34m[TIME]: 0.0097 seconds total (103.0 hz, 0.50 ms behind)
[0mq_GtoI = 0.820,-0.078,0.565,0.050 | p_IinG = 0.759,-3.193,-0.020 | dist = 61.86 (meters)
bg = -0.0021,0.0218,0.0770 | ba = -0.0180,0.1235,0.1288
[34m[TIME]: 0.0049 seconds total (205.5 hz, 0.50 ms behind)
[0mq_GtoI = 0.820,-0.079,0.565,0.049 | p_IinG = 0.745,-3.173,-0.023 | dist = 61.88 (meters)
bg = -0.0021,0.0218,0.0770 | ba = -0.0170,0.1230,0.1296
[34m[TIME]: 0.0049 seconds total (203.7 hz, 0.50 ms behind)
[0mq_GtoI = 0.820,-0.080,0.565,0.048 | p_IinG = 0.730,-3.155,-0.025 | dist = 61.91 (meters)
bg = -0.0020,0.0218,0.0770 | ba = -0.0159,0.1226,0.1302
[34m[TIME]: 0.0058 seconds total (173.8 hz, 0.50 ms behind)
[0mq_GtoI = 0.820,-0.081,0.564,0.048 | p_IinG = 0.716,-3.136,-0.025 | dist = 61.93 (meters)
bg = -0.0020,0.0218,0.0770 | ba = -0.0158,0.1223,0.1315
[34m[TIME]: 0.0056 seconds total (178.8 hz, 0.50 ms behind)
[0mq_GtoI = 0.822,-0.083,0.562,0.046 | p_IinG = 0.693,-3.100,-0.020 | dist = 61.97 (meters)
bg = -0.0020,0.0218,0.0770 | ba = -0.0139,0.1222,0.1328
[34m[TIME]: 0.0094 seconds total (106.5 hz, 0.50 ms behind)
[0mq_GtoI = 0.822,-0.085,0.561,0.046 | p_IinG = 0.679,-3.082,-0.016 | dist = 61.99 (meters)
bg = -0.0020,0.0218,0.0771 | ba = -0.0070,0.1213,0.1355
[34m[TIME]: 0.0109 seconds total (91.5 hz, 0.50 ms behind)
[0mq_GtoI = 0.821,-0.085,0.562,0.047 | p_IinG = 0.670,-3.064,-0.007 | dist = 62.01 (meters)
bg = -0.0020,0.0218,0.0771 | ba = -0.0023,0.1214,0.1363
[34m[TIME]: 0.0074 seconds total (135.9 hz, 0.50 ms behind)
[0mq_GtoI = 0.820,-0.087,0.563,0.047 | p_IinG = 0.661,-3.047,0.005 | dist = 62.04 (meters)
bg = -0.0020,0.0218,0.0771 | ba = 0.0004,0.1215,0.1368
[34m[TIME]: 0.0053 seconds total (189.3 hz, 0.50 ms behind)
[0mq_GtoI = 0.820,-0.088,0.564,0.049 | p_IinG = 0.652,-3.031,0.019 | dist = 62.06 (meters)
bg = -0.0020,0.0218,0.0771 | ba = 0.0038,0.1216,0.1375
[34m[TIME]: 0.0054 seconds total (184.4 hz, 0.50 ms behind)
[0mq_GtoI = 0.819,-0.089,0.565,0.051 | p_IinG = 0.643,-3.014,0.034 | dist = 62.08 (meters)
bg = -0.0020,0.0218,0.0771 | ba = 0.0082,0.1219,0.1382
[34m[TIME]: 0.0052 seconds total (191.9 hz, 0.50 ms behind)
[0mq_GtoI = 0.818,-0.090,0.566,0.052 | p_IinG = 0.634,-2.997,0.049 | dist = 62.11 (meters)
bg = -0.0020,0.0218,0.0771 | ba = 0.0134,0.1221,0.1396
[34m[TIME]: 0.0058 seconds total (171.9 hz, 0.50 ms behind)
[0mq_GtoI = 0.818,-0.091,0.566,0.054 | p_IinG = 0.625,-2.982,0.063 | dist = 62.13 (meters)
bg = -0.0020,0.0218,0.0771 | ba = 0.0179,0.1224,0.1400
[34m[TIME]: 0.0055 seconds total (182.2 hz, 0.50 ms behind)
[0mq_GtoI = 0.818,-0.093,0.565,0.054 | p_IinG = 0.617,-2.966,0.076 | dist = 62.15 (meters)
bg = -0.0020,0.0218,0.0771 | ba = 0.0219,0.1223,0.1408
[34m[TIME]: 0.0049 seconds total (202.6 hz, 0.50 ms behind)
[0mq_GtoI = 0.818,-0.093,0.565,0.056 | p_IinG = 0.610,-2.951,0.088 | dist = 62.17 (meters)
bg = -0.0020,0.0219,0.0771 | ba = 0.0257,0.1221,0.1416
[34m[TIME]: 0.0048 seconds total (206.8 hz, 0.50 ms behind)
[0mq_GtoI = 0.818,-0.094,0.565,0.056 | p_IinG = 0.602,-2.936,0.098 | dist = 62.19 (meters)
bg = -0.0020,0.0219,0.0771 | ba = 0.0293,0.1220,0.1428
[34m[TIME]: 0.0050 seconds total (200.3 hz, 0.50 ms behind)
[0mq_GtoI = 0.817,-0.095,0.565,0.057 | p_IinG = 0.595,-2.921,0.107 | dist = 62.20 (meters)
bg = -0.0020,0.0219,0.0771 | ba = 0.0332,0.1218,0.1440
[34m[TIME]: 0.0074 seconds total (134.7 hz, 0.50 ms behind)
[0mq_GtoI = 0.817,-0.095,0.566,0.057 | p_IinG = 0.588,-2.908,0.115 | dist = 62.22 (meters)
bg = -0.0020,0.0219,0.0771 | ba = 0.0366,0.1215,0.1451
[34m[TIME]: 0.0047 seconds total (210.6 hz, 0.50 ms behind)
[0mq_GtoI = 0.817,-0.095,0.566,0.058 | p_IinG = 0.578,-2.894,0.116 | dist = 62.23 (meters)
bg = -0.0020,0.0219,0.0771 | ba = 0.0470,0.1212,0.1481
[34m[TIME]: 0.0100 seconds total (100.2 hz, 0.50 ms behind)
[0mq_GtoI = 0.817,-0.093,0.567,0.057 | p_IinG = 0.572,-2.881,0.122 | dist = 62.25 (meters)
bg = -0.0020,0.0219,0.0771 | ba = 0.0489,0.1205,0.1496
[34m[TIME]: 0.0069 seconds total (144.4 hz, 0.50 ms behind)
[0mq_GtoI = 0.817,-0.089,0.568,0.056 | p_IinG = 0.567,-2.869,0.129 | dist = 62.27 (meters)
bg = -0.0020,0.0219,0.0771 | ba = 0.0505,0.1199,0.1501
[34m[TIME]: 0.0053 seconds total (188.6 hz, 0.50 ms behind)
[0mq_GtoI = 0.816,-0.086,0.570,0.053 | p_IinG = 0.563,-2.856,0.139 | dist = 62.28 (meters)
bg = -0.0020,0.0219,0.0771 | ba = 0.0514,0.1196,0.1505
[34m[TIME]: 0.0054 seconds total (185.6 hz, 0.50 ms behind)
[0mq_GtoI = 0.815,-0.081,0.572,0.050 | p_IinG = 0.558,-2.843,0.150 | dist = 62.30 (meters)
bg = -0.0020,0.0219,0.0771 | ba = 0.0517,0.1192,0.1510
[34m[TIME]: 0.0052 seconds total (191.6 hz, 0.50 ms behind)
[0mq_GtoI = 0.814,-0.076,0.574,0.046 | p_IinG = 0.553,-2.830,0.163 | dist = 62.32 (meters)
bg = -0.0020,0.0219,0.0771 | ba = 0.0519,0.1187,0.1517
[34m[TIME]: 0.0056 seconds total (178.8 hz, 0.50 ms behind)
[0mq_GtoI = 0.814,-0.070,0.574,0.042 | p_IinG = 0.547,-2.817,0.176 | dist = 62.34 (meters)
bg = -0.0020,0.0219,0.0771 | ba = 0.0519,0.1182,0.1523
[34m[TIME]: 0.0053 seconds total (189.6 hz, 0.50 ms behind)
[0mq_GtoI = 0.815,-0.065,0.575,0.040 | p_IinG = 0.541,-2.805,0.190 | dist = 62.36 (meters)
bg = -0.0020,0.0219,0.0771 | ba = 0.0512,0.1177,0.1529
[34m[TIME]: 0.0050 seconds total (198.0 hz, 0.50 ms behind)
[0mq_GtoI = 0.815,-0.061,0.575,0.038 | p_IinG = 0.536,-2.792,0.201 | dist = 62.37 (meters)
bg = -0.0020,0.0219,0.0771 | ba = 0.0507,0.1173,0.1533
[34m[TIME]: 0.0051 seconds total (195.6 hz, 0.50 ms behind)
[0mq_GtoI = 0.815,-0.057,0.575,0.036 | p_IinG = 0.530,-2.780,0.212 | dist = 62.39 (meters)
bg = -0.0020,0.0219,0.0771 | ba = 0.0495,0.1167,0.1537
[34m[TIME]: 0.0052 seconds total (192.7 hz, 0.50 ms behind)
[0mq_GtoI = 0.815,-0.051,0.576,0.037 | p_IinG = 0.525,-2.768,0.221 | dist = 62.41 (meters)
bg = -0.0020,0.0219,0.0771 | ba = 0.0477,0.1159,0.1540
[34m[TIME]: 0.0051 seconds total (196.0 hz, 0.50 ms behind)
[0mq_GtoI = 0.815,-0.046,0.576,0.039 | p_IinG = 0.519,-2.756,0.228 | dist = 62.42 (meters)
bg = -0.0020,0.0219,0.0771 | ba = 0.0461,0.1152,0.1543
[34m[TIME]: 0.0050 seconds total (201.7 hz, 0.50 ms behind)
[0mq_GtoI = 0.815,-0.042,0.577,0.041 | p_IinG = 0.517,-2.747,0.234 | dist = 62.44 (meters)
bg = -0.0020,0.0219,0.0771 | ba = 0.0423,0.1123,0.1515
[34m[TIME]: 0.0086 seconds total (116.7 hz, 0.50 ms behind)
[0mq_GtoI = 0.815,-0.038,0.577,0.043 | p_IinG = 0.512,-2.736,0.237 | dist = 62.45 (meters)
bg = -0.0020,0.0219,0.0771 | ba = 0.0395,0.1102,0.1511
[34m[TIME]: 0.0068 seconds total (146.0 hz, 0.50 ms behind)
[0mq_GtoI = 0.815,-0.036,0.577,0.043 | p_IinG = 0.506,-2.722,0.240 | dist = 62.47 (meters)
bg = -0.0020,0.0219,0.0771 | ba = 0.0375,0.1095,0.1517
[34m[TIME]: 0.0051 seconds total (194.6 hz, 0.50 ms behind)
[0mq_GtoI = 0.814,-0.035,0.578,0.043 | p_IinG = 0.499,-2.708,0.242 | dist = 62.48 (meters)
bg = -0.0019,0.0219,0.0771 | ba = 0.0350,0.1088,0.1522
[34m[TIME]: 0.0052 seconds total (193.6 hz, 0.50 ms behind)
[0mq_GtoI = 0.815,-0.033,0.577,0.043 | p_IinG = 0.492,-2.693,0.244 | dist = 62.50 (meters)
bg = -0.0019,0.0219,0.0771 | ba = 0.0322,0.1082,0.1526
[34m[TIME]: 0.0050 seconds total (201.9 hz, 0.50 ms behind)
[0mq_GtoI = 0.814,-0.032,0.578,0.043 | p_IinG = 0.484,-2.676,0.244 | dist = 62.52 (meters)
bg = -0.0019,0.0219,0.0771 | ba = 0.0290,0.1076,0.1528
[34m[TIME]: 0.0056 seconds total (179.5 hz, 0.50 ms behind)
[0mq_GtoI = 0.814,-0.032,0.578,0.041 | p_IinG = 0.477,-2.659,0.244 | dist = 62.53 (meters)
bg = -0.0019,0.0219,0.0771 | ba = 0.0260,0.1068,0.1530
[34m[TIME]: 0.0096 seconds total (103.6 hz, 0.50 ms behind)
[0mq_GtoI = 0.815,-0.031,0.577,0.041 | p_IinG = 0.469,-2.641,0.244 | dist = 62.55 (meters)
bg = -0.0019,0.0219,0.0771 | ba = 0.0223,0.1058,0.1530
[34m[TIME]: 0.0056 seconds total (177.8 hz, 0.50 ms behind)
[0mq_GtoI = 0.815,-0.032,0.578,0.039 | p_IinG = 0.461,-2.621,0.242 | dist = 62.57 (meters)
bg = -0.0019,0.0219,0.0772 | ba = 0.0187,0.1051,0.1528
[34m[TIME]: 0.0051 seconds total (196.7 hz, 0.50 ms behind)
[0mq_GtoI = 0.815,-0.033,0.577,0.035 | p_IinG = 0.453,-2.601,0.240 | dist = 62.59 (meters)
bg = -0.0019,0.0219,0.0772 | ba = 0.0151,0.1044,0.1527
[34m[TIME]: 0.0053 seconds total (187.4 hz, 0.50 ms behind)
[0mq_GtoI = 0.815,-0.034,0.578,0.032 | p_IinG = 0.445,-2.580,0.238 | dist = 62.62 (meters)
bg = -0.0019,0.0219,0.0772 | ba = 0.0118,0.1036,0.1526
[34m[TIME]: 0.0104 seconds total (96.5 hz, 0.50 ms behind)
[0mq_GtoI = 0.814,-0.035,0.579,0.027 | p_IinG = 0.436,-2.559,0.234 | dist = 62.64 (meters)
bg = -0.0019,0.0219,0.0772 | ba = 0.0092,0.1030,0.1523
[34m[TIME]: 0.0053 seconds total (188.9 hz, 0.50 ms behind)
[0mq_GtoI = 0.814,-0.035,0.579,0.025 | p_IinG = 0.432,-2.538,0.230 | dist = 62.66 (meters)
bg = -0.0019,0.0219,0.0772 | ba = 0.0034,0.1013,0.1488
[34m[TIME]: 0.0086 seconds total (115.6 hz, 0.50 ms behind)
[0mq_GtoI = 0.814,-0.034,0.579,0.023 | p_IinG = 0.425,-2.518,0.224 | dist = 62.68 (meters)
bg = -0.0019,0.0219,0.0772 | ba = 0.0011,0.1005,0.1477
[34m[TIME]: 0.0067 seconds total (148.3 hz, 0.50 ms behind)
[0mq_GtoI = 0.815,-0.035,0.578,0.020 | p_IinG = 0.415,-2.497,0.218 | dist = 62.71 (meters)
bg = -0.0019,0.0219,0.0772 | ba = -0.0004,0.1001,0.1478
[34m[TIME]: 0.0051 seconds total (195.2 hz, 0.50 ms behind)
[0mq_GtoI = 0.816,-0.034,0.576,0.020 | p_IinG = 0.406,-2.477,0.210 | dist = 62.73 (meters)
bg = -0.0019,0.0219,0.0772 | ba = -0.0019,0.0999,0.1474
[34m[TIME]: 0.0051 seconds total (194.3 hz, 0.50 ms behind)
[0mq_GtoI = 0.817,-0.033,0.575,0.018 | p_IinG = 0.397,-2.456,0.204 | dist = 62.75 (meters)
bg = -0.0019,0.0219,0.0772 | ba = -0.0036,0.0998,0.1471
[34m[TIME]: 0.0051 seconds total (197.2 hz, 0.50 ms behind)
[0mq_GtoI = 0.819,-0.032,0.573,0.018 | p_IinG = 0.387,-2.436,0.200 | dist = 62.78 (meters)
bg = -0.0019,0.0219,0.0772 | ba = -0.0059,0.0996,0.1466
[34m[TIME]: 0.0109 seconds total (91.8 hz, 0.50 ms behind)
[0mq_GtoI = 0.820,-0.032,0.571,0.017 | p_IinG = 0.377,-2.416,0.197 | dist = 62.80 (meters)
bg = -0.0019,0.0219,0.0772 | ba = -0.0082,0.0995,0.1460
[34m[TIME]: 0.0051 seconds total (194.6 hz, 0.50 ms behind)
[0mq_GtoI = 0.821,-0.030,0.570,0.017 | p_IinG = 0.368,-2.396,0.197 | dist = 62.82 (meters)
bg = -0.0019,0.0219,0.0772 | ba = -0.0109,0.0993,0.1453
[34m[TIME]: 0.0054 seconds total (183.7 hz, 0.50 ms behind)
[0mq_GtoI = 0.822,-0.031,0.569,0.015 | p_IinG = 0.360,-2.376,0.198 | dist = 62.84 (meters)
bg = -0.0018,0.0219,0.0772 | ba = -0.0138,0.0995,0.1445
[34m[TIME]: 0.0050 seconds total (199.1 hz, 0.50 ms behind)
[0mq_GtoI = 0.822,-0.032,0.568,0.013 | p_IinG = 0.352,-2.357,0.201 | dist = 62.86 (meters)
bg = -0.0018,0.0219,0.0772 | ba = -0.0170,0.0997,0.1437
[34m[TIME]: 0.0053 seconds total (189.5 hz, 0.50 ms behind)
[0mq_GtoI = 0.823,-0.033,0.567,0.009 | p_IinG = 0.344,-2.339,0.205 | dist = 62.88 (meters)
bg = -0.0018,0.0219,0.0772 | ba = -0.0213,0.0995,0.1430
[34m[TIME]: 0.0056 seconds total (178.4 hz, 0.50 ms behind)
[0mq_GtoI = 0.824,-0.035,0.566,0.007 | p_IinG = 0.337,-2.322,0.211 | dist = 62.90 (meters)
bg = -0.0018,0.0219,0.0772 | ba = -0.0257,0.0994,0.1419
[34m[TIME]: 0.0051 seconds total (197.7 hz, 0.50 ms behind)
[0mq_GtoI = 0.824,-0.037,0.565,0.005 | p_IinG = 0.337,-2.306,0.219 | dist = 62.92 (meters)
bg = -0.0018,0.0219,0.0772 | ba = -0.0349,0.0979,0.1366
[34m[TIME]: 0.0084 seconds total (119.1 hz, 0.50 ms behind)
[0mq_GtoI = 0.824,-0.038,0.565,0.003 | p_IinG = 0.334,-2.292,0.228 | dist = 62.94 (meters)
bg = -0.0018,0.0219,0.0772 | ba = -0.0397,0.0970,0.1349
[34m[TIME]: 0.0108 seconds total (92.5 hz, 0.50 ms behind)
[0mq_GtoI = 0.824,-0.040,0.565,0.001 | p_IinG = 0.329,-2.278,0.239 | dist = 62.96 (meters)
bg = -0.0018,0.0219,0.0772 | ba = -0.0428,0.0970,0.1341
[34m[TIME]: 0.0050 seconds total (198.6 hz, 0.50 ms behind)
[0mq_GtoI = 0.824,-0.040,0.565,0.001 | p_IinG = 0.324,-2.265,0.253 | dist = 62.98 (meters)
bg = -0.0018,0.0218,0.0772 | ba = -0.0459,0.0974,0.1330
[34m[TIME]: 0.0051 seconds total (196.3 hz, 0.50 ms behind)
[0mq_GtoI = 0.824,-0.041,0.565,0.001 | p_IinG = 0.321,-2.254,0.269 | dist = 63.01 (meters)
bg = -0.0018,0.0218,0.0772 | ba = -0.0493,0.0976,0.1319
[34m[TIME]: 0.0049 seconds total (202.5 hz, 0.50 ms behind)
[0mq_GtoI = 0.824,-0.041,0.565,0.002 | p_IinG = 0.318,-2.243,0.287 | dist = 63.03 (meters)
bg = -0.0018,0.0218,0.0772 | ba = -0.0520,0.0979,0.1302
[34m[TIME]: 0.0057 seconds total (176.6 hz, 0.50 ms behind)
[0mq_GtoI = 0.824,-0.041,0.565,0.003 | p_IinG = 0.316,-2.234,0.306 | dist = 63.05 (meters)
bg = -0.0018,0.0218,0.0773 | ba = -0.0545,0.0984,0.1287
[34m[TIME]: 0.0050 seconds total (198.4 hz, 0.50 ms behind)
[0mq_GtoI = 0.823,-0.040,0.566,0.006 | p_IinG = 0.314,-2.226,0.326 | dist = 63.07 (meters)
bg = -0.0018,0.0218,0.0773 | ba = -0.0564,0.0986,0.1269
[34m[TIME]: 0.0048 seconds total (209.2 hz, 0.50 ms behind)
[0mq_GtoI = 0.823,-0.040,0.567,0.008 | p_IinG = 0.312,-2.217,0.344 | dist = 63.09 (meters)
bg = -0.0018,0.0218,0.0773 | ba = -0.0576,0.0990,0.1250
[34m[TIME]: 0.0088 seconds total (113.4 hz, 0.50 ms behind)
[0mq_GtoI = 0.822,-0.039,0.568,0.010 | p_IinG = 0.310,-2.209,0.361 | dist = 63.11 (meters)
bg = -0.0018,0.0218,0.0773 | ba = -0.0581,0.0995,0.1230
[34m[TIME]: 0.0049 seconds total (205.6 hz, 0.50 ms behind)
[0mq_GtoI = 0.822,-0.040,0.568,0.011 | p_IinG = 0.309,-2.201,0.376 | dist = 63.13 (meters)
bg = -0.0018,0.0218,0.0773 | ba = -0.0583,0.1001,0.1207
[34m[TIME]: 0.0049 seconds total (205.7 hz, 0.50 ms behind)
[0mq_GtoI = 0.822,-0.040,0.568,0.012 | p_IinG = 0.308,-2.194,0.389 | dist = 63.15 (meters)
bg = -0.0018,0.0218,0.0773 | ba = -0.0585,0.1003,0.1183
[34m[TIME]: 0.0087 seconds total (115.1 hz, 0.50 ms behind)
[0mq_GtoI = 0.822,-0.041,0.568,0.012 | p_IinG = 0.309,-2.186,0.399 | dist = 63.16 (meters)
bg = -0.0018,0.0218,0.0773 | ba = -0.0575,0.1011,0.1143
[34m[TIME]: 0.0077 seconds total (130.5 hz, 0.50 ms behind)
[0mq_GtoI = 0.822,-0.042,0.568,0.013 | p_IinG = 0.311,-2.181,0.408 | dist = 63.18 (meters)
bg = -0.0018,0.0218,0.0773 | ba = -0.0560,0.1004,0.1114
[34m[TIME]: 0.0062 seconds total (161.4 hz, 0.50 ms behind)
[0mq_GtoI = 0.822,-0.043,0.567,0.014 | p_IinG = 0.311,-2.177,0.416 | dist = 63.19 (meters)
bg = -0.0018,0.0218,0.0773 | ba = -0.0555,0.1004,0.1097
[34m[TIME]: 0.0049 seconds total (203.1 hz, 0.50 ms behind)
[0mq_GtoI = 0.823,-0.046,0.566,0.016 | p_IinG = 0.312,-2.173,0.423 | dist = 63.20 (meters)
bg = -0.0018,0.0218,0.0773 | ba = -0.0545,0.1007,0.1079
[34m[TIME]: 0.0051 seconds total (197.4 hz, 0.50 ms behind)
[0mq_GtoI = 0.823,-0.051,0.565,0.019 | p_IinG = 0.314,-2.169,0.427 | dist = 63.20 (meters)
bg = -0.0018,0.0218,0.0773 | ba = -0.0534,0.1010,0.1061
[34m[TIME]: 0.0049 seconds total (202.3 hz, 0.50 ms behind)
[0mq_GtoI = 0.824,-0.057,0.563,0.021 | p_IinG = 0.316,-2.167,0.430 | dist = 63.21 (meters)
bg = -0.0018,0.0218,0.0773 | ba = -0.0521,0.1010,0.1046
[34m[TIME]: 0.0094 seconds total (106.7 hz, 0.50 ms behind)
[0mq_GtoI = 0.824,-0.064,0.563,0.026 | p_IinG = 0.319,-2.166,0.431 | dist = 63.21 (meters)
bg = -0.0019,0.0218,0.0773 | ba = -0.0505,0.1009,0.1032
[34m[TIME]: 0.0050 seconds total (198.8 hz, 0.50 ms behind)
[0mq_GtoI = 0.823,-0.072,0.563,0.030 | p_IinG = 0.322,-2.166,0.430 | dist = 63.21 (meters)
bg = -0.0019,0.0218,0.0773 | ba = -0.0492,0.1009,0.1020
[34m[TIME]: 0.0049 seconds total (203.3 hz, 0.50 ms behind)
[0mq_GtoI = 0.820,-0.082,0.565,0.035 | p_IinG = 0.325,-2.167,0.428 | dist = 63.22 (meters)
bg = -0.0019,0.0218,0.0773 | ba = -0.0476,0.1007,0.1008
[34m[TIME]: 0.0049 seconds total (202.0 hz, 0.50 ms behind)
[0mq_GtoI = 0.818,-0.092,0.567,0.040 | p_IinG = 0.328,-2.169,0.424 | dist = 63.22 (meters)
bg = -0.0019,0.0218,0.0773 | ba = -0.0458,0.1005,0.0996
[34m[TIME]: 0.0052 seconds total (193.4 hz, 0.50 ms behind)
[0mq_GtoI = 0.815,-0.103,0.569,0.045 | p_IinG = 0.332,-2.172,0.419 | dist = 63.22 (meters)
bg = -0.0019,0.0218,0.0773 | ba = -0.0436,0.1003,0.0985
[34m[TIME]: 0.0050 seconds total (200.0 hz, 0.50 ms behind)
[0mq_GtoI = 0.812,-0.115,0.570,0.051 | p_IinG = 0.335,-2.176,0.411 | dist = 63.23 (meters)
bg = -0.0019,0.0218,0.0773 | ba = -0.0414,0.1003,0.0973
[34m[TIME]: 0.0092 seconds total (108.6 hz, 0.50 ms behind)
[0mq_GtoI = 0.809,-0.128,0.570,0.056 | p_IinG = 0.339,-2.182,0.403 | dist = 63.24 (meters)
bg = -0.0019,0.0218,0.0773 | ba = -0.0397,0.1001,0.0962
[34m[TIME]: 0.0054 seconds total (185.8 hz, 0.50 ms behind)
[0mq_GtoI = 0.807,-0.141,0.571,0.061 | p_IinG = 0.342,-2.188,0.393 | dist = 63.25 (meters)
bg = -0.0019,0.0218,0.0773 | ba = -0.0378,0.1000,0.0949
[34m[TIME]: 0.0085 seconds total (117.2 hz, 0.50 ms behind)
[0mq_GtoI = 0.804,-0.154,0.570,0.067 | p_IinG = 0.345,-2.195,0.382 | dist = 63.26 (meters)
bg = -0.0019,0.0218,0.0774 | ba = -0.0363,0.1000,0.0941
[34m[TIME]: 0.0055 seconds total (180.3 hz, 0.50 ms behind)
[0mq_GtoI = 0.802,-0.166,0.569,0.076 | p_IinG = 0.347,-2.205,0.370 | dist = 63.27 (meters)
bg = -0.0020,0.0218,0.0774 | ba = -0.0345,0.0997,0.0935
[34m[TIME]: 0.0052 seconds total (191.4 hz, 0.50 ms behind)
[0mq_GtoI = 0.800,-0.175,0.567,0.087 | p_IinG = 0.348,-2.216,0.357 | dist = 63.29 (meters)
bg = -0.0020,0.0218,0.0774 | ba = -0.0333,0.0988,0.0928
[34m[TIME]: 0.0071 seconds total (140.7 hz, 0.50 ms behind)
[0mq_GtoI = 0.798,-0.185,0.565,0.099 | p_IinG = 0.349,-2.228,0.343 | dist = 63.30 (meters)
bg = -0.0020,0.0218,0.0774 | ba = -0.0318,0.0980,0.0924
[34m[TIME]: 0.0058 seconds total (173.2 hz, 0.50 ms behind)
[0mq_GtoI = 0.795,-0.195,0.563,0.111 | p_IinG = 0.349,-2.241,0.328 | dist = 63.32 (meters)
bg = -0.0020,0.0219,0.0774 | ba = -0.0306,0.0970,0.0926
[34m[TIME]: 0.0053 seconds total (188.8 hz, 0.50 ms behind)
[0mq_GtoI = 0.793,-0.203,0.561,0.124 | p_IinG = 0.348,-2.254,0.312 | dist = 63.34 (meters)
bg = -0.0020,0.0219,0.0774 | ba = -0.0288,0.0960,0.0927
[34m[TIME]: 0.0053 seconds total (189.5 hz, 0.50 ms behind)
[0mq_GtoI = 0.791,-0.212,0.558,0.137 | p_IinG = 0.346,-2.268,0.296 | dist = 63.36 (meters)
bg = -0.0020,0.0218,0.0774 | ba = -0.0274,0.0944,0.0924
[34m[TIME]: 0.0054 seconds total (183.6 hz, 0.50 ms behind)
[0mq_GtoI = 0.788,-0.220,0.555,0.148 | p_IinG = 0.345,-2.282,0.281 | dist = 63.37 (meters)
bg = -0.0020,0.0218,0.0774 | ba = -0.0263,0.0929,0.0914
[34m[TIME]: 0.0049 seconds total (202.6 hz, 0.50 ms behind)
[0mq_GtoI = 0.786,-0.229,0.552,0.159 | p_IinG = 0.343,-2.296,0.269 | dist = 63.39 (meters)
bg = -0.0020,0.0218,0.0774 | ba = -0.0257,0.0917,0.0904
[34m[TIME]: 0.0044 seconds total (227.2 hz, 0.50 ms behind)
[0mq_GtoI = 0.783,-0.240,0.550,0.166 | p_IinG = 0.342,-2.308,0.259 | dist = 63.41 (meters)
bg = -0.0020,0.0218,0.0774 | ba = -0.0252,0.0909,0.0894
[34m[TIME]: 0.0042 seconds total (235.8 hz, 0.50 ms behind)
[0mq_GtoI = 0.779,-0.250,0.549,0.171 | p_IinG = 0.341,-2.320,0.252 | dist = 63.42 (meters)
bg = -0.0020,0.0218,0.0774 | ba = -0.0238,0.0907,0.0899
[34m[TIME]: 0.0073 seconds total (136.4 hz, 0.50 ms behind)
[0mq_GtoI = 0.776,-0.258,0.548,0.175 | p_IinG = 0.340,-2.330,0.247 | dist = 63.43 (meters)
bg = -0.0020,0.0218,0.0774 | ba = -0.0227,0.0904,0.0907
[34m[TIME]: 0.0050 seconds total (199.4 hz, 0.50 ms behind)
[0mq_GtoI = 0.775,-0.265,0.545,0.180 | p_IinG = 0.340,-2.341,0.244 | dist = 63.44 (meters)
bg = -0.0020,0.0219,0.0774 | ba = -0.0218,0.0902,0.0913
[34m[TIME]: 0.0045 seconds total (221.5 hz, 0.50 ms behind)
[0mq_GtoI = 0.773,-0.269,0.545,0.183 | p_IinG = 0.339,-2.351,0.241 | dist = 63.45 (meters)
bg = -0.0020,0.0219,0.0774 | ba = -0.0211,0.0897,0.0921
[34m[TIME]: 0.0045 seconds total (223.2 hz, 0.50 ms behind)
[0mq_GtoI = 0.771,-0.275,0.545,0.183 | p_IinG = 0.339,-2.361,0.238 | dist = 63.46 (meters)
bg = -0.0020,0.0219,0.0774 | ba = -0.0208,0.0893,0.0926
[34m[TIME]: 0.0043 seconds total (231.2 hz, 0.50 ms behind)
[0mq_GtoI = 0.770,-0.278,0.544,0.184 | p_IinG = 0.339,-2.371,0.234 | dist = 63.48 (meters)
bg = -0.0020,0.0219,0.0774 | ba = -0.0208,0.0888,0.0936
[34m[TIME]: 0.0089 seconds total (112.2 hz, 0.50 ms behind)
[0mq_GtoI = 0.769,-0.281,0.544,0.184 | p_IinG = 0.340,-2.381,0.228 | dist = 63.49 (meters)
bg = -0.0020,0.0218,0.0774 | ba = -0.0201,0.0879,0.0953
[34m[TIME]: 0.0084 seconds total (118.5 hz, 0.50 ms behind)
[0mq_GtoI = 0.769,-0.282,0.543,0.185 | p_IinG = 0.340,-2.392,0.221 | dist = 63.50 (meters)
bg = -0.0020,0.0218,0.0774 | ba = -0.0191,0.0867,0.0968
[34m[TIME]: 0.0046 seconds total (219.6 hz, 0.50 ms behind)
[0mq_GtoI = 0.768,-0.282,0.543,0.186 | p_IinG = 0.340,-2.402,0.212 | dist = 63.51 (meters)
bg = -0.0021,0.0218,0.0774 | ba = -0.0178,0.0852,0.0987
[34m[TIME]: 0.0043 seconds total (234.7 hz, 0.50 ms behind)
[0mq_GtoI = 0.769,-0.282,0.542,0.187 | p_IinG = 0.340,-2.412,0.203 | dist = 63.53 (meters)
bg = -0.0021,0.0218,0.0774 | ba = -0.0166,0.0837,0.1005
[34m[TIME]: 0.0045 seconds total (223.0 hz, 0.50 ms behind)
[0mq_GtoI = 0.770,-0.281,0.542,0.188 | p_IinG = 0.339,-2.422,0.192 | dist = 63.54 (meters)
bg = -0.0021,0.0218,0.0774 | ba = -0.0152,0.0816,0.1024
[34m[TIME]: 0.0043 seconds total (233.9 hz, 0.50 ms behind)
[0mq_GtoI = 0.770,-0.278,0.542,0.191 | p_IinG = 0.338,-2.432,0.179 | dist = 63.56 (meters)
bg = -0.0021,0.0218,0.0774 | ba = -0.0136,0.0792,0.1043
[34m[TIME]: 0.0043 seconds total (235.1 hz, 0.50 ms behind)
[0mq_GtoI = 0.771,-0.275,0.541,0.193 | p_IinG = 0.337,-2.441,0.166 | dist = 63.58 (meters)
bg = -0.0021,0.0218,0.0774 | ba = -0.0122,0.0769,0.1062
[34m[TIME]: 0.0081 seconds total (124.2 hz, 0.50 ms behind)
[0mq_GtoI = 0.772,-0.272,0.541,0.196 | p_IinG = 0.335,-2.451,0.152 | dist = 63.59 (meters)
bg = -0.0021,0.0218,0.0775 | ba = -0.0109,0.0745,0.1078
[34m[TIME]: 0.0043 seconds total (231.8 hz, 0.50 ms behind)
[0mq_GtoI = 0.772,-0.269,0.540,0.199 | p_IinG = 0.335,-2.460,0.137 | dist = 63.61 (meters)
bg = -0.0021,0.0218,0.0775 | ba = -0.0095,0.0728,0.1098
[34m[TIME]: 0.0049 seconds total (204.9 hz, 0.50 ms behind)
[0mq_GtoI = 0.772,-0.268,0.542,0.198 | p_IinG = 0.333,-2.469,0.122 | dist = 63.63 (meters)
bg = -0.0021,0.0218,0.0775 | ba = -0.0079,0.0703,0.1111
[34m[TIME]: 0.0082 seconds total (121.8 hz, 0.50 ms behind)
[0mq_GtoI = 0.771,-0.268,0.544,0.195 | p_IinG = 0.332,-2.477,0.104 | dist = 63.65 (meters)
bg = -0.0021,0.0218,0.0775 | ba = -0.0066,0.0676,0.1118
[34m[TIME]: 0.0046 seconds total (215.5 hz, 0.50 ms behind)
[0mq_GtoI = 0.770,-0.269,0.545,0.192 | p_IinG = 0.331,-2.485,0.085 | dist = 63.67 (meters)
bg = -0.0021,0.0218,0.0775 | ba = -0.0053,0.0652,0.1126
[34m[TIME]: 0.0066 seconds total (151.1 hz, 0.50 ms behind)
[0mq_GtoI = 0.771,-0.269,0.546,0.189 | p_IinG = 0.330,-2.493,0.066 | dist = 63.69 (meters)
bg = -0.0021,0.0218,0.0775 | ba = -0.0046,0.0630,0.1132
[34m[TIME]: 0.0050 seconds total (199.1 hz, 0.50 ms behind)
[0mq_GtoI = 0.769,-0.269,0.548,0.187 | p_IinG = 0.329,-2.500,0.046 | dist = 63.70 (meters)
bg = -0.0021,0.0218,0.0775 | ba = -0.0037,0.0608,0.1136
[34m[TIME]: 0.0047 seconds total (214.2 hz, 0.50 ms behind)
[0mq_GtoI = 0.769,-0.268,0.549,0.186 | p_IinG = 0.327,-2.508,0.028 | dist = 63.72 (meters)
bg = -0.0021,0.0218,0.0775 | ba = -0.0035,0.0589,0.1139
[34m[TIME]: 0.0047 seconds total (210.7 hz, 0.50 ms behind)
[0mq_GtoI = 0.769,-0.267,0.550,0.186 | p_IinG = 0.325,-2.515,0.011 | dist = 63.74 (meters)
bg = -0.0021,0.0218,0.0775 | ba = -0.0028,0.0572,0.1140
[34m[TIME]: 0.0091 seconds total (110.2 hz, 0.50 ms behind)
[0mq_GtoI = 0.770,-0.268,0.549,0.183 | p_IinG = 0.322,-2.523,-0.004 | dist = 63.76 (meters)
bg = -0.0021,0.0218,0.0775 | ba = -0.0021,0.0553,0.1140
[34m[TIME]: 0.0044 seconds total (227.2 hz, 0.50 ms behind)
[0mq_GtoI = 0.771,-0.268,0.548,0.182 | p_IinG = 0.319,-2.530,-0.018 | dist = 63.77 (meters)
bg = -0.0021,0.0218,0.0775 | ba = -0.0011,0.0537,0.1141
[34m[TIME]: 0.0045 seconds total (224.1 hz, 0.50 ms behind)
[0mq_GtoI = 0.773,-0.267,0.546,0.181 | p_IinG = 0.316,-2.538,-0.030 | dist = 63.78 (meters)
bg = -0.0021,0.0218,0.0775 | ba = -0.0003,0.0520,0.1141
[34m[TIME]: 0.0045 seconds total (223.1 hz, 0.50 ms behind)
[0mq_GtoI = 0.773,-0.267,0.546,0.180 | p_IinG = 0.311,-2.545,-0.042 | dist = 63.80 (meters)
bg = -0.0021,0.0218,0.0775 | ba = -0.0001,0.0506,0.1142
[34m[TIME]: 0.0045 seconds total (223.5 hz, 0.50 ms behind)
[0mq_GtoI = 0.773,-0.266,0.547,0.180 | p_IinG = 0.307,-2.553,-0.054 | dist = 63.81 (meters)
bg = -0.0021,0.0218,0.0775 | ba = 0.0003,0.0497,0.1146
[34m[TIME]: 0.0043 seconds total (234.8 hz, 0.50 ms behind)
[0mq_GtoI = 0.773,-0.264,0.547,0.182 | p_IinG = 0.302,-2.561,-0.068 | dist = 63.83 (meters)
bg = -0.0021,0.0218,0.0775 | ba = 0.0007,0.0488,0.1148
[34m[TIME]: 0.0045 seconds total (222.8 hz, 0.50 ms behind)
[0mq_GtoI = 0.773,-0.260,0.548,0.186 | p_IinG = 0.297,-2.569,-0.083 | dist = 63.84 (meters)
bg = -0.0021,0.0218,0.0775 | ba = 0.0005,0.0480,0.1153
[34m[TIME]: 0.0046 seconds total (219.7 hz, 0.50 ms behind)
[0mq_GtoI = 0.773,-0.256,0.547,0.192 | p_IinG = 0.292,-2.576,-0.099 | dist = 63.86 (meters)
bg = -0.0021,0.0218,0.0775 | ba = 0.0003,0.0474,0.1158
[34m[TIME]: 0.0048 seconds total (210.2 hz, 0.50 ms behind)
[0mq_GtoI = 0.773,-0.252,0.547,0.199 | p_IinG = 0.286,-2.583,-0.117 | dist = 63.88 (meters)
bg = -0.0021,0.0218,0.0775 | ba = 0.0001,0.0472,0.1167
[34m[TIME]: 0.0046 seconds total (216.2 hz, 0.50 ms behind)
[0mq_GtoI = 0.772,-0.252,0.547,0.202 | p_IinG = 0.280,-2.588,-0.137 | dist = 63.90 (meters)
bg = -0.0021,0.0218,0.0776 | ba = -0.0000,0.0474,0.1175
[34m[TIME]: 0.0047 seconds total (213.5 hz, 0.50 ms behind)
[0mq_GtoI = 0.770,-0.255,0.548,0.204 | p_IinG = 0.274,-2.593,-0.158 | dist = 63.93 (meters)
bg = -0.0021,0.0218,0.0776 | ba = -0.0003,0.0477,0.1185
[34m[TIME]: 0.0081 seconds total (124.1 hz, 0.50 ms behind)
[0mq_GtoI = 0.767,-0.261,0.549,0.204 | p_IinG = 0.268,-2.597,-0.181 | dist = 63.95 (meters)
bg = -0.0021,0.0218,0.0776 | ba = -0.0011,0.0485,0.1184
[34m[TIME]: 0.0049 seconds total (204.5 hz, 0.50 ms behind)
[0mq_GtoI = 0.765,-0.267,0.550,0.202 | p_IinG = 0.262,-2.600,-0.206 | dist = 63.98 (meters)
bg = -0.0021,0.0218,0.0776 | ba = -0.0019,0.0493,0.1180
[34m[TIME]: 0.0041 seconds total (244.1 hz, 0.50 ms behind)
[0mq_GtoI = 0.764,-0.272,0.550,0.199 | p_IinG = 0.257,-2.602,-0.231 | dist = 64.00 (meters)
bg = -0.0021,0.0218,0.0776 | ba = -0.0034,0.0502,0.1168
[34m[TIME]: 0.0046 seconds total (218.8 hz, 0.50 ms behind)
[0mq_GtoI = 0.765,-0.278,0.547,0.196 | p_IinG = 0.250,-2.604,-0.257 | dist = 64.03 (meters)
bg = -0.0021,0.0218,0.0776 | ba = -0.0049,0.0508,0.1160
[34m[TIME]: 0.0043 seconds total (235.0 hz, 0.50 ms behind)
[0mq_GtoI = 0.766,-0.282,0.544,0.194 | p_IinG = 0.243,-2.605,-0.281 | dist = 64.06 (meters)
bg = -0.0021,0.0218,0.0776 | ba = -0.0061,0.0512,0.1149
[34m[TIME]: 0.0044 seconds total (226.5 hz, 0.50 ms behind)
[0mq_GtoI = 0.767,-0.286,0.541,0.194 | p_IinG = 0.236,-2.606,-0.304 | dist = 64.08 (meters)
bg = -0.0021,0.0218,0.0776 | ba = -0.0074,0.0514,0.1137
[34m[TIME]: 0.0041 seconds total (242.2 hz, 0.50 ms behind)
[0mq_GtoI = 0.771,-0.289,0.535,0.192 | p_IinG = 0.229,-2.608,-0.326 | dist = 64.10 (meters)
bg = -0.0022,0.0217,0.0776 | ba = -0.0088,0.0517,0.1125
[34m[TIME]: 0.0048 seconds total (207.6 hz, 0.50 ms behind)
[0mq_GtoI = 0.772,-0.293,0.532,0.188 | p_IinG = 0.223,-2.609,-0.346 | dist = 64.12 (meters)
bg = -0.0022,0.0217,0.0776 | ba = -0.0096,0.0523,0.1113
[34m[TIME]: 0.0080 seconds total (124.4 hz, 0.50 ms behind)
[0mq_GtoI = 0.774,-0.293,0.528,0.190 | p_IinG = 0.217,-2.611,-0.363 | dist = 64.14 (meters)
bg = -0.0022,0.0217,0.0776 | ba = -0.0110,0.0531,0.1099
[34m[TIME]: 0.0051 seconds total (194.9 hz, 0.50 ms behind)
[0mq_GtoI = 0.775,-0.294,0.527,0.191 | p_IinG = 0.211,-2.615,-0.379 | dist = 64.16 (meters)
bg = -0.0022,0.0217,0.0776 | ba = -0.0123,0.0538,0.1080
[34m[TIME]: 0.0049 seconds total (203.8 hz, 0.50 ms behind)
[0mq_GtoI = 0.775,-0.293,0.527,0.191 | p_IinG = 0.206,-2.619,-0.392 | dist = 64.18 (meters)
bg = -0.0022,0.0217,0.0776 | ba = -0.0143,0.0546,0.1065
[34m[TIME]: 0.0081 seconds total (124.1 hz, 0.50 ms behind)
[0mq_GtoI = 0.774,-0.292,0.528,0.193 | p_IinG = 0.203,-2.624,-0.403 | dist = 64.19 (meters)
bg = -0.0022,0.0217,0.0776 | ba = -0.0161,0.0551,0.1049
[34m[TIME]: 0.0049 seconds total (202.4 hz, 0.50 ms behind)
[0mq_GtoI = 0.773,-0.289,0.530,0.195 | p_IinG = 0.200,-2.630,-0.414 | dist = 64.20 (meters)
bg = -0.0022,0.0217,0.0776 | ba = -0.0175,0.0557,0.1032
[34m[TIME]: 0.0054 seconds total (186.7 hz, 0.50 ms behind)
[0mq_GtoI = 0.772,-0.286,0.532,0.198 | p_IinG = 0.197,-2.636,-0.425 | dist = 64.21 (meters)
bg = -0.0022,0.0217,0.0776 | ba = -0.0191,0.0560,0.1015
[34m[TIME]: 0.0045 seconds total (221.4 hz, 0.50 ms behind)
[0mq_GtoI = 0.772,-0.283,0.533,0.200 | p_IinG = 0.194,-2.643,-0.438 | dist = 64.23 (meters)
bg = -0.0022,0.0217,0.0776 | ba = -0.0203,0.0564,0.0999
[34m[TIME]: 0.0067 seconds total (150.3 hz, 0.50 ms behind)
[0mq_GtoI = 0.772,-0.279,0.533,0.204 | p_IinG = 0.192,-2.649,-0.453 | dist = 64.24 (meters)
bg = -0.0022,0.0217,0.0776 | ba = -0.0212,0.0565,0.0982
[34m[TIME]: 0.0046 seconds total (219.4 hz, 0.50 ms behind)
[0mq_GtoI = 0.774,-0.275,0.531,0.206 | p_IinG = 0.191,-2.656,-0.470 | dist = 64.26 (meters)
bg = -0.0022,0.0217,0.0776 | ba = -0.0218,0.0566,0.0966
[34m[TIME]: 0.0085 seconds total (117.8 hz, 0.50 ms behind)
[0mq_GtoI = 0.776,-0.274,0.529,0.206 | p_IinG = 0.189,-2.662,-0.487 | dist = 64.28 (meters)
bg = -0.0022,0.0217,0.0776 | ba = -0.0222,0.0562,0.0952
[34m[TIME]: 0.0043 seconds total (230.5 hz, 0.50 ms behind)
[0mq_GtoI = 0.779,-0.274,0.526,0.203 | p_IinG = 0.188,-2.667,-0.504 | dist = 64.29 (meters)
bg = -0.0023,0.0217,0.0776 | ba = -0.0226,0.0557,0.0939
[34m[TIME]: 0.0045 seconds total (221.0 hz, 0.50 ms behind)
[0mq_GtoI = 0.781,-0.275,0.524,0.198 | p_IinG = 0.188,-2.673,-0.520 | dist = 64.31 (meters)
bg = -0.0023,0.0217,0.0776 | ba = -0.0227,0.0551,0.0925
[34m[TIME]: 0.0060 seconds total (165.5 hz, 0.50 ms behind)
[0mq_GtoI = 0.782,-0.275,0.524,0.195 | p_IinG = 0.190,-2.678,-0.534 | dist = 64.32 (meters)
bg = -0.0023,0.0217,0.0776 | ba = -0.0228,0.0546,0.0911
[34m[TIME]: 0.0068 seconds total (147.0 hz, 0.50 ms behind)
[0mq_GtoI = 0.782,-0.277,0.525,0.191 | p_IinG = 0.192,-2.684,-0.546 | dist = 64.33 (meters)
bg = -0.0023,0.0217,0.0776 | ba = -0.0230,0.0540,0.0893
[34m[TIME]: 0.0055 seconds total (182.6 hz, 0.50 ms behind)
[0mq_GtoI = 0.781,-0.276,0.527,0.189 | p_IinG = 0.195,-2.690,-0.556 | dist = 64.34 (meters)
bg = -0.0023,0.0217,0.0776 | ba = -0.0243,0.0533,0.0880
[34m[TIME]: 0.0051 seconds total (196.1 hz, 0.50 ms behind)
[0mq_GtoI = 0.779,-0.276,0.531,0.188 | p_IinG = 0.199,-2.696,-0.564 | dist = 64.35 (meters)
bg = -0.0023,0.0217,0.0776 | ba = -0.0266,0.0528,0.0868
[34m[TIME]: 0.0075 seconds total (133.7 hz, 0.50 ms behind)
[0mq_GtoI = 0.777,-0.274,0.535,0.187 | p_IinG = 0.204,-2.703,-0.569 | dist = 64.36 (meters)
bg = -0.0023,0.0217,0.0776 | ba = -0.0287,0.0524,0.0856
[34m[TIME]: 0.0056 seconds total (177.1 hz, 0.50 ms behind)
[0mq_GtoI = 0.775,-0.273,0.538,0.187 | p_IinG = 0.209,-2.710,-0.573 | dist = 64.37 (meters)
bg = -0.0023,0.0217,0.0776 | ba = -0.0310,0.0520,0.0844
[34m[TIME]: 0.0083 seconds total (119.8 hz, 0.50 ms behind)
[0mq_GtoI = 0.775,-0.272,0.539,0.187 | p_IinG = 0.214,-2.717,-0.577 | dist = 64.38 (meters)
bg = -0.0023,0.0217,0.0776 | ba = -0.0333,0.0517,0.0835
[34m[TIME]: 0.0048 seconds total (207.1 hz, 0.50 ms behind)
[0mq_GtoI = 0.774,-0.271,0.541,0.186 | p_IinG = 0.221,-2.725,-0.579 | dist = 64.39 (meters)
bg = -0.0023,0.0217,0.0776 | ba = -0.0359,0.0514,0.0827
[34m[TIME]: 0.0091 seconds total (109.6 hz, 0.50 ms behind)
[0mq_GtoI = 0.773,-0.270,0.542,0.187 | p_IinG = 0.227,-2.733,-0.581 | dist = 64.40 (meters)
bg = -0.0023,0.0217,0.0776 | ba = -0.0384,0.0512,0.0822
[34m[TIME]: 0.0049 seconds total (205.2 hz, 0.50 ms behind)
[0mq_GtoI = 0.772,-0.269,0.545,0.187 | p_IinG = 0.234,-2.741,-0.584 | dist = 64.41 (meters)
bg = -0.0023,0.0217,0.0776 | ba = -0.0407,0.0512,0.0820
[34m[TIME]: 0.0049 seconds total (205.9 hz, 0.50 ms behind)
[0mq_GtoI = 0.771,-0.268,0.547,0.187 | p_IinG = 0.241,-2.749,-0.588 | dist = 64.42 (meters)
bg = -0.0023,0.0217,0.0776 | ba = -0.0443,0.0510,0.0813
[34m[TIME]: 0.0113 seconds total (88.5 hz, 0.50 ms behind)
[0mq_GtoI = 0.770,-0.267,0.549,0.187 | p_IinG = 0.247,-2.757,-0.596 | dist = 64.43 (meters)
bg = -0.0023,0.0217,0.0776 | ba = -0.0464,0.0506,0.0815
[34m[TIME]: 0.0053 seconds total (187.3 hz, 0.50 ms behind)
[0mq_GtoI = 0.769,-0.266,0.550,0.187 | p_IinG = 0.253,-2.764,-0.605 | dist = 64.44 (meters)
bg = -0.0023,0.0217,0.0776 | ba = -0.0486,0.0507,0.0820
[34m[TIME]: 0.0067 seconds total (149.4 hz, 0.50 ms behind)
[0mq_GtoI = 0.769,-0.266,0.551,0.186 | p_IinG = 0.258,-2.770,-0.616 | dist = 64.46 (meters)
bg = -0.0023,0.0217,0.0776 | ba = -0.0510,0.0505,0.0825
[34m[TIME]: 0.0050 seconds total (198.4 hz, 0.50 ms behind)
[0mq_GtoI = 0.768,-0.266,0.552,0.185 | p_IinG = 0.262,-2.777,-0.628 | dist = 64.47 (meters)
bg = -0.0023,0.0217,0.0776 | ba = -0.0536,0.0501,0.0831
[34m[TIME]: 0.0048 seconds total (208.1 hz, 0.50 ms behind)
[0mq_GtoI = 0.768,-0.267,0.552,0.185 | p_IinG = 0.265,-2.783,-0.642 | dist = 64.49 (meters)
bg = -0.0023,0.0217,0.0776 | ba = -0.0564,0.0497,0.0836
[34m[TIME]: 0.0077 seconds total (129.8 hz, 0.50 ms behind)
[0mq_GtoI = 0.769,-0.269,0.550,0.186 | p_IinG = 0.268,-2.789,-0.658 | dist = 64.51 (meters)
bg = -0.0023,0.0217,0.0776 | ba = -0.0589,0.0494,0.0841
[34m[TIME]: 0.0051 seconds total (196.1 hz, 0.50 ms behind)
[0mq_GtoI = 0.771,-0.273,0.545,0.186 | p_IinG = 0.270,-2.795,-0.676 | dist = 64.53 (meters)
bg = -0.0023,0.0217,0.0776 | ba = -0.0609,0.0489,0.0846
[34m[TIME]: 0.0051 seconds total (196.1 hz, 0.50 ms behind)
[0mq_GtoI = 0.774,-0.278,0.537,0.184 | p_IinG = 0.271,-2.801,-0.694 | dist = 64.55 (meters)
bg = -0.0024,0.0217,0.0776 | ba = -0.0624,0.0488,0.0852
[34m[TIME]: 0.0051 seconds total (197.3 hz, 0.50 ms behind)
[0mq_GtoI = 0.779,-0.283,0.528,0.183 | p_IinG = 0.273,-2.807,-0.712 | dist = 64.57 (meters)
bg = -0.0024,0.0217,0.0776 | ba = -0.0636,0.0485,0.0860
[34m[TIME]: 0.0052 seconds total (192.9 hz, 0.50 ms behind)
[0mq_GtoI = 0.783,-0.287,0.521,0.182 | p_IinG = 0.275,-2.814,-0.729 | dist = 64.59 (meters)
bg = -0.0024,0.0217,0.0776 | ba = -0.0640,0.0483,0.0867
[34m[TIME]: 0.0051 seconds total (194.5 hz, 0.50 ms behind)
[0mq_GtoI = 0.787,-0.290,0.513,0.182 | p_IinG = 0.279,-2.823,-0.744 | dist = 64.60 (meters)
bg = -0.0024,0.0217,0.0776 | ba = -0.0641,0.0485,0.0873
[34m[TIME]: 0.0048 seconds total (206.3 hz, 0.50 ms behind)
[0mq_GtoI = 0.788,-0.293,0.510,0.181 | p_IinG = 0.281,-2.832,-0.756 | dist = 64.62 (meters)
bg = -0.0024,0.0216,0.0776 | ba = -0.0633,0.0469,0.0918
[34m[TIME]: 0.0100 seconds total (99.6 hz, 0.50 ms behind)
[0mq_GtoI = 0.788,-0.295,0.509,0.180 | p_IinG = 0.287,-2.843,-0.767 | dist = 64.64 (meters)
bg = -0.0024,0.0216,0.0776 | ba = -0.0628,0.0469,0.0917
[34m[TIME]: 0.0093 seconds total (107.1 hz, 0.50 ms behind)
[0mq_GtoI = 0.788,-0.297,0.509,0.180 | p_IinG = 0.294,-2.856,-0.775 | dist = 64.65 (meters)
bg = -0.0024,0.0216,0.0776 | ba = -0.0622,0.0467,0.0917
[34m[TIME]: 0.0055 seconds total (181.5 hz, 0.50 ms behind)
[0mq_GtoI = 0.786,-0.297,0.512,0.181 | p_IinG = 0.304,-2.870,-0.781 | dist = 64.67 (meters)
bg = -0.0024,0.0216,0.0776 | ba = -0.0608,0.0465,0.0915
[34m[TIME]: 0.0050 seconds total (198.4 hz, 0.50 ms behind)
[0mq_GtoI = 0.784,-0.297,0.514,0.183 | p_IinG = 0.314,-2.885,-0.788 | dist = 64.69 (meters)
bg = -0.0024,0.0216,0.0776 | ba = -0.0593,0.0463,0.0912
[34m[TIME]: 0.0047 seconds total (213.6 hz, 0.50 ms behind)
[0mq_GtoI = 0.781,-0.296,0.518,0.185 | p_IinG = 0.325,-2.901,-0.796 | dist = 64.71 (meters)
bg = -0.0024,0.0216,0.0776 | ba = -0.0571,0.0460,0.0908
[34m[TIME]: 0.0088 seconds total (113.9 hz, 0.50 ms behind)
[0mq_GtoI = 0.778,-0.293,0.522,0.189 | p_IinG = 0.337,-2.919,-0.806 | dist = 64.73 (meters)
bg = -0.0024,0.0216,0.0776 | ba = -0.0546,0.0455,0.0901
[34m[TIME]: 0.0052 seconds total (192.5 hz, 0.50 ms behind)
[0mq_GtoI = 0.777,-0.292,0.524,0.192 | p_IinG = 0.350,-2.937,-0.818 | dist = 64.76 (meters)
bg = -0.0024,0.0216,0.0776 | ba = -0.0528,0.0453,0.0893
[34m[TIME]: 0.0046 seconds total (219.7 hz, 0.50 ms behind)
[0mq_GtoI = 0.774,-0.290,0.528,0.195 | p_IinG = 0.364,-2.956,-0.831 | dist = 64.78 (meters)
bg = -0.0025,0.0216,0.0776 | ba = -0.0509,0.0451,0.0885
[34m[TIME]: 0.0045 seconds total (223.8 hz, 0.50 ms behind)
[0mq_GtoI = 0.771,-0.289,0.531,0.199 | p_IinG = 0.378,-2.975,-0.846 | dist = 64.81 (meters)
bg = -0.0025,0.0217,0.0776 | ba = -0.0490,0.0446,0.0871
[34m[TIME]: 0.0049 seconds total (204.3 hz, 0.50 ms behind)
[0mq_GtoI = 0.769,-0.291,0.533,0.201 | p_IinG = 0.393,-2.995,-0.863 | dist = 64.84 (meters)
bg = -0.0025,0.0217,0.0776 | ba = -0.0473,0.0441,0.0858
[34m[TIME]: 0.0045 seconds total (220.7 hz, 0.50 ms behind)
[0mq_GtoI = 0.765,-0.294,0.536,0.202 | p_IinG = 0.408,-3.015,-0.881 | dist = 64.87 (meters)
bg = -0.0025,0.0217,0.0776 | ba = -0.0457,0.0439,0.0846
[34m[TIME]: 0.0044 seconds total (225.1 hz, 0.50 ms behind)
[0mq_GtoI = 0.763,-0.295,0.537,0.206 | p_IinG = 0.423,-3.034,-0.902 | dist = 64.90 (meters)
bg = -0.0025,0.0216,0.0776 | ba = -0.0423,0.0437,0.0823
[34m[TIME]: 0.0079 seconds total (127.1 hz, 0.50 ms behind)
[0mq_GtoI = 0.761,-0.296,0.539,0.208 | p_IinG = 0.439,-3.054,-0.923 | dist = 64.93 (meters)
bg = -0.0025,0.0216,0.0776 | ba = -0.0413,0.0436,0.0813
[34m[TIME]: 0.0047 seconds total (214.6 hz, 0.50 ms behind)
[0mq_GtoI = 0.759,-0.298,0.539,0.210 | p_IinG = 0.455,-3.074,-0.946 | dist = 64.96 (meters)
bg = -0.0025,0.0216,0.0776 | ba = -0.0400,0.0434,0.0801
[34m[TIME]: 0.0081 seconds total (124.1 hz, 0.50 ms behind)
[0mq_GtoI = 0.758,-0.299,0.539,0.214 | p_IinG = 0.471,-3.094,-0.970 | dist = 64.99 (meters)
bg = -0.0025,0.0216,0.0776 | ba = -0.0386,0.0434,0.0791
[34m[TIME]: 0.0045 seconds total (222.9 hz, 0.50 ms behind)
[0mq_GtoI = 0.756,-0.302,0.539,0.216 | p_IinG = 0.487,-3.113,-0.996 | dist = 65.03 (meters)
bg = -0.0025,0.0216,0.0776 | ba = -0.0377,0.0433,0.0785
[34m[TIME]: 0.0043 seconds total (233.2 hz, 0.50 ms behind)
[0mq_GtoI = 0.754,-0.305,0.539,0.219 | p_IinG = 0.503,-3.132,-1.022 | dist = 65.06 (meters)
bg = -0.0025,0.0216,0.0776 | ba = -0.0364,0.0433,0.0779
[34m[TIME]: 0.0041 seconds total (241.4 hz, 0.50 ms behind)
[0mq_GtoI = 0.752,-0.309,0.540,0.220 | p_IinG = 0.518,-3.150,-1.051 | dist = 65.10 (meters)
bg = -0.0025,0.0216,0.0776 | ba = -0.0356,0.0431,0.0775
[34m[TIME]: 0.0090 seconds total (111.0 hz, 0.50 ms behind)
[0mq_GtoI = 0.749,-0.312,0.541,0.220 | p_IinG = 0.533,-3.167,-1.080 | dist = 65.13 (meters)
bg = -0.0025,0.0216,0.0776 | ba = -0.0352,0.0429,0.0771
[34m[TIME]: 0.0044 seconds total (225.4 hz, 0.50 ms behind)
[0mq_GtoI = 0.748,-0.315,0.541,0.221 | p_IinG = 0.546,-3.183,-1.110 | dist = 65.17 (meters)
bg = -0.0025,0.0216,0.0776 | ba = -0.0355,0.0428,0.0771
[34m[TIME]: 0.0041 seconds total (244.0 hz, 0.50 ms behind)
[0mq_GtoI = 0.746,-0.318,0.542,0.219 | p_IinG = 0.560,-3.199,-1.142 | dist = 65.21 (meters)
bg = -0.0026,0.0216,0.0776 | ba = -0.0362,0.0429,0.0769
[34m[TIME]: 0.0044 seconds total (225.3 hz, 0.50 ms behind)
[0mq_GtoI = 0.745,-0.321,0.543,0.217 | p_IinG = 0.573,-3.215,-1.175 | dist = 65.25 (meters)
bg = -0.0026,0.0216,0.0776 | ba = -0.0371,0.0431,0.0767
[34m[TIME]: 0.0066 seconds total (151.8 hz, 0.50 ms behind)
[0mq_GtoI = 0.742,-0.327,0.546,0.210 | p_IinG = 0.597,-3.245,-1.244 | dist = 65.33 (meters)
bg = -0.0026,0.0216,0.0776 | ba = -0.0375,0.0431,0.0766
[34m[TIME]: 0.0042 seconds total (238.2 hz, 0.50 ms behind)
[0mq_GtoI = 0.741,-0.327,0.548,0.209 | p_IinG = 0.607,-3.260,-1.280 | dist = 65.37 (meters)
bg = -0.0026,0.0216,0.0776 | ba = -0.0369,0.0422,0.0786
[34m[TIME]: 0.0176 seconds total (57.0 hz, 0.50 ms behind)
[0mq_GtoI = 0.740,-0.328,0.550,0.207 | p_IinG = 0.617,-3.276,-1.318 | dist = 65.41 (meters)
bg = -0.0026,0.0216,0.0776 | ba = -0.0370,0.0418,0.0787
[34m[TIME]: 0.0092 seconds total (108.1 hz, 0.50 ms behind)
[0mq_GtoI = 0.739,-0.328,0.551,0.206 | p_IinG = 0.625,-3.292,-1.356 | dist = 65.45 (meters)
bg = -0.0026,0.0216,0.0776 | ba = -0.0367,0.0415,0.0791
[34m[TIME]: 0.0055 seconds total (182.2 hz, 0.50 ms behind)
[0mq_GtoI = 0.738,-0.326,0.552,0.209 | p_IinG = 0.633,-3.309,-1.394 | dist = 65.49 (meters)
bg = -0.0026,0.0216,0.0776 | ba = -0.0367,0.0414,0.0794
[34m[TIME]: 0.0064 seconds total (155.7 hz, 0.50 ms behind)
[0mq_GtoI = 0.739,-0.323,0.551,0.213 | p_IinG = 0.638,-3.324,-1.433 | dist = 65.54 (meters)
bg = -0.0026,0.0216,0.0776 | ba = -0.0363,0.0417,0.0799
[34m[TIME]: 0.0051 seconds total (194.4 hz, 0.50 ms behind)
[0mq_GtoI = 0.740,-0.321,0.550,0.217 | p_IinG = 0.642,-3.339,-1.470 | dist = 65.58 (meters)
bg = -0.0026,0.0216,0.0776 | ba = -0.0363,0.0418,0.0805
[34m[TIME]: 0.0044 seconds total (225.2 hz, 0.50 ms behind)
[0mq_GtoI = 0.742,-0.319,0.548,0.219 | p_IinG = 0.644,-3.354,-1.506 | dist = 65.61 (meters)
bg = -0.0026,0.0216,0.0776 | ba = -0.0358,0.0417,0.0808
[34m[TIME]: 0.0068 seconds total (147.6 hz, 0.50 ms behind)
[0mq_GtoI = 0.745,-0.317,0.544,0.221 | p_IinG = 0.645,-3.367,-1.540 | dist = 65.65 (meters)
bg = -0.0026,0.0216,0.0776 | ba = -0.0352,0.0419,0.0811
[34m[TIME]: 0.0052 seconds total (192.0 hz, 0.50 ms behind)
[0mq_GtoI = 0.747,-0.317,0.541,0.221 | p_IinG = 0.647,-3.380,-1.572 | dist = 65.68 (meters)
bg = -0.0026,0.0216,0.0776 | ba = -0.0338,0.0424,0.0814
[34m[TIME]: 0.0045 seconds total (224.4 hz, 0.50 ms behind)
[0mq_GtoI = 0.750,-0.317,0.538,0.219 | p_IinG = 0.647,-3.392,-1.602 | dist = 65.72 (meters)
bg = -0.0026,0.0216,0.0776 | ba = -0.0325,0.0427,0.0818
[34m[TIME]: 0.0070 seconds total (143.2 hz, 0.50 ms behind)
[0mq_GtoI = 0.753,-0.316,0.535,0.218 | p_IinG = 0.648,-3.405,-1.629 | dist = 65.75 (meters)
bg = -0.0027,0.0216,0.0776 | ba = -0.0312,0.0430,0.0818
[34m[TIME]: 0.0045 seconds total (224.5 hz, 0.50 ms behind)
[0mq_GtoI = 0.756,-0.316,0.532,0.215 | p_IinG = 0.650,-3.417,-1.655 | dist = 65.77 (meters)
bg = -0.0027,0.0216,0.0776 | ba = -0.0303,0.0432,0.0816
[34m[TIME]: 0.0080 seconds total (125.4 hz, 0.50 ms behind)
[0mq_GtoI = 0.757,-0.316,0.531,0.212 | p_IinG = 0.651,-3.430,-1.679 | dist = 65.80 (meters)
bg = -0.0027,0.0216,0.0776 | ba = -0.0309,0.0428,0.0810
[34m[TIME]: 0.0129 seconds total (77.2 hz, 0.50 ms behind)
[0mq_GtoI = 0.758,-0.314,0.531,0.211 | p_IinG = 0.653,-3.444,-1.701 | dist = 65.83 (meters)
bg = -0.0027,0.0216,0.0776 | ba = -0.0318,0.0430,0.0804
[34m[TIME]: 0.0040 seconds total (248.8 hz, 0.50 ms behind)
[0mq_GtoI = 0.760,-0.312,0.531,0.210 | p_IinG = 0.655,-3.458,-1.723 | dist = 65.85 (meters)
bg = -0.0027,0.0216,0.0776 | ba = -0.0329,0.0431,0.0797
[34m[TIME]: 0.0050 seconds total (198.1 hz, 0.50 ms behind)
[0mq_GtoI = 0.760,-0.309,0.531,0.210 | p_IinG = 0.658,-3.473,-1.743 | dist = 65.88 (meters)
bg = -0.0027,0.0216,0.0776 | ba = -0.0351,0.0432,0.0791
[34m[TIME]: 0.0064 seconds total (156.4 hz, 0.50 ms behind)
[0mq_GtoI = 0.759,-0.305,0.535,0.210 | p_IinG = 0.661,-3.488,-1.759 | dist = 65.90 (meters)
bg = -0.0027,0.0216,0.0776 | ba = -0.0374,0.0433,0.0786
[34m[TIME]: 0.0051 seconds total (195.9 hz, 0.50 ms behind)
[0mq_GtoI = 0.757,-0.302,0.539,0.212 | p_IinG = 0.664,-3.504,-1.772 | dist = 65.92 (meters)
bg = -0.0027,0.0216,0.0776 | ba = -0.0398,0.0435,0.0781
[34m[TIME]: 0.0070 seconds total (142.1 hz, 0.50 ms behind)
[0mq_GtoI = 0.756,-0.300,0.542,0.214 | p_IinG = 0.668,-3.518,-1.783 | dist = 65.94 (meters)
bg = -0.0027,0.0216,0.0776 | ba = -0.0424,0.0439,0.0776
[34m[TIME]: 0.0062 seconds total (162.3 hz, 0.50 ms behind)
[0mq_GtoI = 0.754,-0.299,0.544,0.214 | p_IinG = 0.671,-3.533,-1.792 | dist = 65.95 (meters)
bg = -0.0027,0.0216,0.0776 | ba = -0.0448,0.0443,0.0770
[34m[TIME]: 0.0053 seconds total (188.8 hz, 0.50 ms behind)
[0mq_GtoI = 0.753,-0.300,0.546,0.214 | p_IinG = 0.674,-3.547,-1.799 | dist = 65.97 (meters)
bg = -0.0027,0.0216,0.0776 | ba = -0.0471,0.0447,0.0763
[34m[TIME]: 0.0051 seconds total (194.3 hz, 0.50 ms behind)
[0mq_GtoI = 0.751,-0.301,0.546,0.216 | p_IinG = 0.677,-3.560,-1.805 | dist = 65.98 (meters)
bg = -0.0027,0.0217,0.0776 | ba = -0.0494,0.0453,0.0753
[34m[TIME]: 0.0049 seconds total (205.0 hz, 0.50 ms behind)
[0mq_GtoI = 0.750,-0.302,0.546,0.217 | p_IinG = 0.679,-3.572,-1.808 | dist = 65.99 (meters)
bg = -0.0027,0.0217,0.0776 | ba = -0.0522,0.0459,0.0745
[34m[TIME]: 0.0050 seconds total (200.5 hz, 0.50 ms behind)
[0mq_GtoI = 0.749,-0.304,0.546,0.220 | p_IinG = 0.682,-3.584,-1.809 | dist = 66.01 (meters)
bg = -0.0027,0.0217,0.0776 | ba = -0.0541,0.0473,0.0731
[34m[TIME]: 0.0058 seconds total (173.8 hz, 0.50 ms behind)
[0mq_GtoI = 0.749,-0.305,0.544,0.223 | p_IinG = 0.686,-3.595,-1.809 | dist = 66.02 (meters)
bg = -0.0027,0.0217,0.0776 | ba = -0.0561,0.0488,0.0717
[34m[TIME]: 0.0059 seconds total (170.3 hz, 0.50 ms behind)
[0mq_GtoI = 0.749,-0.307,0.542,0.225 | p_IinG = 0.688,-3.605,-1.807 | dist = 66.02 (meters)
bg = -0.0027,0.0217,0.0776 | ba = -0.0578,0.0497,0.0708
[34m[TIME]: 0.0050 seconds total (199.4 hz, 0.50 ms behind)
[0mq_GtoI = 0.749,-0.308,0.541,0.229 | p_IinG = 0.693,-3.616,-1.804 | dist = 66.03 (meters)
bg = -0.0027,0.0217,0.0776 | ba = -0.0598,0.0517,0.0661
[34m[TIME]: 0.0084 seconds total (118.5 hz, 0.50 ms behind)
[0mq_GtoI = 0.748,-0.310,0.539,0.232 | p_IinG = 0.695,-3.624,-1.800 | dist = 66.04 (meters)
bg = -0.0027,0.0217,0.0776 | ba = -0.0607,0.0521,0.0661
[34m[TIME]: 0.0049 seconds total (203.5 hz, 0.50 ms behind)
[0mq_GtoI = 0.748,-0.311,0.537,0.237 | p_IinG = 0.697,-3.631,-1.793 | dist = 66.05 (meters)
bg = -0.0028,0.0217,0.0776 | ba = -0.0621,0.0526,0.0661
[34m[TIME]: 0.0091 seconds total (109.5 hz, 0.50 ms behind)
[0mq_GtoI = 0.747,-0.312,0.535,0.241 | p_IinG = 0.700,-3.637,-1.785 | dist = 66.06 (meters)
bg = -0.0028,0.0217,0.0776 | ba = -0.0628,0.0530,0.0661
[34m[TIME]: 0.0047 seconds total (211.1 hz, 0.50 ms behind)
[0mq_GtoI = 0.747,-0.313,0.533,0.244 | p_IinG = 0.703,-3.642,-1.775 | dist = 66.07 (meters)
bg = -0.0028,0.0217,0.0776 | ba = -0.0628,0.0532,0.0659
[34m[TIME]: 0.0049 seconds total (205.9 hz, 0.50 ms behind)
[0mq_GtoI = 0.748,-0.314,0.531,0.248 | p_IinG = 0.706,-3.646,-1.764 | dist = 66.08 (meters)
bg = -0.0028,0.0217,0.0776 | ba = -0.0622,0.0534,0.0657
[34m[TIME]: 0.0047 seconds total (211.4 hz, 0.50 ms behind)
[0mq_GtoI = 0.747,-0.314,0.530,0.250 | p_IinG = 0.710,-3.647,-1.751 | dist = 66.10 (meters)
bg = -0.0028,0.0217,0.0776 | ba = -0.0613,0.0536,0.0655
[34m[TIME]: 0.0046 seconds total (217.3 hz, 0.50 ms behind)
[0mq_GtoI = 0.745,-0.315,0.531,0.252 | p_IinG = 0.714,-3.647,-1.737 | dist = 66.11 (meters)
bg = -0.0028,0.0217,0.0776 | ba = -0.0601,0.0535,0.0651
[34m[TIME]: 0.0047 seconds total (213.7 hz, 0.50 ms behind)
[0mq_GtoI = 0.742,-0.315,0.534,0.254 | p_IinG = 0.718,-3.646,-1.721 | dist = 66.13 (meters)
bg = -0.0028,0.0217,0.0776 | ba = -0.0587,0.0537,0.0650
[34m[TIME]: 0.0048 seconds total (207.3 hz, 0.50 ms behind)
[0mq_GtoI = 0.737,-0.314,0.540,0.257 | p_IinG = 0.723,-3.644,-1.705 | dist = 66.15 (meters)
bg = -0.0028,0.0217,0.0776 | ba = -0.0572,0.0536,0.0647
[34m[TIME]: 0.0045 seconds total (220.1 hz, 0.50 ms behind)
[0mq_GtoI = 0.733,-0.314,0.545,0.258 | p_IinG = 0.728,-3.640,-1.691 | dist = 66.17 (meters)
bg = -0.0028,0.0217,0.0776 | ba = -0.0548,0.0537,0.0642
[34m[TIME]: 0.0057 seconds total (174.8 hz, 0.50 ms behind)
[0mq_GtoI = 0.732,-0.314,0.547,0.258 | p_IinG = 0.733,-3.634,-1.679 | dist = 66.18 (meters)
bg = -0.0028,0.0217,0.0776 | ba = -0.0531,0.0535,0.0639
[34m[TIME]: 0.0045 seconds total (223.9 hz, 0.50 ms behind)
[0mq_GtoI = 0.732,-0.316,0.547,0.255 | p_IinG = 0.740,-3.627,-1.672 | dist = 66.20 (meters)
bg = -0.0028,0.0217,0.0776 | ba = -0.0487,0.0545,0.0622
[34m[TIME]: 0.0077 seconds total (129.9 hz, 0.50 ms behind)
[0mq_GtoI = 0.735,-0.318,0.543,0.251 | p_IinG = 0.745,-3.617,-1.666 | dist = 66.21 (meters)
bg = -0.0028,0.0217,0.0776 | ba = -0.0472,0.0544,0.0621
[34m[TIME]: 0.0049 seconds total (204.1 hz, 0.50 ms behind)
[0mq_GtoI = 0.740,-0.322,0.538,0.245 | p_IinG = 0.750,-3.606,-1.663 | dist = 66.22 (meters)
bg = -0.0029,0.0217,0.0776 | ba = -0.0459,0.0541,0.0620
[34m[TIME]: 0.0049 seconds total (206.0 hz, 0.50 ms behind)
[0mq_GtoI = 0.746,-0.325,0.530,0.238 | p_IinG = 0.755,-3.595,-1.662 | dist = 66.24 (meters)
bg = -0.0029,0.0217,0.0776 | ba = -0.0444,0.0539,0.0619
[34m[TIME]: 0.0048 seconds total (209.2 hz, 0.50 ms behind)
[0mq_GtoI = 0.752,-0.329,0.523,0.230 | p_IinG = 0.760,-3.583,-1.662 | dist = 66.25 (meters)
bg = -0.0029,0.0217,0.0776 | ba = -0.0430,0.0537,0.0617
[34m[TIME]: 0.0069 seconds total (144.6 hz, 0.50 ms behind)
[0mq_GtoI = 0.757,-0.333,0.517,0.220 | p_IinG = 0.766,-3.571,-1.663 | dist = 66.26 (meters)
bg = -0.0029,0.0217,0.0776 | ba = -0.0417,0.0534,0.0616
[34m[TIME]: 0.0048 seconds total (210.2 hz, 0.50 ms behind)
[0mq_GtoI = 0.760,-0.339,0.514,0.207 | p_IinG = 0.781,-3.550,-1.667 | dist = 66.29 (meters)
bg = -0.0029,0.0217,0.0776 | ba = -0.0402,0.0530,0.0615
[34m[TIME]: 0.0048 seconds total (207.6 hz, 0.50 ms behind)
[0mq_GtoI = 0.760,-0.340,0.515,0.202 | p_IinG = 0.789,-3.543,-1.669 | dist = 66.30 (meters)
bg = -0.0029,0.0217,0.0776 | ba = -0.0391,0.0526,0.0616
[34m[TIME]: 0.0047 seconds total (213.0 hz, 0.50 ms behind)
[0mq_GtoI = 0.759,-0.340,0.517,0.200 | p_IinG = 0.797,-3.537,-1.671 | dist = 66.31 (meters)
bg = -0.0029,0.0217,0.0776 | ba = -0.0378,0.0523,0.0616
[34m[TIME]: 0.0049 seconds total (203.0 hz, 0.50 ms behind)
[0mq_GtoI = 0.759,-0.339,0.518,0.200 | p_IinG = 0.805,-3.533,-1.673 | dist = 66.32 (meters)
bg = -0.0029,0.0217,0.0776 | ba = -0.0373,0.0524,0.0619
[34m[TIME]: 0.0045 seconds total (220.3 hz, 0.50 ms behind)
[0mq_GtoI = 0.758,-0.337,0.521,0.200 | p_IinG = 0.813,-3.530,-1.671 | dist = 66.33 (meters)
bg = -0.0029,0.0217,0.0776 | ba = -0.0367,0.0526,0.0625
[34m[TIME]: 0.0056 seconds total (178.9 hz, 0.50 ms behind)
[0mq_GtoI = 0.758,-0.333,0.522,0.206 | p_IinG = 0.822,-3.529,-1.667 | dist = 66.34 (meters)
bg = -0.0029,0.0217,0.0776 | ba = -0.0358,0.0535,0.0633
[34m[TIME]: 0.0045 seconds total (220.8 hz, 0.50 ms behind)
[0mq_GtoI = 0.757,-0.328,0.524,0.212 | p_IinG = 0.831,-3.529,-1.660 | dist = 66.35 (meters)
bg = -0.0029,0.0217,0.0776 | ba = -0.0343,0.0548,0.0644
[34m[TIME]: 0.0061 seconds total (165.1 hz, 0.50 ms behind)
[0mq_GtoI = 0.755,-0.325,0.527,0.216 | p_IinG = 0.841,-3.529,-1.651 | dist = 66.37 (meters)
bg = -0.0029,0.0217,0.0776 | ba = -0.0329,0.0560,0.0657
[34m[TIME]: 0.0047 seconds total (214.8 hz, 0.50 ms behind)
[0mq_GtoI = 0.754,-0.321,0.528,0.222 | p_IinG = 0.852,-3.531,-1.640 | dist = 66.39 (meters)
bg = -0.0029,0.0217,0.0776 | ba = -0.0307,0.0576,0.0674
[34m[TIME]: 0.0047 seconds total (213.2 hz, 0.50 ms behind)
[0mq_GtoI = 0.753,-0.319,0.529,0.226 | p_IinG = 0.863,-3.533,-1.627 | dist = 66.40 (meters)
bg = -0.0029,0.0217,0.0776 | ba = -0.0280,0.0591,0.0692
[34m[TIME]: 0.0046 seconds total (219.2 hz, 0.50 ms behind)
[0mq_GtoI = 0.753,-0.318,0.529,0.228 | p_IinG = 0.875,-3.533,-1.612 | dist = 66.43 (meters)
bg = -0.0029,0.0217,0.0776 | ba = -0.0246,0.0608,0.0714
[34m[TIME]: 0.0048 seconds total (210.1 hz, 0.50 ms behind)
[0mq_GtoI = 0.753,-0.317,0.529,0.230 | p_IinG = 0.886,-3.534,-1.597 | dist = 66.45 (meters)
bg = -0.0029,0.0217,0.0776 | ba = -0.0206,0.0620,0.0733
[34m[TIME]: 0.0045 seconds total (222.3 hz, 0.50 ms behind)
[0mq_GtoI = 0.752,-0.317,0.529,0.231 | p_IinG = 0.899,-3.534,-1.583 | dist = 66.47 (meters)
bg = -0.0029,0.0217,0.0776 | ba = -0.0164,0.0632,0.0748
[34m[TIME]: 0.0043 seconds total (232.1 hz, 0.50 ms behind)
[0mq_GtoI = 0.752,-0.318,0.529,0.233 | p_IinG = 0.912,-3.534,-1.570 | dist = 66.49 (meters)
bg = -0.0029,0.0217,0.0775 | ba = -0.0121,0.0643,0.0761
[34m[TIME]: 0.0042 seconds total (236.9 hz, 0.50 ms behind)
[0mq_GtoI = 0.752,-0.320,0.528,0.232 | p_IinG = 0.925,-3.533,-1.559 | dist = 66.51 (meters)
bg = -0.0029,0.0217,0.0775 | ba = -0.0078,0.0661,0.0778
[34m[TIME]: 0.0047 seconds total (212.9 hz, 0.50 ms behind)
[0mq_GtoI = 0.752,-0.321,0.527,0.232 | p_IinG = 0.938,-3.532,-1.550 | dist = 66.53 (meters)
bg = -0.0029,0.0217,0.0775 | ba = -0.0035,0.0672,0.0798
[34m[TIME]: 0.0043 seconds total (231.2 hz, 0.50 ms behind)
[0mq_GtoI = 0.752,-0.323,0.526,0.231 | p_IinG = 0.952,-3.529,-1.542 | dist = 66.54 (meters)
bg = -0.0029,0.0217,0.0775 | ba = 0.0019,0.0684,0.0827
[34m[TIME]: 0.0057 seconds total (176.4 hz, 0.50 ms behind)
[0mq_GtoI = 0.752,-0.324,0.525,0.232 | p_IinG = 0.965,-3.526,-1.533 | dist = 66.56 (meters)
bg = -0.0029,0.0217,0.0775 | ba = 0.0064,0.0690,0.0851
[34m[TIME]: 0.0059 seconds total (169.5 hz, 0.50 ms behind)
[0mq_GtoI = 0.751,-0.325,0.525,0.232 | p_IinG = 0.978,-3.521,-1.522 | dist = 66.58 (meters)
bg = -0.0029,0.0217,0.0775 | ba = 0.0124,0.0691,0.0890
[34m[TIME]: 0.0107 seconds total (93.4 hz, 0.50 ms behind)
[0mq_GtoI = 0.751,-0.326,0.524,0.233 | p_IinG = 0.991,-3.517,-1.509 | dist = 66.60 (meters)
bg = -0.0030,0.0217,0.0775 | ba = 0.0159,0.0693,0.0911
[34m[TIME]: 0.0076 seconds total (132.3 hz, 0.50 ms behind)
[0mq_GtoI = 0.751,-0.328,0.524,0.233 | p_IinG = 1.006,-3.513,-1.495 | dist = 66.63 (meters)
bg = -0.0030,0.0217,0.0775 | ba = 0.0193,0.0694,0.0932
[34m[TIME]: 0.0073 seconds total (137.7 hz, 0.50 ms behind)
[0mq_GtoI = 0.750,-0.329,0.525,0.233 | p_IinG = 1.021,-3.509,-1.477 | dist = 66.65 (meters)
bg = -0.0030,0.0217,0.0775 | ba = 0.0222,0.0697,0.0954
[34m[TIME]: 0.0043 seconds total (231.4 hz, 0.50 ms behind)
[0mq_GtoI = 0.747,-0.334,0.527,0.228 | p_IinG = 1.036,-3.504,-1.458 | dist = 66.68 (meters)
bg = -0.0030,0.0217,0.0775 | ba = 0.0248,0.0697,0.0974
[34m[TIME]: 0.0046 seconds total (216.4 hz, 0.50 ms behind)
[0mq_GtoI = 0.744,-0.339,0.531,0.223 | p_IinG = 1.052,-3.500,-1.438 | dist = 66.71 (meters)
bg = -0.0030,0.0217,0.0775 | ba = 0.0272,0.0692,0.0989
[34m[TIME]: 0.0043 seconds total (231.1 hz, 0.50 ms behind)
[0mq_GtoI = 0.741,-0.344,0.534,0.218 | p_IinG = 1.068,-3.496,-1.419 | dist = 66.73 (meters)
bg = -0.0030,0.0217,0.0775 | ba = 0.0294,0.0683,0.1002
[34m[TIME]: 0.0080 seconds total (124.2 hz, 0.50 ms behind)
[0mq_GtoI = 0.739,-0.348,0.536,0.214 | p_IinG = 1.082,-3.493,-1.402 | dist = 66.76 (meters)
bg = -0.0030,0.0217,0.0775 | ba = 0.0311,0.0675,0.1015
[34m[TIME]: 0.0047 seconds total (213.1 hz, 0.50 ms behind)
[0mq_GtoI = 0.738,-0.350,0.536,0.213 | p_IinG = 1.096,-3.490,-1.386 | dist = 66.78 (meters)
bg = -0.0030,0.0216,0.0775 | ba = 0.0330,0.0670,0.1023
[34m[TIME]: 0.0045 seconds total (220.5 hz, 0.50 ms behind)
[0mq_GtoI = 0.737,-0.353,0.536,0.210 | p_IinG = 1.109,-3.489,-1.373 | dist = 66.80 (meters)
bg = -0.0030,0.0216,0.0775 | ba = 0.0342,0.0659,0.1028
[34m[TIME]: 0.0043 seconds total (231.3 hz, 0.50 ms behind)
[0mq_GtoI = 0.738,-0.353,0.535,0.212 | p_IinG = 1.121,-3.489,-1.361 | dist = 66.82 (meters)
bg = -0.0030,0.0216,0.0775 | ba = 0.0356,0.0646,0.1028
[34m[TIME]: 0.0077 seconds total (129.9 hz, 0.50 ms behind)
[0mq_GtoI = 0.740,-0.350,0.532,0.217 | p_IinG = 1.132,-3.489,-1.351 | dist = 66.83 (meters)
bg = -0.0030,0.0216,0.0775 | ba = 0.0364,0.0636,0.1028
[34m[TIME]: 0.0042 seconds total (235.3 hz, 0.50 ms behind)
[0mq_GtoI = 0.742,-0.346,0.530,0.223 | p_IinG = 1.142,-3.491,-1.341 | dist = 66.85 (meters)
bg = -0.0030,0.0216,0.0775 | ba = 0.0367,0.0623,0.1034
[34m[TIME]: 0.0064 seconds total (155.7 hz, 0.50 ms behind)
[0mq_GtoI = 0.744,-0.341,0.527,0.229 | p_IinG = 1.152,-3.493,-1.333 | dist = 66.86 (meters)
bg = -0.0030,0.0216,0.0775 | ba = 0.0373,0.0619,0.1033
[34m[TIME]: 0.0046 seconds total (218.9 hz, 0.50 ms behind)
[0mq_GtoI = 0.746,-0.337,0.525,0.235 | p_IinG = 1.163,-3.495,-1.326 | dist = 66.88 (meters)
bg = -0.0030,0.0216,0.0775 | ba = 0.0378,0.0615,0.1030
[34m[TIME]: 0.0045 seconds total (223.9 hz, 0.50 ms behind)
[0mq_GtoI = 0.746,-0.335,0.525,0.237 | p_IinG = 1.174,-3.498,-1.318 | dist = 66.89 (meters)
bg = -0.0030,0.0216,0.0775 | ba = 0.0376,0.0615,0.1027
[34m[TIME]: 0.0078 seconds total (128.7 hz, 0.50 ms behind)
[0mq_GtoI = 0.746,-0.333,0.525,0.240 | p_IinG = 1.185,-3.500,-1.308 | dist = 66.91 (meters)
bg = -0.0030,0.0216,0.0775 | ba = 0.0376,0.0606,0.1017
[34m[TIME]: 0.0050 seconds total (198.2 hz, 0.50 ms behind)
[0mq_GtoI = 0.746,-0.333,0.525,0.240 | p_IinG = 1.196,-3.502,-1.297 | dist = 66.92 (meters)
bg = -0.0030,0.0216,0.0775 | ba = 0.0365,0.0604,0.1011
[34m[TIME]: 0.0057 seconds total (174.1 hz, 0.50 ms behind)
[0mq_GtoI = 0.744,-0.335,0.527,0.237 | p_IinG = 1.207,-3.504,-1.284 | dist = 66.94 (meters)
bg = -0.0030,0.0216,0.0775 | ba = 0.0349,0.0601,0.1002
[34m[TIME]: 0.0048 seconds total (207.6 hz, 0.50 ms behind)
[0mq_GtoI = 0.743,-0.337,0.529,0.234 | p_IinG = 1.219,-3.505,-1.270 | dist = 66.96 (meters)
bg = -0.0030,0.0216,0.0775 | ba = 0.0328,0.0598,0.0991
[34m[TIME]: 0.0048 seconds total (208.9 hz, 0.50 ms behind)
[0mq_GtoI = 0.741,-0.340,0.531,0.231 | p_IinG = 1.230,-3.507,-1.256 | dist = 66.97 (meters)
bg = -0.0030,0.0216,0.0775 | ba = 0.0307,0.0594,0.0980
[34m[TIME]: 0.0071 seconds total (141.5 hz, 0.50 ms behind)
[0mq_GtoI = 0.739,-0.343,0.533,0.227 | p_IinG = 1.241,-3.509,-1.242 | dist = 66.99 (meters)
bg = -0.0030,0.0216,0.0774 | ba = 0.0284,0.0591,0.0969
[34m[TIME]: 0.0045 seconds total (221.3 hz, 0.50 ms behind)
[0mq_GtoI = 0.738,-0.346,0.534,0.225 | p_IinG = 1.251,-3.511,-1.229 | dist = 67.01 (meters)
bg = -0.0030,0.0216,0.0774 | ba = 0.0254,0.0593,0.0955
[34m[TIME]: 0.0104 seconds total (95.9 hz, 0.50 ms behind)
[0mq_GtoI = 0.737,-0.348,0.535,0.224 | p_IinG = 1.261,-3.513,-1.218 | dist = 67.02 (meters)
bg = -0.0030,0.0216,0.0774 | ba = 0.0225,0.0593,0.0941
[34m[TIME]: 0.0078 seconds total (128.8 hz, 0.50 ms behind)
[0mq_GtoI = 0.735,-0.350,0.536,0.223 | p_IinG = 1.270,-3.516,-1.207 | dist = 67.03 (meters)
bg = -0.0030,0.0216,0.0774 | ba = 0.0191,0.0588,0.0926
[34m[TIME]: 0.0073 seconds total (137.6 hz, 0.50 ms behind)
[0mq_GtoI = 0.734,-0.352,0.536,0.223 | p_IinG = 1.279,-3.520,-1.198 | dist = 67.04 (meters)
bg = -0.0030,0.0216,0.0774 | ba = 0.0161,0.0593,0.0911
[34m[TIME]: 0.0047 seconds total (210.8 hz, 0.50 ms behind)
[0mq_GtoI = 0.732,-0.357,0.537,0.221 | p_IinG = 1.294,-3.527,-1.183 | dist = 67.06 (meters)
bg = -0.0030,0.0215,0.0774 | ba = 0.0115,0.0605,0.0885
[34m[TIME]: 0.0050 seconds total (199.8 hz, 0.50 ms behind)
[0mq_GtoI = 0.730,-0.360,0.539,0.219 | p_IinG = 1.300,-3.533,-1.175 | dist = 67.07 (meters)
bg = -0.0030,0.0215,0.0774 | ba = 0.0078,0.0613,0.0862
[34m[TIME]: 0.0046 seconds total (215.9 hz, 0.50 ms behind)
[0mq_GtoI = 0.729,-0.361,0.539,0.219 | p_IinG = 1.309,-3.541,-1.170 | dist = 67.08 (meters)
bg = -0.0030,0.0215,0.0774 | ba = 0.0049,0.0642,0.0792
[34m[TIME]: 0.0081 seconds total (123.1 hz, 0.50 ms behind)
[0mq_GtoI = 0.728,-0.361,0.539,0.221 | p_IinG = 1.313,-3.548,-1.163 | dist = 67.09 (meters)
bg = -0.0030,0.0215,0.0774 | ba = 0.0025,0.0646,0.0778
[34m[TIME]: 0.0044 seconds total (228.0 hz, 0.50 ms behind)
[0mq_GtoI = 0.729,-0.359,0.537,0.227 | p_IinG = 1.315,-3.555,-1.154 | dist = 67.10 (meters)
bg = -0.0030,0.0215,0.0774 | ba = -0.0000,0.0653,0.0764
[34m[TIME]: 0.0081 seconds total (123.3 hz, 0.50 ms behind)
[0mq_GtoI = 0.730,-0.356,0.536,0.232 | p_IinG = 1.316,-3.563,-1.144 | dist = 67.11 (meters)
bg = -0.0030,0.0215,0.0774 | ba = -0.0024,0.0662,0.0750
[34m[TIME]: 0.0046 seconds total (219.8 hz, 0.50 ms behind)
[0mq_GtoI = 0.731,-0.354,0.533,0.236 | p_IinG = 1.317,-3.571,-1.132 | dist = 67.13 (meters)
bg = -0.0030,0.0215,0.0774 | ba = -0.0049,0.0672,0.0735
[34m[TIME]: 0.0044 seconds total (228.8 hz, 0.50 ms behind)
[0mq_GtoI = 0.732,-0.351,0.532,0.240 | p_IinG = 1.317,-3.578,-1.118 | dist = 67.14 (meters)
bg = -0.0030,0.0215,0.0774 | ba = -0.0073,0.0682,0.0719
[34m[TIME]: 0.0079 seconds total (126.1 hz, 0.50 ms behind)
[0mq_GtoI = 0.733,-0.349,0.530,0.244 | p_IinG = 1.318,-3.585,-1.103 | dist = 67.16 (meters)
bg = -0.0030,0.0215,0.0774 | ba = -0.0097,0.0696,0.0696
[34m[TIME]: 0.0099 seconds total (101.5 hz, 0.50 ms behind)
[0mq_GtoI = 0.734,-0.347,0.529,0.248 | p_IinG = 1.317,-3.592,-1.087 | dist = 67.17 (meters)
bg = -0.0030,0.0215,0.0774 | ba = -0.0120,0.0700,0.0680
[34m[TIME]: 0.0077 seconds total (129.7 hz, 0.50 ms behind)
[0mq_GtoI = 0.736,-0.344,0.527,0.251 | p_IinG = 1.317,-3.599,-1.071 | dist = 67.19 (meters)
bg = -0.0030,0.0215,0.0774 | ba = -0.0144,0.0703,0.0663
[34m[TIME]: 0.0078 seconds total (127.6 hz, 0.50 ms behind)
[0mq_GtoI = 0.736,-0.341,0.526,0.255 | p_IinG = 1.317,-3.606,-1.056 | dist = 67.20 (meters)
bg = -0.0030,0.0215,0.0774 | ba = -0.0167,0.0705,0.0645
[34m[TIME]: 0.0046 seconds total (217.1 hz, 0.50 ms behind)
[0mq_GtoI = 0.737,-0.340,0.526,0.256 | p_IinG = 1.317,-3.612,-1.042 | dist = 67.22 (meters)
bg = -0.0030,0.0215,0.0774 | ba = -0.0190,0.0706,0.0630
[34m[TIME]: 0.0041 seconds total (245.8 hz, 0.50 ms behind)
[0mq_GtoI = 0.737,-0.339,0.527,0.255 | p_IinG = 1.318,-3.617,-1.029 | dist = 67.23 (meters)
bg = -0.0030,0.0215,0.0774 | ba = -0.0216,0.0706,0.0614
[34m[TIME]: 0.0040 seconds total (251.0 hz, 0.50 ms behind)
[0mq_GtoI = 0.735,-0.339,0.530,0.254 | p_IinG = 1.321,-3.623,-1.019 | dist = 67.24 (meters)
bg = -0.0030,0.0215,0.0774 | ba = -0.0237,0.0712,0.0571
[34m[TIME]: 0.0076 seconds total (131.9 hz, 0.50 ms behind)
[0mq_GtoI = 0.733,-0.338,0.533,0.254 | p_IinG = 1.321,-3.627,-1.009 | dist = 67.25 (meters)
bg = -0.0030,0.0215,0.0774 | ba = -0.0260,0.0702,0.0562
[34m[TIME]: 0.0045 seconds total (221.1 hz, 0.50 ms behind)
[0mq_GtoI = 0.730,-0.337,0.538,0.253 | p_IinG = 1.323,-3.630,-1.001 | dist = 67.26 (meters)
bg = -0.0030,0.0215,0.0774 | ba = -0.0283,0.0697,0.0546
[34m[TIME]: 0.0080 seconds total (125.1 hz, 0.50 ms behind)
[0mq_GtoI = 0.729,-0.336,0.541,0.253 | p_IinG = 1.324,-3.633,-0.995 | dist = 67.26 (meters)
bg = -0.0030,0.0215,0.0774 | ba = -0.0304,0.0690,0.0530
[34m[TIME]: 0.0079 seconds total (126.8 hz, 0.50 ms behind)
[0mq_GtoI = 0.727,-0.334,0.544,0.252 | p_IinG = 1.324,-3.634,-0.990 | dist = 67.27 (meters)
bg = -0.0030,0.0215,0.0774 | ba = -0.0323,0.0684,0.0516
[34m[TIME]: 0.0043 seconds total (231.7 hz, 0.50 ms behind)
[0mq_GtoI = 0.727,-0.333,0.546,0.251 | p_IinG = 1.324,-3.635,-0.986 | dist = 67.27 (meters)
bg = -0.0030,0.0215,0.0774 | ba = -0.0342,0.0678,0.0502
[34m[TIME]: 0.0041 seconds total (242.6 hz, 0.50 ms behind)
[0mq_GtoI = 0.727,-0.332,0.547,0.250 | p_IinG = 1.324,-3.634,-0.983 | dist = 67.28 (meters)
bg = -0.0030,0.0215,0.0774 | ba = -0.0366,0.0673,0.0486
[34m[TIME]: 0.0097 seconds total (103.5 hz, 0.50 ms behind)
[0mq_GtoI = 0.728,-0.331,0.546,0.248 | p_IinG = 1.323,-3.632,-0.980 | dist = 67.28 (meters)
bg = -0.0030,0.0215,0.0774 | ba = -0.0385,0.0667,0.0472
[34m[TIME]: 0.0043 seconds total (230.5 hz, 0.50 ms behind)
[0mq_GtoI = 0.730,-0.331,0.545,0.247 | p_IinG = 1.321,-3.628,-0.977 | dist = 67.29 (meters)
bg = -0.0030,0.0215,0.0774 | ba = -0.0403,0.0663,0.0459
[34m[TIME]: 0.0041 seconds total (243.5 hz, 0.50 ms behind)
[0mq_GtoI = 0.731,-0.331,0.544,0.244 | p_IinG = 1.319,-3.624,-0.972 | dist = 67.29 (meters)
bg = -0.0030,0.0215,0.0774 | ba = -0.0420,0.0660,0.0446
[34m[TIME]: 0.0041 seconds total (245.0 hz, 0.50 ms behind)
[0mq_GtoI = 0.734,-0.330,0.542,0.243 | p_IinG = 1.317,-3.619,-0.965 | dist = 67.30 (meters)
bg = -0.0030,0.0215,0.0774 | ba = -0.0438,0.0657,0.0434
[34m[TIME]: 0.0042 seconds total (238.8 hz, 0.50 ms behind)
[0mq_GtoI = 0.736,-0.330,0.540,0.241 | p_IinG = 1.314,-3.613,-0.957 | dist = 67.31 (meters)
bg = -0.0030,0.0215,0.0774 | ba = -0.0447,0.0654,0.0426
[34m[TIME]: 0.0041 seconds total (244.1 hz, 0.50 ms behind)
[0mq_GtoI = 0.738,-0.329,0.538,0.240 | p_IinG = 1.312,-3.607,-0.945 | dist = 67.33 (meters)
bg = -0.0030,0.0215,0.0774 | ba = -0.0451,0.0653,0.0422
[34m[TIME]: 0.0060 seconds total (167.6 hz, 0.50 ms behind)
[0mq_GtoI = 0.739,-0.329,0.538,0.237 | p_IinG = 1.309,-3.600,-0.931 | dist = 67.34 (meters)
bg = -0.0030,0.0215,0.0774 | ba = -0.0450,0.0654,0.0422
[34m[TIME]: 0.0041 seconds total (245.2 hz, 0.50 ms behind)
[0mq_GtoI = 0.740,-0.328,0.537,0.236 | p_IinG = 1.306,-3.593,-0.915 | dist = 67.36 (meters)
bg = -0.0030,0.0215,0.0774 | ba = -0.0440,0.0652,0.0424
[34m[TIME]: 0.0041 seconds total (245.6 hz, 0.50 ms behind)
[0mq_GtoI = 0.741,-0.326,0.538,0.235 | p_IinG = 1.302,-3.585,-0.896 | dist = 67.38 (meters)
bg = -0.0030,0.0215,0.0774 | ba = -0.0421,0.0649,0.0430
[34m[TIME]: 0.0040 seconds total (248.4 hz, 0.50 ms behind)
[0mq_GtoI = 0.742,-0.325,0.537,0.235 | p_IinG = 1.298,-3.577,-0.875 | dist = 67.41 (meters)
bg = -0.0030,0.0215,0.0774 | ba = -0.0396,0.0645,0.0439
[34m[TIME]: 0.0041 seconds total (244.9 hz, 0.50 ms behind)
[0mq_GtoI = 0.743,-0.324,0.537,0.233 | p_IinG = 1.293,-3.568,-0.852 | dist = 67.43 (meters)
bg = -0.0030,0.0215,0.0774 | ba = -0.0366,0.0640,0.0451
[34m[TIME]: 0.0040 seconds total (248.8 hz, 0.50 ms behind)
[0mq_GtoI = 0.744,-0.322,0.537,0.234 | p_IinG = 1.288,-3.559,-0.828 | dist = 67.46 (meters)
bg = -0.0029,0.0215,0.0774 | ba = -0.0325,0.0637,0.0471
[34m[TIME]: 0.0052 seconds total (192.9 hz, 0.50 ms behind)
[0mq_GtoI = 0.745,-0.321,0.536,0.233 | p_IinG = 1.284,-3.550,-0.802 | dist = 67.49 (meters)
bg = -0.0029,0.0215,0.0774 | ba = -0.0293,0.0640,0.0484
[34m[TIME]: 0.0075 seconds total (132.6 hz, 0.50 ms behind)
[0mq_GtoI = 0.746,-0.320,0.536,0.232 | p_IinG = 1.279,-3.540,-0.776 | dist = 67.52 (meters)
bg = -0.0029,0.0215,0.0774 | ba = -0.0258,0.0643,0.0500
[34m[TIME]: 0.0044 seconds total (228.0 hz, 0.50 ms behind)
[0mq_GtoI = 0.747,-0.319,0.535,0.232 | p_IinG = 1.274,-3.531,-0.748 | dist = 67.55 (meters)
bg = -0.0029,0.0215,0.0774 | ba = -0.0222,0.0646,0.0515
[34m[TIME]: 0.0042 seconds total (239.3 hz, 0.50 ms behind)
[0mq_GtoI = 0.748,-0.318,0.535,0.232 | p_IinG = 1.269,-3.520,-0.719 | dist = 67.58 (meters)
bg = -0.0029,0.0215,0.0774 | ba = -0.0185,0.0650,0.0529
[34m[TIME]: 0.0040 seconds total (248.0 hz, 0.50 ms behind)
[0mq_GtoI = 0.749,-0.317,0.533,0.232 | p_IinG = 1.263,-3.508,-0.688 | dist = 67.61 (meters)
bg = -0.0029,0.0215,0.0774 | ba = -0.0153,0.0657,0.0544
[34m[TIME]: 0.0041 seconds total (242.7 hz, 0.50 ms behind)
[0mq_GtoI = 0.750,-0.316,0.531,0.233 | p_IinG = 1.256,-3.495,-0.658 | dist = 67.65 (meters)
bg = -0.0029,0.0214,0.0774 | ba = -0.0105,0.0653,0.0585
[34m[TIME]: 0.0117 seconds total (85.7 hz, 0.50 ms behind)
[0mq_GtoI = 0.751,-0.316,0.530,0.234 | p_IinG = 1.251,-3.483,-0.629 | dist = 67.68 (meters)
bg = -0.0029,0.0214,0.0774 | ba = -0.0083,0.0664,0.0594
[34m[TIME]: 0.0085 seconds total (118.1 hz, 0.50 ms behind)
[0mq_GtoI = 0.752,-0.316,0.530,0.234 | p_IinG = 1.247,-3.470,-0.600 | dist = 67.71 (meters)
bg = -0.0029,0.0214,0.0774 | ba = -0.0061,0.0675,0.0603
[34m[TIME]: 0.0081 seconds total (123.7 hz, 0.50 ms behind)
[0mq_GtoI = 0.752,-0.316,0.529,0.234 | p_IinG = 1.243,-3.457,-0.574 | dist = 67.74 (meters)
bg = -0.0029,0.0214,0.0774 | ba = -0.0041,0.0686,0.0613
[34m[TIME]: 0.0046 seconds total (219.4 hz, 0.50 ms behind)
[0mq_GtoI = 0.752,-0.318,0.528,0.232 | p_IinG = 1.240,-3.444,-0.549 | dist = 67.77 (meters)
bg = -0.0029,0.0214,0.0775 | ba = -0.0018,0.0694,0.0621
[34m[TIME]: 0.0043 seconds total (231.6 hz, 0.50 ms behind)
[0mq_GtoI = 0.755,-0.319,0.524,0.232 | p_IinG = 1.237,-3.430,-0.527 | dist = 67.80 (meters)
bg = -0.0029,0.0214,0.0775 | ba = 0.0005,0.0700,0.0628
[34m[TIME]: 0.0046 seconds total (215.7 hz, 0.50 ms behind)
[0mq_GtoI = 0.757,-0.322,0.520,0.230 | p_IinG = 1.235,-3.417,-0.504 | dist = 67.82 (meters)
bg = -0.0029,0.0214,0.0775 | ba = 0.0021,0.0710,0.0633
[34m[TIME]: 0.0114 seconds total (87.7 hz, 0.50 ms behind)
[0mq_GtoI = 0.757,-0.327,0.520,0.225 | p_IinG = 1.233,-3.391,-0.460 | dist = 67.87 (meters)
bg = -0.0029,0.0214,0.0775 | ba = 0.0031,0.0717,0.0639
[34m[TIME]: 0.0046 seconds total (215.7 hz, 0.50 ms behind)
[0mq_GtoI = 0.754,-0.329,0.523,0.223 | p_IinG = 1.233,-3.378,-0.437 | dist = 67.90 (meters)
bg = -0.0029,0.0214,0.0775 | ba = 0.0032,0.0721,0.0642
[34m[TIME]: 0.0048 seconds total (210.4 hz, 0.50 ms behind)
[0mq_GtoI = 0.751,-0.332,0.526,0.219 | p_IinG = 1.234,-3.367,-0.415 | dist = 67.92 (meters)
bg = -0.0029,0.0214,0.0775 | ba = 0.0032,0.0725,0.0646
[34m[TIME]: 0.0050 seconds total (198.8 hz, 0.50 ms behind)
[0mq_GtoI = 0.749,-0.334,0.530,0.217 | p_IinG = 1.234,-3.356,-0.392 | dist = 67.95 (meters)
bg = -0.0029,0.0214,0.0775 | ba = 0.0024,0.0724,0.0647
[34m[TIME]: 0.0047 seconds total (214.5 hz, 0.50 ms behind)
[0mq_GtoI = 0.747,-0.333,0.534,0.215 | p_IinG = 1.235,-3.345,-0.370 | dist = 67.97 (meters)
bg = -0.0029,0.0214,0.0775 | ba = 0.0019,0.0726,0.0650
[34m[TIME]: 0.0050 seconds total (200.4 hz, 0.50 ms behind)
[0mq_GtoI = 0.746,-0.333,0.537,0.211 | p_IinG = 1.237,-3.336,-0.348 | dist = 68.00 (meters)
bg = -0.0029,0.0215,0.0775 | ba = 0.0006,0.0729,0.0634
[34m[TIME]: 0.0117 seconds total (85.6 hz, 0.50 ms behind)
[0mq_GtoI = 0.747,-0.332,0.538,0.208 | p_IinG = 1.236,-3.327,-0.328 | dist = 68.02 (meters)
bg = -0.0029,0.0215,0.0775 | ba = 0.0001,0.0726,0.0634
[34m[TIME]: 0.0045 seconds total (223.4 hz, 0.50 ms behind)
[0mq_GtoI = 0.749,-0.331,0.537,0.204 | p_IinG = 1.235,-3.319,-0.309 | dist = 68.04 (meters)
bg = -0.0029,0.0215,0.0775 | ba = -0.0005,0.0721,0.0632
[34m[TIME]: 0.0044 seconds total (225.5 hz, 0.50 ms behind)
[0mq_GtoI = 0.752,-0.331,0.534,0.200 | p_IinG = 1.234,-3.312,-0.290 | dist = 68.06 (meters)
bg = -0.0029,0.0215,0.0775 | ba = -0.0010,0.0716,0.0630
[34m[TIME]: 0.0063 seconds total (158.1 hz, 0.50 ms behind)
[0mq_GtoI = 0.755,-0.330,0.531,0.197 | p_IinG = 1.231,-3.307,-0.273 | dist = 68.08 (meters)
bg = -0.0029,0.0215,0.0775 | ba = -0.0018,0.0707,0.0626
[34m[TIME]: 0.0044 seconds total (229.8 hz, 0.50 ms behind)
[0mq_GtoI = 0.759,-0.328,0.527,0.197 | p_IinG = 1.229,-3.303,-0.255 | dist = 68.10 (meters)
bg = -0.0029,0.0215,0.0775 | ba = -0.0028,0.0702,0.0620
[34m[TIME]: 0.0043 seconds total (230.7 hz, 0.50 ms behind)
[0mq_GtoI = 0.762,-0.325,0.524,0.199 | p_IinG = 1.226,-3.300,-0.236 | dist = 68.11 (meters)
bg = -0.0029,0.0215,0.0775 | ba = -0.0044,0.0697,0.0613
[34m[TIME]: 0.0055 seconds total (183.5 hz, 0.50 ms behind)
[0mq_GtoI = 0.765,-0.321,0.521,0.202 | p_IinG = 1.224,-3.299,-0.218 | dist = 68.13 (meters)
bg = -0.0029,0.0215,0.0775 | ba = -0.0056,0.0692,0.0607
[34m[TIME]: 0.0081 seconds total (122.8 hz, 0.50 ms behind)
[0mq_GtoI = 0.767,-0.318,0.519,0.205 | p_IinG = 1.222,-3.299,-0.200 | dist = 68.15 (meters)
bg = -0.0029,0.0215,0.0775 | ba = -0.0071,0.0688,0.0601
[34m[TIME]: 0.0046 seconds total (219.7 hz, 0.50 ms behind)
[0mq_GtoI = 0.767,-0.316,0.519,0.206 | p_IinG = 1.221,-3.300,-0.182 | dist = 68.17 (meters)
bg = -0.0029,0.0215,0.0775 | ba = -0.0086,0.0683,0.0594
[34m[TIME]: 0.0044 seconds total (226.9 hz, 0.50 ms behind)
[0mq_GtoI = 0.766,-0.314,0.521,0.208 | p_IinG = 1.221,-3.302,-0.165 | dist = 68.18 (meters)
bg = -0.0029,0.0215,0.0775 | ba = -0.0099,0.0678,0.0588
[34m[TIME]: 0.0044 seconds total (226.8 hz, 0.50 ms behind)
[0mq_GtoI = 0.764,-0.311,0.525,0.209 | p_IinG = 1.222,-3.304,-0.147 | dist = 68.20 (meters)
bg = -0.0029,0.0215,0.0775 | ba = -0.0110,0.0670,0.0581
[34m[TIME]: 0.0044 seconds total (228.9 hz, 0.50 ms behind)
[0mq_GtoI = 0.763,-0.307,0.529,0.210 | p_IinG = 1.224,-3.308,-0.131 | dist = 68.22 (meters)
bg = -0.0029,0.0215,0.0775 | ba = -0.0115,0.0664,0.0562
[34m[TIME]: 0.0061 seconds total (163.4 hz, 0.50 ms behind)
[0mq_GtoI = 0.762,-0.303,0.534,0.209 | p_IinG = 1.226,-3.311,-0.115 | dist = 68.23 (meters)
bg = -0.0029,0.0215,0.0775 | ba = -0.0121,0.0654,0.0555
[34m[TIME]: 0.0072 seconds total (138.7 hz, 0.50 ms behind)
[0mq_GtoI = 0.760,-0.298,0.539,0.207 | p_IinG = 1.229,-3.315,-0.097 | dist = 68.25 (meters)
bg = -0.0029,0.0215,0.0775 | ba = -0.0127,0.0646,0.0547
[34m[TIME]: 0.0047 seconds total (211.6 hz, 0.50 ms behind)
[0mq_GtoI = 0.760,-0.291,0.544,0.204 | p_IinG = 1.232,-3.318,-0.078 | dist = 68.27 (meters)
bg = -0.0029,0.0215,0.0775 | ba = -0.0133,0.0639,0.0539
[34m[TIME]: 0.0046 seconds total (215.9 hz, 0.50 ms behind)
[0mq_GtoI = 0.761,-0.285,0.548,0.200 | p_IinG = 1.234,-3.321,-0.057 | dist = 68.29 (meters)
bg = -0.0029,0.0215,0.0775 | ba = -0.0138,0.0631,0.0530
[34m[TIME]: 0.0061 seconds total (163.6 hz, 0.50 ms behind)
[0mq_GtoI = 0.763,-0.277,0.550,0.195 | p_IinG = 1.237,-3.324,-0.036 | dist = 68.31 (meters)
bg = -0.0029,0.0215,0.0775 | ba = -0.0143,0.0620,0.0523
[34m[TIME]: 0.0050 seconds total (200.9 hz, 0.50 ms behind)
[0mq_GtoI = 0.766,-0.269,0.552,0.190 | p_IinG = 1.239,-3.326,-0.013 | dist = 68.33 (meters)
bg = -0.0029,0.0215,0.0775 | ba = -0.0154,0.0611,0.0515
[34m[TIME]: 0.0058 seconds total (172.5 hz, 0.50 ms behind)
[0mq_GtoI = 0.770,-0.261,0.553,0.184 | p_IinG = 1.242,-3.329,0.008 | dist = 68.35 (meters)
bg = -0.0029,0.0215,0.0775 | ba = -0.0163,0.0602,0.0508
[34m[TIME]: 0.0048 seconds total (209.7 hz, 0.50 ms behind)
[0mq_GtoI = 0.773,-0.252,0.554,0.179 | p_IinG = 1.244,-3.332,0.028 | dist = 68.37 (meters)
bg = -0.0028,0.0215,0.0775 | ba = -0.0170,0.0592,0.0502
[34m[TIME]: 0.0049 seconds total (203.8 hz, 0.50 ms behind)
[0mq_GtoI = 0.778,-0.243,0.553,0.172 | p_IinG = 1.246,-3.334,0.046 | dist = 68.39 (meters)
bg = -0.0028,0.0215,0.0775 | ba = -0.0183,0.0583,0.0495
[34m[TIME]: 0.0048 seconds total (207.0 hz, 0.50 ms behind)
[0mq_GtoI = 0.781,-0.234,0.555,0.166 | p_IinG = 1.247,-3.336,0.064 | dist = 68.41 (meters)
bg = -0.0028,0.0216,0.0775 | ba = -0.0193,0.0570,0.0498
[34m[TIME]: 0.0089 seconds total (112.3 hz, 0.50 ms behind)
[0mq_GtoI = 0.784,-0.225,0.556,0.159 | p_IinG = 1.248,-3.339,0.079 | dist = 68.42 (meters)
bg = -0.0028,0.0216,0.0775 | ba = -0.0202,0.0557,0.0495
[34m[TIME]: 0.0048 seconds total (210.0 hz, 0.50 ms behind)
[0mq_GtoI = 0.788,-0.215,0.557,0.154 | p_IinG = 1.250,-3.342,0.092 | dist = 68.43 (meters)
bg = -0.0028,0.0216,0.0775 | ba = -0.0213,0.0543,0.0492
[34m[TIME]: 0.0065 seconds total (154.9 hz, 0.50 ms behind)
[0mq_GtoI = 0.791,-0.205,0.557,0.148 | p_IinG = 1.251,-3.343,0.104 | dist = 68.44 (meters)
bg = -0.0028,0.0216,0.0775 | ba = -0.0224,0.0537,0.0489
[34m[TIME]: 0.0046 seconds total (215.9 hz, 0.50 ms behind)
[0mq_GtoI = 0.794,-0.193,0.559,0.144 | p_IinG = 1.252,-3.345,0.114 | dist = 68.45 (meters)
bg = -0.0028,0.0216,0.0775 | ba = -0.0236,0.0529,0.0490
[34m[TIME]: 0.0045 seconds total (220.4 hz, 0.50 ms behind)
[0mq_GtoI = 0.797,-0.181,0.560,0.140 | p_IinG = 1.252,-3.344,0.124 | dist = 68.46 (meters)
bg = -0.0028,0.0216,0.0775 | ba = -0.0257,0.0528,0.0516
[34m[TIME]: 0.0082 seconds total (122.0 hz, 0.50 ms behind)
[0mq_GtoI = 0.800,-0.169,0.560,0.135 | p_IinG = 1.253,-3.345,0.131 | dist = 68.46 (meters)
bg = -0.0028,0.0216,0.0775 | ba = -0.0265,0.0519,0.0518
[34m[TIME]: 0.0044 seconds total (225.7 hz, 0.50 ms behind)
[0mq_GtoI = 0.802,-0.158,0.561,0.129 | p_IinG = 1.255,-3.345,0.136 | dist = 68.47 (meters)
bg = -0.0028,0.0216,0.0775 | ba = -0.0273,0.0509,0.0524
[34m[TIME]: 0.0044 seconds total (227.0 hz, 0.50 ms behind)
[0mq_GtoI = 0.805,-0.146,0.562,0.123 | p_IinG = 1.256,-3.344,0.140 | dist = 68.47 (meters)
bg = -0.0028,0.0216,0.0775 | ba = -0.0288,0.0498,0.0531
[34m[TIME]: 0.0052 seconds total (192.6 hz, 0.50 ms behind)
[0mq_GtoI = 0.807,-0.135,0.563,0.117 | p_IinG = 1.258,-3.342,0.142 | dist = 68.47 (meters)
bg = -0.0028,0.0216,0.0775 | ba = -0.0293,0.0492,0.0536
[34m[TIME]: 0.0042 seconds total (240.3 hz, 0.50 ms behind)
[0mq_GtoI = 0.810,-0.123,0.563,0.110 | p_IinG = 1.261,-3.339,0.142 | dist = 68.48 (meters)
bg = -0.0028,0.0216,0.0775 | ba = -0.0302,0.0484,0.0540
[34m[TIME]: 0.0078 seconds total (128.7 hz, 0.50 ms behind)
[0mq_GtoI = 0.812,-0.110,0.564,0.105 | p_IinG = 1.264,-3.336,0.141 | dist = 68.48 (meters)
bg = -0.0028,0.0216,0.0775 | ba = -0.0310,0.0477,0.0546
[34m[TIME]: 0.0041 seconds total (241.3 hz, 0.50 ms behind)
[0mq_GtoI = 0.813,-0.097,0.565,0.100 | p_IinG = 1.268,-3.331,0.138 | dist = 68.49 (meters)
bg = -0.0027,0.0216,0.0775 | ba = -0.0318,0.0472,0.0550
[34m[TIME]: 0.0040 seconds total (248.1 hz, 0.50 ms behind)
[0mq_GtoI = 0.814,-0.087,0.567,0.094 | p_IinG = 1.271,-3.326,0.134 | dist = 68.50 (meters)
bg = -0.0027,0.0216,0.0775 | ba = -0.0321,0.0465,0.0560
[34m[TIME]: 0.0040 seconds total (250.9 hz, 0.50 ms behind)
[0mq_GtoI = 0.814,-0.079,0.569,0.087 | p_IinG = 1.275,-3.320,0.131 | dist = 68.50 (meters)
bg = -0.0027,0.0216,0.0775 | ba = -0.0324,0.0458,0.0573
[34m[TIME]: 0.0040 seconds total (247.0 hz, 0.50 ms behind)
[0mq_GtoI = 0.814,-0.075,0.570,0.079 | p_IinG = 1.279,-3.313,0.128 | dist = 68.51 (meters)
bg = -0.0027,0.0216,0.0775 | ba = -0.0325,0.0455,0.0588
[34m[TIME]: 0.0067 seconds total (148.5 hz, 0.50 ms behind)
[0mq_GtoI = 0.814,-0.072,0.572,0.072 | p_IinG = 1.283,-3.305,0.127 | dist = 68.52 (meters)
bg = -0.0027,0.0216,0.0775 | ba = -0.0326,0.0457,0.0604
[34m[TIME]: 0.0038 seconds total (260.0 hz, 0.50 ms behind)
[0mq_GtoI = 0.814,-0.070,0.573,0.066 | p_IinG = 1.285,-3.295,0.128 | dist = 68.53 (meters)
bg = -0.0027,0.0216,0.0775 | ba = -0.0328,0.0479,0.0629
[34m[TIME]: 0.0053 seconds total (189.1 hz, 0.50 ms behind)
[0mq_GtoI = 0.813,-0.068,0.574,0.062 | p_IinG = 1.287,-3.286,0.131 | dist = 68.54 (meters)
bg = -0.0027,0.0216,0.0775 | ba = -0.0324,0.0482,0.0649
[34m[TIME]: 0.0039 seconds total (258.2 hz, 0.50 ms behind)
[0mq_GtoI = 0.813,-0.067,0.575,0.059 | p_IinG = 1.288,-3.276,0.135 | dist = 68.55 (meters)
bg = -0.0027,0.0216,0.0775 | ba = -0.0319,0.0488,0.0669
[34m[TIME]: 0.0072 seconds total (139.7 hz, 0.50 ms behind)
[0mq_GtoI = 0.813,-0.067,0.575,0.056 | p_IinG = 1.289,-3.266,0.139 | dist = 68.56 (meters)
bg = -0.0027,0.0216,0.0775 | ba = -0.0316,0.0497,0.0685
[34m[TIME]: 0.0040 seconds total (252.1 hz, 0.50 ms behind)
[0mq_GtoI = 0.813,-0.066,0.576,0.056 | p_IinG = 1.290,-3.256,0.142 | dist = 68.57 (meters)
bg = -0.0027,0.0216,0.0775 | ba = -0.0307,0.0511,0.0700
[34m[TIME]: 0.0038 seconds total (260.3 hz, 0.50 ms behind)
[0mq_GtoI = 0.812,-0.066,0.577,0.057 | p_IinG = 1.291,-3.246,0.144 | dist = 68.58 (meters)
bg = -0.0027,0.0216,0.0775 | ba = -0.0303,0.0521,0.0714
[34m[TIME]: 0.0037 seconds total (268.7 hz, 0.50 ms behind)
[0mq_GtoI = 0.812,-0.066,0.577,0.057 | p_IinG = 1.291,-3.235,0.144 | dist = 68.59 (meters)
bg = -0.0027,0.0216,0.0775 | ba = -0.0300,0.0533,0.0724
[34m[TIME]: 0.0038 seconds total (263.9 hz, 0.50 ms behind)
[0mq_GtoI = 0.812,-0.067,0.577,0.057 | p_IinG = 1.292,-3.223,0.143 | dist = 68.60 (meters)
bg = -0.0027,0.0216,0.0775 | ba = -0.0297,0.0547,0.0730
[34m[TIME]: 0.0057 seconds total (175.4 hz, 0.50 ms behind)
[0mq_GtoI = 0.812,-0.068,0.577,0.058 | p_IinG = 1.292,-3.211,0.140 | dist = 68.61 (meters)
bg = -0.0026,0.0216,0.0775 | ba = -0.0295,0.0560,0.0736
[34m[TIME]: 0.0036 seconds total (275.3 hz, 0.50 ms behind)
[0mq_GtoI = 0.811,-0.069,0.578,0.059 | p_IinG = 1.291,-3.199,0.138 | dist = 68.63 (meters)
bg = -0.0026,0.0216,0.0775 | ba = -0.0289,0.0574,0.0745
[34m[TIME]: 0.0038 seconds total (265.4 hz, 0.50 ms behind)
[0mq_GtoI = 0.809,-0.070,0.580,0.060 | p_IinG = 1.290,-3.186,0.138 | dist = 68.64 (meters)
bg = -0.0026,0.0216,0.0775 | ba = -0.0283,0.0589,0.0753
[34m[TIME]: 0.0038 seconds total (265.8 hz, 0.50 ms behind)
[0mq_GtoI = 0.807,-0.071,0.583,0.061 | p_IinG = 1.290,-3.174,0.140 | dist = 68.65 (meters)
bg = -0.0026,0.0216,0.0776 | ba = -0.0275,0.0604,0.0760
[34m[TIME]: 0.0036 seconds total (276.4 hz, 0.50 ms behind)
[0mq_GtoI = 0.805,-0.072,0.585,0.062 | p_IinG = 1.286,-3.158,0.141 | dist = 68.66 (meters)
bg = -0.0026,0.0216,0.0776 | ba = -0.0258,0.0668,0.0775
[34m[TIME]: 0.0060 seconds total (168.0 hz, 0.50 ms behind)
[0mq_GtoI = 0.804,-0.072,0.587,0.065 | p_IinG = 1.284,-3.144,0.145 | dist = 68.68 (meters)
bg = -0.0026,0.0216,0.0776 | ba = -0.0250,0.0679,0.0778
[34m[TIME]: 0.0038 seconds total (264.1 hz, 0.50 ms behind)
[0mq_GtoI = 0.803,-0.072,0.588,0.067 | p_IinG = 1.281,-3.129,0.150 | dist = 68.69 (meters)
bg = -0.0026,0.0216,0.0776 | ba = -0.0240,0.0692,0.0782
[34m[TIME]: 0.0037 seconds total (272.0 hz, 0.50 ms behind)
[0mq_GtoI = 0.803,-0.073,0.588,0.069 | p_IinG = 1.278,-3.113,0.156 | dist = 68.71 (meters)
bg = -0.0026,0.0216,0.0776 | ba = -0.0231,0.0706,0.0785
[34m[TIME]: 0.0038 seconds total (263.2 hz, 0.50 ms behind)
[0mq_GtoI = 0.803,-0.072,0.588,0.070 | p_IinG = 1.274,-3.097,0.164 | dist = 68.73 (meters)
bg = -0.0026,0.0216,0.0776 | ba = -0.0221,0.0722,0.0790
[34m[TIME]: 0.0036 seconds total (277.5 hz, 0.50 ms behind)
[0mq_GtoI = 0.803,-0.072,0.587,0.070 | p_IinG = 1.269,-3.079,0.173 | dist = 68.75 (meters)
bg = -0.0026,0.0216,0.0776 | ba = -0.0216,0.0737,0.0799
[34m[TIME]: 0.0036 seconds total (276.0 hz, 0.50 ms behind)
[0mq_GtoI = 0.803,-0.071,0.587,0.068 | p_IinG = 1.263,-3.061,0.183 | dist = 68.77 (meters)
bg = -0.0026,0.0216,0.0776 | ba = -0.0215,0.0751,0.0813
[34m[TIME]: 0.0037 seconds total (268.0 hz, 0.50 ms behind)
[0mq_GtoI = 0.804,-0.068,0.587,0.067 | p_IinG = 1.256,-3.042,0.193 | dist = 68.79 (meters)
bg = -0.0026,0.0216,0.0776 | ba = -0.0211,0.0764,0.0832
[34m[TIME]: 0.0037 seconds total (269.8 hz, 0.50 ms behind)
[0mq_GtoI = 0.806,-0.064,0.585,0.065 | p_IinG = 1.248,-3.021,0.200 | dist = 68.81 (meters)
bg = -0.0026,0.0216,0.0776 | ba = -0.0206,0.0774,0.0849
[34m[TIME]: 0.0036 seconds total (277.5 hz, 0.50 ms behind)
[0mq_GtoI = 0.807,-0.059,0.584,0.063 | p_IinG = 1.240,-3.000,0.206 | dist = 68.83 (meters)
bg = -0.0026,0.0216,0.0776 | ba = -0.0203,0.0782,0.0863
[34m[TIME]: 0.0037 seconds total (268.7 hz, 0.50 ms behind)
[0mq_GtoI = 0.808,-0.053,0.584,0.059 | p_IinG = 1.232,-2.977,0.211 | dist = 68.86 (meters)
bg = -0.0026,0.0216,0.0776 | ba = -0.0200,0.0787,0.0878
[34m[TIME]: 0.0068 seconds total (146.6 hz, 0.50 ms behind)
[0mq_GtoI = 0.809,-0.047,0.584,0.053 | p_IinG = 1.223,-2.955,0.215 | dist = 68.88 (meters)
bg = -0.0026,0.0216,0.0776 | ba = -0.0205,0.0785,0.0892
[34m[TIME]: 0.0039 seconds total (254.8 hz, 0.50 ms behind)
[0mq_GtoI = 0.809,-0.041,0.584,0.048 | p_IinG = 1.212,-2.930,0.218 | dist = 68.91 (meters)
bg = -0.0026,0.0217,0.0776 | ba = -0.0203,0.0795,0.0913
[34m[TIME]: 0.0092 seconds total (109.1 hz, 0.50 ms behind)
[0mq_GtoI = 0.810,-0.034,0.584,0.043 | p_IinG = 1.202,-2.907,0.220 | dist = 68.93 (meters)
bg = -0.0026,0.0217,0.0776 | ba = -0.0204,0.0794,0.0928
[34m[TIME]: 0.0048 seconds total (206.7 hz, 0.50 ms behind)
[0mq_GtoI = 0.810,-0.028,0.585,0.037 | p_IinG = 1.192,-2.882,0.220 | dist = 68.96 (meters)
bg = -0.0026,0.0217,0.0776 | ba = -0.0206,0.0790,0.0941
[34m[TIME]: 0.0047 seconds total (211.0 hz, 0.50 ms behind)
[0mq_GtoI = 0.810,-0.023,0.585,0.034 | p_IinG = 1.181,-2.858,0.219 | dist = 68.98 (meters)
bg = -0.0026,0.0217,0.0776 | ba = -0.0209,0.0787,0.0952
[34m[TIME]: 0.0049 seconds total (205.8 hz, 0.50 ms behind)
[0mq_GtoI = 0.810,-0.019,0.585,0.030 | p_IinG = 1.169,-2.833,0.217 | dist = 69.01 (meters)
bg = -0.0026,0.0217,0.0776 | ba = -0.0213,0.0785,0.0961
[34m[TIME]: 0.0046 seconds total (215.6 hz, 0.50 ms behind)
[0mq_GtoI = 0.811,-0.014,0.585,0.028 | p_IinG = 1.158,-2.807,0.214 | dist = 69.04 (meters)
bg = -0.0026,0.0217,0.0776 | ba = -0.0219,0.0784,0.0969
[34m[TIME]: 0.0066 seconds total (151.0 hz, 0.50 ms behind)
[0mq_GtoI = 0.811,-0.011,0.585,0.025 | p_IinG = 1.146,-2.781,0.210 | dist = 69.07 (meters)
bg = -0.0026,0.0216,0.0776 | ba = -0.0224,0.0783,0.0977
[34m[TIME]: 0.0046 seconds total (219.5 hz, 0.50 ms behind)
[0mq_GtoI = 0.811,-0.009,0.585,0.023 | p_IinG = 1.132,-2.754,0.208 | dist = 69.10 (meters)
bg = -0.0026,0.0216,0.0776 | ba = -0.0225,0.0783,0.0985
[34m[TIME]: 0.0047 seconds total (211.8 hz, 0.50 ms behind)
[0mq_GtoI = 0.811,-0.007,0.584,0.021 | p_IinG = 1.118,-2.726,0.206 | dist = 69.13 (meters)
bg = -0.0026,0.0216,0.0776 | ba = -0.0233,0.0783,0.0991
[34m[TIME]: 0.0045 seconds total (221.1 hz, 0.50 ms behind)
[0mq_GtoI = 0.811,-0.006,0.584,0.019 | p_IinG = 1.102,-2.698,0.206 | dist = 69.16 (meters)
bg = -0.0026,0.0216,0.0776 | ba = -0.0242,0.0780,0.0998
[34m[TIME]: 0.0049 seconds total (202.1 hz, 0.50 ms behind)
[0mq_GtoI = 0.813,-0.005,0.582,0.018 | p_IinG = 1.086,-2.670,0.209 | dist = 69.19 (meters)
bg = -0.0026,0.0216,0.0776 | ba = -0.0259,0.0778,0.1008
[34m[TIME]: 0.0051 seconds total (194.3 hz, 0.50 ms behind)
[0mq_GtoI = 0.816,-0.005,0.578,0.017 | p_IinG = 1.065,-2.640,0.217 | dist = 69.22 (meters)
bg = -0.0026,0.0217,0.0776 | ba = -0.0325,0.0814,0.1060
[34m[TIME]: 0.0127 seconds total (78.6 hz, 0.50 ms behind)
[0mq_GtoI = 0.820,-0.005,0.573,0.016 | p_IinG = 1.048,-2.611,0.223 | dist = 69.26 (meters)
bg = -0.0026,0.0216,0.0776 | ba = -0.0329,0.0809,0.1070
[34m[TIME]: 0.0067 seconds total (148.7 hz, 0.50 ms behind)
[0mq_GtoI = 0.823,-0.004,0.568,0.016 | p_IinG = 1.032,-2.582,0.230 | dist = 69.29 (meters)
bg = -0.0026,0.0216,0.0776 | ba = -0.0336,0.0806,0.1074
[34m[TIME]: 0.0051 seconds total (194.3 hz, 0.50 ms behind)
[0mq_GtoI = 0.825,-0.005,0.565,0.015 | p_IinG = 1.018,-2.553,0.239 | dist = 69.32 (meters)
bg = -0.0026,0.0216,0.0776 | ba = -0.0345,0.0803,0.1080
[34m[TIME]: 0.0051 seconds total (197.8 hz, 0.50 ms behind)
[0mq_GtoI = 0.825,-0.005,0.565,0.016 | p_IinG = 1.005,-2.524,0.247 | dist = 69.36 (meters)
bg = -0.0026,0.0216,0.0776 | ba = -0.0356,0.0800,0.1086
[34m[TIME]: 0.0095 seconds total (105.4 hz, 0.50 ms behind)
[0mq_GtoI = 0.825,-0.004,0.564,0.018 | p_IinG = 0.992,-2.496,0.255 | dist = 69.39 (meters)
bg = -0.0026,0.0216,0.0776 | ba = -0.0372,0.0798,0.1094
[34m[TIME]: 0.0055 seconds total (181.1 hz, 0.50 ms behind)
[0mq_GtoI = 0.824,-0.004,0.566,0.020 | p_IinG = 0.980,-2.466,0.261 | dist = 69.42 (meters)
bg = -0.0025,0.0216,0.0776 | ba = -0.0380,0.0800,0.1101
[34m[TIME]: 0.0098 seconds total (102.3 hz, 0.50 ms behind)
[0mq_GtoI = 0.823,-0.006,0.567,0.019 | p_IinG = 0.968,-2.436,0.265 | dist = 69.45 (meters)
bg = -0.0025,0.0216,0.0776 | ba = -0.0385,0.0804,0.1108
[34m[TIME]: 0.0054 seconds total (185.7 hz, 0.50 ms behind)
[0mq_GtoI = 0.823,-0.007,0.568,0.019 | p_IinG = 0.957,-2.405,0.268 | dist = 69.49 (meters)
bg = -0.0025,0.0216,0.0776 | ba = -0.0388,0.0810,0.1116
[34m[TIME]: 0.0049 seconds total (204.0 hz, 0.50 ms behind)
[0mq_GtoI = 0.822,-0.008,0.569,0.018 | p_IinG = 0.946,-2.375,0.270 | dist = 69.52 (meters)
bg = -0.0025,0.0216,0.0776 | ba = -0.0390,0.0816,0.1125
[34m[TIME]: 0.0050 seconds total (201.0 hz, 0.50 ms behind)
[0mq_GtoI = 0.820,-0.009,0.572,0.018 | p_IinG = 0.935,-2.343,0.270 | dist = 69.55 (meters)
bg = -0.0025,0.0216,0.0776 | ba = -0.0394,0.0823,0.1132
[34m[TIME]: 0.0054 seconds total (183.8 hz, 0.50 ms behind)
[0mq_GtoI = 0.819,-0.010,0.573,0.017 | p_IinG = 0.924,-2.312,0.270 | dist = 69.58 (meters)
bg = -0.0025,0.0216,0.0776 | ba = -0.0395,0.0834,0.1140
[34m[TIME]: 0.0050 seconds total (200.4 hz, 0.50 ms behind)
[0mq_GtoI = 0.818,-0.010,0.575,0.017 | p_IinG = 0.911,-2.279,0.268 | dist = 69.62 (meters)
bg = -0.0025,0.0216,0.0776 | ba = -0.0375,0.0865,0.1161
[34m[TIME]: 0.0101 seconds total (99.4 hz, 0.50 ms behind)
[0mq_GtoI = 0.817,-0.011,0.576,0.016 | p_IinG = 0.900,-2.247,0.267 | dist = 69.65 (meters)
bg = -0.0025,0.0216,0.0776 | ba = -0.0370,0.0876,0.1174
[34m[TIME]: 0.0066 seconds total (151.8 hz, 0.50 ms behind)
[0mq_GtoI = 0.816,-0.011,0.577,0.016 | p_IinG = 0.889,-2.215,0.268 | dist = 69.68 (meters)
bg = -0.0025,0.0216,0.0776 | ba = -0.0371,0.0879,0.1183
[34m[TIME]: 0.0052 seconds total (193.3 hz, 0.50 ms behind)
[0mq_GtoI = 0.816,-0.012,0.578,0.015 | p_IinG = 0.879,-2.183,0.270 | dist = 69.72 (meters)
bg = -0.0025,0.0216,0.0775 | ba = -0.0369,0.0885,0.1191
[34m[TIME]: 0.0050 seconds total (198.1 hz, 0.50 ms behind)
[0mq_GtoI = 0.815,-0.011,0.579,0.017 | p_IinG = 0.870,-2.151,0.274 | dist = 69.75 (meters)
bg = -0.0025,0.0216,0.0775 | ba = -0.0364,0.0891,0.1202
[34m[TIME]: 0.0078 seconds total (128.0 hz, 0.50 ms behind)
[0mq_GtoI = 0.815,-0.011,0.580,0.017 | p_IinG = 0.860,-2.119,0.280 | dist = 69.78 (meters)
bg = -0.0025,0.0216,0.0775 | ba = -0.0354,0.0895,0.1216
[34m[TIME]: 0.0049 seconds total (203.5 hz, 0.50 ms behind)
[0mq_GtoI = 0.814,-0.011,0.581,0.017 | p_IinG = 0.850,-2.087,0.287 | dist = 69.82 (meters)
bg = -0.0025,0.0216,0.0775 | ba = -0.0342,0.0897,0.1230
[34m[TIME]: 0.0092 seconds total (108.2 hz, 0.50 ms behind)
[0mq_GtoI = 0.814,-0.011,0.581,0.016 | p_IinG = 0.839,-2.055,0.294 | dist = 69.85 (meters)
bg = -0.0025,0.0216,0.0775 | ba = -0.0329,0.0900,0.1243
[34m[TIME]: 0.0051 seconds total (197.9 hz, 0.50 ms behind)
[0mq_GtoI = 0.814,-0.011,0.581,0.016 | p_IinG = 0.828,-2.022,0.301 | dist = 69.89 (meters)
bg = -0.0025,0.0216,0.0775 | ba = -0.0309,0.0903,0.1254
[34m[TIME]: 0.0052 seconds total (193.3 hz, 0.50 ms behind)
[0mq_GtoI = 0.813,-0.010,0.582,0.016 | p_IinG = 0.817,-1.989,0.307 | dist = 69.92 (meters)
bg = -0.0025,0.0216,0.0775 | ba = -0.0287,0.0906,0.1268
[34m[TIME]: 0.0050 seconds total (199.8 hz, 0.50 ms behind)
[0mq_GtoI = 0.813,-0.009,0.582,0.016 | p_IinG = 0.805,-1.957,0.311 | dist = 69.96 (meters)
bg = -0.0025,0.0216,0.0775 | ba = -0.0261,0.0909,0.1284
[34m[TIME]: 0.0056 seconds total (178.7 hz, 0.50 ms behind)
[0mq_GtoI = 0.813,-0.009,0.582,0.015 | p_IinG = 0.792,-1.924,0.313 | dist = 69.99 (meters)
bg = -0.0025,0.0216,0.0775 | ba = -0.0232,0.0913,0.1300
[34m[TIME]: 0.0094 seconds total (106.8 hz, 0.50 ms behind)
[0mq_GtoI = 0.813,-0.009,0.583,0.015 | p_IinG = 0.773,-1.889,0.312 | dist = 70.03 (meters)
bg = -0.0025,0.0216,0.0775 | ba = -0.0134,0.0936,0.1348
[34m[TIME]: 0.0100 seconds total (99.7 hz, 0.50 ms behind)
[0mq_GtoI = 0.813,-0.008,0.583,0.015 | p_IinG = 0.758,-1.856,0.311 | dist = 70.06 (meters)
bg = -0.0025,0.0216,0.0775 | ba = -0.0114,0.0939,0.1374
[34m[TIME]: 0.0066 seconds total (150.7 hz, 0.50 ms behind)
[0mq_GtoI = 0.812,-0.008,0.583,0.014 | p_IinG = 0.744,-1.823,0.310 | dist = 70.10 (meters)
bg = -0.0025,0.0216,0.0775 | ba = -0.0103,0.0939,0.1386
[34m[TIME]: 0.0053 seconds total (188.6 hz, 0.50 ms behind)
[0mq_GtoI = 0.812,-0.008,0.583,0.013 | p_IinG = 0.730,-1.790,0.308 | dist = 70.14 (meters)
bg = -0.0025,0.0216,0.0775 | ba = -0.0096,0.0938,0.1400
[34m[TIME]: 0.0051 seconds total (197.6 hz, 0.50 ms behind)
[0mq_GtoI = 0.811,-0.008,0.584,0.013 | p_IinG = 0.715,-1.757,0.307 | dist = 70.17 (meters)
bg = -0.0025,0.0216,0.0775 | ba = -0.0091,0.0938,0.1415
[34m[TIME]: 0.0051 seconds total (195.8 hz, 0.50 ms behind)
[0mq_GtoI = 0.811,-0.007,0.585,0.012 | p_IinG = 0.699,-1.723,0.308 | dist = 70.21 (meters)
bg = -0.0025,0.0216,0.0775 | ba = -0.0090,0.0936,0.1426
[34m[TIME]: 0.0047 seconds total (212.7 hz, 0.50 ms behind)
[0mq_GtoI = 0.811,-0.007,0.586,0.012 | p_IinG = 0.681,-1.690,0.310 | dist = 70.25 (meters)
bg = -0.0025,0.0216,0.0775 | ba = -0.0089,0.0938,0.1439
[34m[TIME]: 0.0051 seconds total (195.0 hz, 0.50 ms behind)
[0mq_GtoI = 0.811,-0.007,0.585,0.011 | p_IinG = 0.663,-1.656,0.313 | dist = 70.28 (meters)
bg = -0.0025,0.0216,0.0775 | ba = -0.0096,0.0942,0.1449
[34m[TIME]: 0.0071 seconds total (141.4 hz, 0.50 ms behind)
[0mq_GtoI = 0.811,-0.007,0.585,0.011 | p_IinG = 0.645,-1.622,0.318 | dist = 70.32 (meters)
bg = -0.0025,0.0216,0.0775 | ba = -0.0110,0.0949,0.1457
[34m[TIME]: 0.0050 seconds total (198.6 hz, 0.50 ms behind)
[0mq_GtoI = 0.811,-0.007,0.585,0.010 | p_IinG = 0.625,-1.587,0.325 | dist = 70.36 (meters)
bg = -0.0025,0.0216,0.0775 | ba = -0.0128,0.0955,0.1463
[34m[TIME]: 0.0090 seconds total (111.0 hz, 0.50 ms behind)
[0mq_GtoI = 0.811,-0.006,0.585,0.010 | p_IinG = 0.605,-1.553,0.333 | dist = 70.40 (meters)
bg = -0.0025,0.0216,0.0775 | ba = -0.0144,0.0961,0.1469
[34m[TIME]: 0.0095 seconds total (105.1 hz, 0.50 ms behind)
[0mq_GtoI = 0.811,-0.007,0.585,0.008 | p_IinG = 0.585,-1.519,0.340 | dist = 70.44 (meters)
bg = -0.0025,0.0216,0.0775 | ba = -0.0158,0.0965,0.1478
[34m[TIME]: 0.0053 seconds total (188.6 hz, 0.50 ms behind)
[0mq_GtoI = 0.811,-0.007,0.585,0.008 | p_IinG = 0.565,-1.482,0.350 | dist = 70.48 (meters)
bg = -0.0025,0.0216,0.0775 | ba = -0.0237,0.0988,0.1481
[34m[TIME]: 0.0089 seconds total (111.7 hz, 0.50 ms behind)
[0mq_GtoI = 0.811,-0.007,0.584,0.008 | p_IinG = 0.544,-1.448,0.355 | dist = 70.52 (meters)
bg = -0.0025,0.0216,0.0775 | ba = -0.0242,0.0991,0.1484
[34m[TIME]: 0.0062 seconds total (162.5 hz, 0.50 ms behind)
[0mq_GtoI = 0.811,-0.007,0.585,0.007 | p_IinG = 0.522,-1.413,0.359 | dist = 70.56 (meters)
bg = -0.0025,0.0216,0.0775 | ba = -0.0240,0.0994,0.1486
[34m[TIME]: 0.0047 seconds total (211.2 hz, 0.50 ms behind)
[0mq_GtoI = 0.811,-0.006,0.585,0.008 | p_IinG = 0.500,-1.379,0.360 | dist = 70.60 (meters)
bg = -0.0025,0.0216,0.0775 | ba = -0.0238,0.0997,0.1489
[34m[TIME]: 0.0087 seconds total (114.9 hz, 0.50 ms behind)
[0mq_GtoI = 0.812,-0.005,0.584,0.010 | p_IinG = 0.477,-1.346,0.361 | dist = 70.64 (meters)
bg = -0.0025,0.0216,0.0775 | ba = -0.0237,0.1001,0.1488
[34m[TIME]: 0.0055 seconds total (182.7 hz, 0.50 ms behind)
[0mq_GtoI = 0.812,-0.005,0.583,0.009 | p_IinG = 0.454,-1.311,0.360 | dist = 70.68 (meters)
bg = -0.0025,0.0216,0.0775 | ba = -0.0236,0.1006,0.1488
[34m[TIME]: 0.0047 seconds total (212.5 hz, 0.50 ms behind)
[0mq_GtoI = 0.814,-0.004,0.581,0.011 | p_IinG = 0.431,-1.277,0.357 | dist = 70.73 (meters)
bg = -0.0025,0.0216,0.0775 | ba = -0.0229,0.1010,0.1486
[34m[TIME]: 0.0047 seconds total (210.6 hz, 0.50 ms behind)
[0mq_GtoI = 0.815,-0.002,0.580,0.012 | p_IinG = 0.408,-1.242,0.355 | dist = 70.77 (meters)
bg = -0.0025,0.0216,0.0775 | ba = -0.0220,0.1016,0.1477
[34m[TIME]: 0.0068 seconds total (146.4 hz, 0.50 ms behind)
[0mq_GtoI = 0.816,0.000,0.577,0.012 | p_IinG = 0.385,-1.207,0.353 | dist = 70.81 (meters)
bg = -0.0024,0.0216,0.0775 | ba = -0.0217,0.1018,0.1465
[34m[TIME]: 0.0052 seconds total (192.2 hz, 0.50 ms behind)
[0mq_GtoI = 0.819,0.003,0.574,0.011 | p_IinG = 0.362,-1.171,0.353 | dist = 70.85 (meters)
bg = -0.0024,0.0216,0.0775 | ba = -0.0214,0.1019,0.1457
[34m[TIME]: 0.0087 seconds total (115.0 hz, 0.50 ms behind)
[0mq_GtoI = 0.822,0.006,0.569,0.009 | p_IinG = 0.339,-1.135,0.353 | dist = 70.90 (meters)
bg = -0.0024,0.0216,0.0775 | ba = -0.0207,0.1016,0.1449
[34m[TIME]: 0.0049 seconds total (202.9 hz, 0.50 ms behind)
[0mq_GtoI = 0.826,0.009,0.564,0.007 | p_IinG = 0.316,-1.098,0.356 | dist = 70.94 (meters)
bg = -0.0024,0.0216,0.0774 | ba = -0.0199,0.1014,0.1440
[34m[TIME]: 0.0048 seconds total (208.7 hz, 0.50 ms behind)
[0mq_GtoI = 0.829,0.012,0.559,0.005 | p_IinG = 0.295,-1.062,0.360 | dist = 70.98 (meters)
bg = -0.0024,0.0216,0.0774 | ba = -0.0189,0.1006,0.1426
[34m[TIME]: 0.0082 seconds total (121.9 hz, 0.50 ms behind)
[0mq_GtoI = 0.832,0.014,0.555,0.002 | p_IinG = 0.275,-1.024,0.366 | dist = 71.03 (meters)
bg = -0.0024,0.0216,0.0774 | ba = -0.0179,0.1006,0.1422
[34m[TIME]: 0.0129 seconds total (77.3 hz, 0.50 ms behind)
[0mq_GtoI = -0.834,-0.017,-0.551,0.001 | p_IinG = 0.256,-0.987,0.375 | dist = 71.07 (meters)
bg = -0.0024,0.0216,0.0774 | ba = -0.0167,0.1007,0.1417
[34m[TIME]: 0.0051 seconds total (194.8 hz, 0.50 ms behind)
[0mq_GtoI = -0.835,-0.018,-0.550,0.004 | p_IinG = 0.240,-0.949,0.387 | dist = 71.11 (meters)
bg = -0.0024,0.0216,0.0774 | ba = -0.0146,0.1003,0.1406
[34m[TIME]: 0.0089 seconds total (112.1 hz, 0.50 ms behind)
[0mq_GtoI = -0.835,-0.020,-0.550,0.006 | p_IinG = 0.225,-0.911,0.401 | dist = 71.16 (meters)
bg = -0.0024,0.0216,0.0774 | ba = -0.0121,0.0999,0.1394
[34m[TIME]: 0.0053 seconds total (187.3 hz, 0.50 ms behind)
[0mq_GtoI = -0.834,-0.020,-0.552,0.010 | p_IinG = 0.210,-0.872,0.416 | dist = 71.20 (meters)
bg = -0.0024,0.0216,0.0774 | ba = -0.0090,0.0999,0.1390
[34m[TIME]: 0.0048 seconds total (209.5 hz, 0.50 ms behind)
[0mq_GtoI = -0.829,-0.022,-0.559,0.011 | p_IinG = 0.197,-0.834,0.432 | dist = 71.24 (meters)
bg = -0.0024,0.0216,0.0774 | ba = -0.0067,0.1000,0.1382
[34m[TIME]: 0.0045 seconds total (223.3 hz, 0.50 ms behind)
[0mq_GtoI = -0.825,-0.023,-0.565,0.013 | p_IinG = 0.186,-0.796,0.447 | dist = 71.29 (meters)
bg = -0.0024,0.0216,0.0774 | ba = -0.0050,0.1001,0.1373
[34m[TIME]: 0.0044 seconds total (228.6 hz, 0.50 ms behind)
[0mq_GtoI = -0.821,-0.023,-0.570,0.015 | p_IinG = 0.174,-0.760,0.459 | dist = 71.33 (meters)
bg = -0.0024,0.0216,0.0774 | ba = -0.0016,0.0995,0.1373
[34m[TIME]: 0.0047 seconds total (212.6 hz, 0.50 ms behind)
[0mq_GtoI = -0.818,-0.023,-0.575,0.016 | p_IinG = 0.164,-0.723,0.470 | dist = 71.37 (meters)
bg = -0.0024,0.0216,0.0774 | ba = -0.0002,0.0998,0.1362
[34m[TIME]: 0.0061 seconds total (163.8 hz, 0.50 ms behind)
[0mq_GtoI = -0.814,-0.023,-0.580,0.018 | p_IinG = 0.141,-0.649,0.488 | dist = 71.45 (meters)
bg = -0.0024,0.0215,0.0774 | ba = 0.0022,0.1003,0.1356
[34m[TIME]: 0.0045 seconds total (222.2 hz, 0.50 ms behind)
[0mq_GtoI = -0.813,-0.022,-0.582,0.020 | p_IinG = 0.128,-0.613,0.493 | dist = 71.49 (meters)
bg = -0.0024,0.0215,0.0774 | ba = 0.0044,0.1008,0.1352
[34m[TIME]: 0.0043 seconds total (234.2 hz, 0.50 ms behind)
[0mq_GtoI = -0.813,-0.022,-0.581,0.021 | p_IinG = 0.124,-0.582,0.492 | dist = 71.52 (meters)
bg = -0.0024,0.0215,0.0774 | ba = 0.0070,0.0990,0.1290
[34m[TIME]: 0.0104 seconds total (95.8 hz, 0.50 ms behind)
[0mq_GtoI = -0.817,-0.020,-0.576,0.023 | p_IinG = 0.112,-0.546,0.492 | dist = 71.56 (meters)
bg = -0.0024,0.0215,0.0774 | ba = 0.0071,0.0989,0.1274
[34m[TIME]: 0.0065 seconds total (154.2 hz, 0.50 ms behind)
[0mq_GtoI = -0.822,-0.018,-0.568,0.027 | p_IinG = 0.102,-0.511,0.490 | dist = 71.60 (meters)
bg = -0.0024,0.0215,0.0774 | ba = 0.0074,0.0986,0.1255
[34m[TIME]: 0.0050 seconds total (200.6 hz, 0.50 ms behind)
[0mq_GtoI = -0.829,-0.014,-0.559,0.032 | p_IinG = 0.092,-0.477,0.486 | dist = 71.63 (meters)
bg = -0.0024,0.0215,0.0774 | ba = 0.0076,0.0982,0.1235
[34m[TIME]: 0.0047 seconds total (212.0 hz, 0.50 ms behind)
[0mq_GtoI = -0.834,-0.010,-0.550,0.037 | p_IinG = 0.083,-0.444,0.482 | dist = 71.67 (meters)
bg = -0.0024,0.0215,0.0774 | ba = 0.0076,0.0976,0.1213
[34m[TIME]: 0.0047 seconds total (214.7 hz, 0.50 ms behind)
[0mq_GtoI = -0.839,-0.006,-0.543,0.042 | p_IinG = 0.075,-0.412,0.477 | dist = 71.70 (meters)
bg = -0.0024,0.0215,0.0774 | ba = 0.0077,0.0977,0.1203
[34m[TIME]: 0.0042 seconds total (236.8 hz, 0.50 ms behind)
[0mq_GtoI = -0.840,-0.005,-0.541,0.043 | p_IinG = 0.068,-0.381,0.474 | dist = 71.73 (meters)
bg = -0.0024,0.0215,0.0774 | ba = 0.0076,0.0978,0.1197
[34m[TIME]: 0.0040 seconds total (248.0 hz, 0.50 ms behind)
[0mq_GtoI = -0.836,-0.005,-0.546,0.042 | p_IinG = 0.065,-0.352,0.472 | dist = 71.76 (meters)
bg = -0.0024,0.0215,0.0774 | ba = 0.0074,0.0979,0.1189
[34m[TIME]: 0.0066 seconds total (151.1 hz, 0.50 ms behind)
[0mq_GtoI = -0.832,-0.007,-0.554,0.038 | p_IinG = 0.065,-0.326,0.470 | dist = 71.79 (meters)
bg = -0.0024,0.0215,0.0774 | ba = 0.0071,0.0979,0.1176
[34m[TIME]: 0.0044 seconds total (224.8 hz, 0.50 ms behind)
[0mq_GtoI = -0.827,-0.007,-0.561,0.037 | p_IinG = 0.065,-0.300,0.466 | dist = 71.82 (meters)
bg = -0.0025,0.0215,0.0774 | ba = 0.0072,0.0980,0.1166
[34m[TIME]: 0.0040 seconds total (247.7 hz, 0.50 ms behind)
[0mq_GtoI = -0.822,-0.009,-0.568,0.034 | p_IinG = 0.066,-0.276,0.463 | dist = 71.84 (meters)
bg = -0.0025,0.0215,0.0774 | ba = 0.0076,0.0976,0.1158
[34m[TIME]: 0.0039 seconds total (257.1 hz, 0.50 ms behind)
[0mq_GtoI = -0.819,-0.013,-0.572,0.029 | p_IinG = 0.067,-0.253,0.458 | dist = 71.86 (meters)
bg = -0.0025,0.0215,0.0774 | ba = 0.0077,0.0977,0.1151
[34m[TIME]: 0.0038 seconds total (264.6 hz, 0.50 ms behind)
[0mq_GtoI = -0.817,-0.014,-0.576,0.027 | p_IinG = 0.073,-0.237,0.448 | dist = 71.89 (meters)
bg = -0.0025,0.0215,0.0774 | ba = 0.0107,0.0949,0.1113
[34m[TIME]: 0.0156 seconds total (64.2 hz, 0.50 ms behind)
[0mq_GtoI = -0.815,-0.015,-0.578,0.025 | p_IinG = 0.073,-0.215,0.441 | dist = 71.91 (meters)
bg = -0.0025,0.0215,0.0774 | ba = 0.0104,0.0955,0.1107
[34m[TIME]: 0.0048 seconds total (210.0 hz, 0.50 ms behind)
[0mq_GtoI = -0.814,-0.014,-0.580,0.027 | p_IinG = 0.073,-0.194,0.433 | dist = 71.93 (meters)
bg = -0.0025,0.0215,0.0775 | ba = 0.0100,0.0961,0.1102
[34m[TIME]: 0.0089 seconds total (111.8 hz, 0.50 ms behind)
[0mq_GtoI = -0.813,-0.010,-0.581,0.033 | p_IinG = 0.073,-0.173,0.425 | dist = 71.95 (meters)
bg = -0.0025,0.0215,0.0775 | ba = 0.0095,0.0968,0.1097
[34m[TIME]: 0.0093 seconds total (107.7 hz, 0.50 ms behind)
[0mq_GtoI = -0.812,-0.004,-0.581,0.043 | p_IinG = 0.073,-0.153,0.416 | dist = 71.97 (meters)
bg = -0.0025,0.0215,0.0775 | ba = 0.0085,0.0975,0.1093
[34m[TIME]: 0.0086 seconds total (116.4 hz, 0.50 ms behind)
[0mq_GtoI = -0.812,0.002,-0.582,0.052 | p_IinG = 0.071,-0.134,0.406 | dist = 71.99 (meters)
bg = -0.0025,0.0215,0.0775 | ba = 0.0079,0.0983,0.1095
[34m[TIME]: 0.0088 seconds total (113.2 hz, 0.50 ms behind)
[0mq_GtoI = -0.811,0.007,-0.581,0.059 | p_IinG = 0.070,-0.118,0.396 | dist = 72.01 (meters)
bg = -0.0025,0.0215,0.0775 | ba = 0.0065,0.0988,0.1098
[34m[TIME]: 0.0050 seconds total (199.1 hz, 0.50 ms behind)
[0mq_GtoI = -0.811,0.009,-0.581,0.061 | p_IinG = 0.068,-0.105,0.385 | dist = 72.03 (meters)
bg = -0.0025,0.0215,0.0775 | ba = 0.0046,0.0991,0.1101
[34m[TIME]: 0.0050 seconds total (201.0 hz, 0.50 ms behind)
[0mq_GtoI = -0.811,0.004,-0.582,0.056 | p_IinG = 0.065,-0.094,0.374 | dist = 72.05 (meters)
bg = -0.0025,0.0215,0.0775 | ba = 0.0034,0.0997,0.1105
[34m[TIME]: 0.0044 seconds total (225.0 hz, 0.50 ms behind)
[0mq_GtoI = -0.811,-0.001,-0.582,0.049 | p_IinG = 0.063,-0.085,0.361 | dist = 72.06 (meters)
bg = -0.0025,0.0215,0.0775 | ba = 0.0022,0.1007,0.1101
[34m[TIME]: 0.0060 seconds total (166.9 hz, 0.50 ms behind)
[0mq_GtoI = -0.811,-0.006,-0.583,0.042 | p_IinG = 0.060,-0.078,0.347 | dist = 72.08 (meters)
bg = -0.0025,0.0215,0.0775 | ba = 0.0008,0.1013,0.1101
[34m[TIME]: 0.0083 seconds total (120.7 hz, 0.50 ms behind)
[0mq_GtoI = -0.811,-0.011,-0.584,0.035 | p_IinG = 0.057,-0.072,0.332 | dist = 72.10 (meters)
bg = -0.0025,0.0215,0.0775 | ba = -0.0005,0.1028,0.1100
[34m[TIME]: 0.0044 seconds total (226.4 hz, 0.50 ms behind)
[0mq_GtoI = -0.811,-0.015,-0.584,0.031 | p_IinG = 0.055,-0.070,0.317 | dist = 72.11 (meters)
bg = -0.0025,0.0215,0.0775 | ba = -0.0038,0.1024,0.1097
[34m[TIME]: 0.0092 seconds total (108.3 hz, 0.50 ms behind)
[0mq_GtoI = -0.811,-0.019,-0.584,0.026 | p_IinG = 0.051,-0.067,0.303 | dist = 72.13 (meters)
bg = -0.0025,0.0215,0.0775 | ba = -0.0050,0.1028,0.1095
[34m[TIME]: 0.0048 seconds total (207.8 hz, 0.50 ms behind)
[0mq_GtoI = -0.811,-0.021,-0.584,0.024 | p_IinG = 0.045,-0.065,0.292 | dist = 72.14 (meters)
bg = -0.0025,0.0215,0.0775 | ba = -0.0063,0.1034,0.1094
[34m[TIME]: 0.0046 seconds total (217.7 hz, 0.50 ms behind)
[0mq_GtoI = -0.811,-0.023,-0.584,0.022 | p_IinG = 0.039,-0.062,0.283 | dist = 72.15 (meters)
bg = -0.0025,0.0215,0.0775 | ba = -0.0080,0.1039,0.1093
[34m[TIME]: 0.0045 seconds total (220.1 hz, 0.50 ms behind)
[0mq_GtoI = -0.811,-0.023,-0.584,0.023 | p_IinG = 0.034,-0.060,0.277 | dist = 72.16 (meters)
bg = -0.0025,0.0215,0.0775 | ba = -0.0098,0.1039,0.1091
[34m[TIME]: 0.0043 seconds total (230.2 hz, 0.50 ms behind)
[0mq_GtoI = -0.810,-0.024,-0.585,0.021 | p_IinG = 0.028,-0.058,0.273 | dist = 72.17 (meters)
bg = -0.0025,0.0215,0.0775 | ba = -0.0114,0.1039,0.1088
[34m[TIME]: 0.0044 seconds total (229.4 hz, 0.50 ms behind)
[0mq_GtoI = -0.811,-0.024,-0.584,0.022 | p_IinG = 0.023,-0.056,0.271 | dist = 72.18 (meters)
bg = -0.0025,0.0215,0.0775 | ba = -0.0127,0.1040,0.1086
[34m[TIME]: 0.0081 seconds total (122.9 hz, 0.50 ms behind)
[0mq_GtoI = -0.814,-0.024,-0.580,0.022 | p_IinG = 0.018,-0.054,0.269 | dist = 72.18 (meters)
bg = -0.0025,0.0215,0.0775 | ba = -0.0162,0.1046,0.1081
[34m[TIME]: 0.0046 seconds total (219.5 hz, 0.50 ms behind)
[0mq_GtoI = -0.817,-0.024,-0.575,0.021 | p_IinG = 0.017,-0.054,0.268 | dist = 72.19 (meters)
bg = -0.0025,0.0216,0.0775 | ba = -0.0225,0.1037,0.1076
[34m[TIME]: 0.0071 seconds total (141.1 hz, 0.50 ms behind)
[0mq_GtoI = -0.820,-0.024,-0.571,0.022 | p_IinG = 0.009,-0.052,0.263 | dist = 72.20 (meters)
bg = -0.0025,0.0216,0.0775 | ba = -0.0229,0.1033,0.1077
[34m[TIME]: 0.0044 seconds total (225.1 hz, 0.50 ms behind)
[0mq_GtoI = -0.822,-0.022,-0.568,0.023 | p_IinG = 0.002,-0.050,0.258 | dist = 72.21 (meters)
bg = -0.0025,0.0216,0.0775 | ba = -0.0236,0.1033,0.1082
[34m[TIME]: 0.0076 seconds total (131.4 hz, 0.50 ms behind)
[0mq_GtoI = -0.825,-0.022,-0.564,0.022 | p_IinG = -0.005,-0.048,0.252 | dist = 72.22 (meters)
bg = -0.0025,0.0216,0.0775 | ba = -0.0245,0.1032,0.1086
[34m[TIME]: 0.0043 seconds total (231.3 hz, 0.50 ms behind)
[0mq_GtoI = -0.827,-0.022,-0.561,0.022 | p_IinG = -0.011,-0.046,0.247 | dist = 72.23 (meters)
bg = -0.0025,0.0216,0.0775 | ba = -0.0253,0.1027,0.1092
[34m[TIME]: 0.0052 seconds total (193.3 hz, 0.50 ms behind)
[0mq_GtoI = -0.825,-0.022,-0.565,0.023 | p_IinG = -0.016,-0.044,0.242 | dist = 72.23 (meters)
bg = -0.0025,0.0216,0.0775 | ba = -0.0258,0.1022,0.1099
[34m[TIME]: 0.0063 seconds total (158.7 hz, 0.50 ms behind)
[0mq_GtoI = -0.821,-0.021,-0.571,0.023 | p_IinG = -0.020,-0.042,0.238 | dist = 72.24 (meters)
bg = -0.0025,0.0216,0.0775 | ba = -0.0262,0.1017,0.1107
[34m[TIME]: 0.0042 seconds total (239.1 hz, 0.50 ms behind)
[0mq_GtoI = -0.816,-0.020,-0.577,0.024 | p_IinG = -0.024,-0.041,0.232 | dist = 72.25 (meters)
bg = -0.0025,0.0216,0.0775 | ba = -0.0262,0.1010,0.1115
[34m[TIME]: 0.0043 seconds total (234.2 hz, 0.50 ms behind)
[0mq_GtoI = -0.814,-0.021,-0.580,0.023 | p_IinG = -0.028,-0.040,0.226 | dist = 72.26 (meters)
bg = -0.0025,0.0216,0.0774 | ba = -0.0259,0.1006,0.1122
[34m[TIME]: 0.0064 seconds total (156.6 hz, 0.50 ms behind)
[0mq_GtoI = -0.812,-0.022,-0.583,0.022 | p_IinG = -0.032,-0.040,0.219 | dist = 72.26 (meters)
bg = -0.0025,0.0216,0.0774 | ba = -0.0253,0.1001,0.1129
[34m[TIME]: 0.0043 seconds total (233.5 hz, 0.50 ms behind)
[0mq_GtoI = -0.811,-0.023,-0.584,0.020 | p_IinG = -0.037,-0.040,0.211 | dist = 72.27 (meters)
bg = -0.0025,0.0216,0.0774 | ba = -0.0248,0.0997,0.1135
[34m[TIME]: 0.0041 seconds total (244.1 hz, 0.50 ms behind)
[0mq_GtoI = -0.812,-0.024,-0.583,0.019 | p_IinG = -0.042,-0.039,0.203 | dist = 72.28 (meters)
bg = -0.0025,0.0216,0.0774 | ba = -0.0241,0.0994,0.1139
[34m[TIME]: 0.0077 seconds total (129.4 hz, 0.50 ms behind)
[0mq_GtoI = -0.815,-0.025,-0.579,0.018 | p_IinG = -0.050,-0.040,0.193 | dist = 72.29 (meters)
bg = -0.0025,0.0215,0.0774 | ba = -0.0191,0.0948,0.1168
[34m[TIME]: 0.0128 seconds total (77.9 hz, 0.50 ms behind)
[0mq_GtoI = -0.818,-0.026,-0.574,0.017 | p_IinG = -0.056,-0.040,0.185 | dist = 72.30 (meters)
bg = -0.0025,0.0215,0.0774 | ba = -0.0185,0.0946,0.1161
[34m[TIME]: 0.0044 seconds total (225.0 hz, 0.50 ms behind)
[0mq_GtoI = -0.821,-0.027,-0.571,0.016 | p_IinG = -0.062,-0.039,0.177 | dist = 72.31 (meters)
bg = -0.0025,0.0215,0.0774 | ba = -0.0177,0.0944,0.1154
[34m[TIME]: 0.0044 seconds total (228.7 hz, 0.50 ms behind)
[0mq_GtoI = -0.822,-0.029,-0.568,0.014 | p_IinG = -0.068,-0.038,0.170 | dist = 72.32 (meters)
bg = -0.0025,0.0215,0.0774 | ba = -0.0169,0.0940,0.1146
[34m[TIME]: 0.0050 seconds total (199.6 hz, 0.50 ms behind)
[0mq_GtoI = -0.822,-0.030,-0.568,0.013 | p_IinG = -0.074,-0.036,0.163 | dist = 72.33 (meters)
bg = -0.0025,0.0216,0.0774 | ba = -0.0158,0.0938,0.1139
[34m[TIME]: 0.0099 seconds total (101.3 hz, 0.50 ms behind)
[0mq_GtoI = -0.821,-0.031,-0.570,0.012 | p_IinG = -0.079,-0.034,0.157 | dist = 72.34 (meters)
bg = -0.0025,0.0216,0.0774 | ba = -0.0149,0.0929,0.1138
[34m[TIME]: 0.0048 seconds total (207.0 hz, 0.50 ms behind)
[0mq_GtoI = -0.819,-0.032,-0.573,0.011 | p_IinG = -0.084,-0.031,0.152 | dist = 72.35 (meters)
bg = -0.0025,0.0215,0.0774 | ba = -0.0138,0.0923,0.1134
[34m[TIME]: 0.0064 seconds total (157.4 hz, 0.50 ms behind)
[0mq_GtoI = -0.817,-0.033,-0.576,0.010 | p_IinG = -0.089,-0.028,0.146 | dist = 72.36 (meters)
bg = -0.0025,0.0215,0.0774 | ba = -0.0121,0.0913,0.1131
[34m[TIME]: 0.0062 seconds total (161.1 hz, 0.50 ms behind)
[0mq_GtoI = -0.817,-0.034,-0.575,0.010 | p_IinG = -0.094,-0.024,0.139 | dist = 72.37 (meters)
bg = -0.0025,0.0215,0.0774 | ba = -0.0102,0.0906,0.1126
[34m[TIME]: 0.0092 seconds total (108.4 hz, 0.50 ms behind)
[0mq_GtoI = -0.819,-0.033,-0.572,0.012 | p_IinG = -0.100,-0.019,0.132 | dist = 72.38 (meters)
bg = -0.0025,0.0215,0.0774 | ba = -0.0079,0.0900,0.1120
[34m[TIME]: 0.0089 seconds total (112.7 hz, 0.50 ms behind)
[0mq_GtoI = -0.822,-0.031,-0.569,0.014 | p_IinG = -0.106,-0.014,0.126 | dist = 72.39 (meters)
bg = -0.0025,0.0215,0.0774 | ba = -0.0060,0.0893,0.1121
[34m[TIME]: 0.0048 seconds total (209.4 hz, 0.50 ms behind)
[0mq_GtoI = -0.826,-0.030,-0.563,0.016 | p_IinG = -0.111,-0.009,0.118 | dist = 72.40 (meters)
bg = -0.0025,0.0215,0.0774 | ba = -0.0041,0.0886,0.1121
[34m[TIME]: 0.0044 seconds total (226.1 hz, 0.50 ms behind)
[0mq_GtoI = -0.830,-0.029,-0.557,0.017 | p_IinG = -0.118,-0.003,0.110 | dist = 72.41 (meters)
bg = -0.0025,0.0215,0.0774 | ba = 0.0001,0.0875,0.1149
[34m[TIME]: 0.0060 seconds total (166.3 hz, 0.50 ms behind)
[0mq_GtoI = -0.834,-0.030,-0.551,0.017 | p_IinG = -0.120,0.004,0.104 | dist = 72.42 (meters)
bg = -0.0025,0.0215,0.0774 | ba = 0.0015,0.0877,0.1113
[34m[TIME]: 0.0045 seconds total (223.4 hz, 0.50 ms behind)
[0mq_GtoI = -0.836,-0.029,-0.547,0.018 | p_IinG = -0.122,0.010,0.097 | dist = 72.43 (meters)
bg = -0.0025,0.0216,0.0774 | ba = 0.0069,0.0852,0.1071
[34m[TIME]: 0.0065 seconds total (153.1 hz, 0.50 ms behind)
[0mq_GtoI = -0.837,-0.030,-0.546,0.017 | p_IinG = -0.122,0.017,0.093 | dist = 72.44 (meters)
bg = -0.0025,0.0216,0.0774 | ba = 0.0081,0.0850,0.1071
[34m[TIME]: 0.0040 seconds total (250.4 hz, 0.50 ms behind)
[0mq_GtoI = -0.835,-0.030,-0.549,0.018 | p_IinG = -0.121,0.025,0.089 | dist = 72.44 (meters)
bg = -0.0025,0.0216,0.0774 | ba = 0.0093,0.0845,0.1070
[34m[TIME]: 0.0056 seconds total (178.1 hz, 0.50 ms behind)
[0mq_GtoI = -0.831,-0.030,-0.555,0.018 | p_IinG = -0.119,0.032,0.087 | dist = 72.45 (meters)
bg = -0.0025,0.0216,0.0774 | ba = 0.0108,0.0844,0.1072
[34m[TIME]: 0.0042 seconds total (240.4 hz, 0.50 ms behind)
[0mq_GtoI = -0.827,-0.030,-0.561,0.017 | p_IinG = -0.116,0.040,0.085 | dist = 72.46 (meters)
bg = -0.0025,0.0216,0.0774 | ba = 0.0134,0.0849,0.1053
[34m[TIME]: 0.0086 seconds total (116.5 hz, 0.50 ms behind)
[0mq_GtoI = -0.823,-0.030,-0.567,0.017 | p_IinG = -0.112,0.048,0.085 | dist = 72.47 (meters)
bg = -0.0025,0.0216,0.0775 | ba = 0.0136,0.0854,0.1048
[34m[TIME]: 0.0044 seconds total (228.4 hz, 0.50 ms behind)
[0mq_GtoI = -0.819,-0.029,-0.573,0.017 | p_IinG = -0.107,0.056,0.086 | dist = 72.48 (meters)
bg = -0.0025,0.0216,0.0775 | ba = 0.0137,0.0861,0.1038
[34m[TIME]: 0.0043 seconds total (234.1 hz, 0.50 ms behind)
[0mq_GtoI = -0.816,-0.028,-0.576,0.018 | p_IinG = -0.103,0.064,0.086 | dist = 72.49 (meters)
bg = -0.0025,0.0216,0.0775 | ba = 0.0137,0.0866,0.1042
[34m[TIME]: 0.0071 seconds total (141.1 hz, 0.50 ms behind)
[0mq_GtoI = -0.815,-0.026,-0.578,0.021 | p_IinG = -0.100,0.072,0.087 | dist = 72.50 (meters)
bg = -0.0025,0.0216,0.0775 | ba = 0.0127,0.0869,0.1039
[34m[TIME]: 0.0038 seconds total (264.8 hz, 0.50 ms behind)
[0mq_GtoI = -0.814,-0.021,-0.580,0.027 | p_IinG = -0.096,0.081,0.088 | dist = 72.51 (meters)
bg = -0.0025,0.0216,0.0775 | ba = 0.0107,0.0870,0.1032
[34m[TIME]: 0.0046 seconds total (219.7 hz, 0.50 ms behind)
[0mq_GtoI = -0.814,-0.017,-0.580,0.032 | p_IinG = -0.093,0.088,0.090 | dist = 72.51 (meters)
bg = -0.0025,0.0216,0.0775 | ba = 0.0082,0.0868,0.1027
[34m[TIME]: 0.0048 seconds total (208.8 hz, 0.50 ms behind)
[0mq_GtoI = -0.814,-0.014,-0.580,0.036 | p_IinG = -0.090,0.095,0.092 | dist = 72.52 (meters)
bg = -0.0025,0.0216,0.0775 | ba = 0.0052,0.0873,0.1025
[34m[TIME]: 0.0047 seconds total (213.9 hz, 0.50 ms behind)
[0mq_GtoI = -0.814,-0.012,-0.580,0.038 | p_IinG = -0.087,0.101,0.095 | dist = 72.53 (meters)
bg = -0.0025,0.0216,0.0775 | ba = 0.0026,0.0875,0.1024
[34m[TIME]: 0.0055 seconds total (183.1 hz, 0.50 ms behind)
[0mq_GtoI = -0.814,-0.013,-0.579,0.037 | p_IinG = -0.085,0.106,0.098 | dist = 72.53 (meters)
bg = -0.0025,0.0216,0.0775 | ba = 0.0001,0.0884,0.1002
[34m[TIME]: 0.0057 seconds total (175.2 hz, 0.50 ms behind)
[0mq_GtoI = -0.815,-0.015,-0.579,0.034 | p_IinG = -0.083,0.109,0.101 | dist = 72.54 (meters)
bg = -0.0025,0.0216,0.0775 | ba = -0.0002,0.0890,0.1003
[34m[TIME]: 0.0043 seconds total (230.0 hz, 0.50 ms behind)
[0mq_GtoI = -0.814,-0.020,-0.580,0.026 | p_IinG = -0.080,0.111,0.105 | dist = 72.54 (meters)
bg = -0.0025,0.0216,0.0775 | ba = -0.0000,0.0898,0.1007
[34m[TIME]: 0.0046 seconds total (219.1 hz, 0.50 ms behind)
[0mq_GtoI = -0.814,-0.025,-0.580,0.017 | p_IinG = -0.078,0.114,0.110 | dist = 72.55 (meters)
bg = -0.0025,0.0216,0.0775 | ba = 0.0023,0.0918,0.1032
[34m[TIME]: 0.0069 seconds total (144.0 hz, 0.50 ms behind)
[0mq_GtoI = -0.814,-0.032,-0.580,0.006 | p_IinG = -0.077,0.116,0.114 | dist = 72.56 (meters)
bg = -0.0025,0.0216,0.0775 | ba = 0.0036,0.0921,0.1044
[34m[TIME]: 0.0042 seconds total (240.0 hz, 0.50 ms behind)
[0mq_GtoI = 0.814,0.037,0.579,0.001 | p_IinG = -0.077,0.119,0.119 | dist = 72.56 (meters)
bg = -0.0025,0.0216,0.0775 | ba = 0.0052,0.0922,0.1060
[34m[TIME]: 0.0068 seconds total (147.6 hz, 0.50 ms behind)
[0mq_GtoI = 0.817,0.039,0.575,0.004 | p_IinG = -0.076,0.123,0.123 | dist = 72.57 (meters)
bg = -0.0025,0.0216,0.0776 | ba = 0.0059,0.0921,0.1078
[34m[TIME]: 0.0079 seconds total (127.2 hz, 0.50 ms behind)
[0mq_GtoI = 0.822,0.038,0.569,0.004 | p_IinG = -0.076,0.129,0.126 | dist = 72.57 (meters)
bg = -0.0025,0.0216,0.0776 | ba = 0.0074,0.0915,0.1118
[34m[TIME]: 0.0060 seconds total (165.9 hz, 0.50 ms behind)
[0mq_GtoI = 0.826,0.036,0.562,0.001 | p_IinG = -0.076,0.135,0.127 | dist = 72.58 (meters)
bg = -0.0025,0.0216,0.0776 | ba = 0.0079,0.0905,0.1140
[34m[TIME]: 0.0043 seconds total (230.7 hz, 0.50 ms behind)
[0mq_GtoI = -0.830,-0.034,-0.556,0.001 | p_IinG = -0.075,0.143,0.126 | dist = 72.59 (meters)
bg = -0.0025,0.0216,0.0776 | ba = 0.0082,0.0900,0.1158
[34m[TIME]: 0.0048 seconds total (209.1 hz, 0.50 ms behind)
[0mq_GtoI = -0.832,-0.031,-0.553,0.005 | p_IinG = -0.072,0.151,0.124 | dist = 72.60 (meters)
bg = -0.0025,0.0216,0.0776 | ba = 0.0090,0.0895,0.1180
[34m[TIME]: 0.0043 seconds total (231.4 hz, 0.50 ms behind)
[0mq_GtoI = -0.833,-0.026,-0.552,0.012 | p_IinG = -0.069,0.161,0.119 | dist = 72.61 (meters)
bg = -0.0025,0.0216,0.0776 | ba = 0.0104,0.0895,0.1204
[34m[TIME]: 0.0047 seconds total (212.6 hz, 0.50 ms behind)
[0mq_GtoI = -0.831,-0.017,-0.556,0.024 | p_IinG = -0.065,0.171,0.113 | dist = 72.62 (meters)
bg = -0.0025,0.0216,0.0776 | ba = 0.0125,0.0901,0.1237
[34m[TIME]: 0.0054 seconds total (183.8 hz, 0.50 ms behind)
[0mq_GtoI = -0.827,-0.009,-0.561,0.036 | p_IinG = -0.060,0.180,0.105 | dist = 72.64 (meters)
bg = -0.0026,0.0216,0.0776 | ba = 0.0138,0.0900,0.1255
[34m[TIME]: 0.0039 seconds total (259.1 hz, 0.50 ms behind)
[0mq_GtoI = -0.823,-0.001,-0.565,0.047 | p_IinG = -0.054,0.188,0.094 | dist = 72.65 (meters)
bg = -0.0026,0.0216,0.0775 | ba = 0.0153,0.0896,0.1260
[34m[TIME]: 0.0043 seconds total (230.2 hz, 0.50 ms behind)
[0mq_GtoI = -0.819,0.003,-0.571,0.053 | p_IinG = -0.048,0.195,0.082 | dist = 72.67 (meters)
bg = -0.0026,0.0216,0.0775 | ba = 0.0198,0.0893,0.1278
[34m[TIME]: 0.0074 seconds total (135.4 hz, 0.50 ms behind)
[0mq_GtoI = -0.817,0.001,-0.575,0.050 | p_IinG = -0.041,0.199,0.067 | dist = 72.68 (meters)
bg = -0.0026,0.0216,0.0775 | ba = 0.0210,0.0889,0.1285
[34m[TIME]: 0.0047 seconds total (211.3 hz, 0.50 ms behind)
[0mq_GtoI = -0.815,-0.003,-0.577,0.045 | p_IinG = -0.035,0.202,0.051 | dist = 72.70 (meters)
bg = -0.0026,0.0216,0.0775 | ba = 0.0219,0.0888,0.1294
[34m[TIME]: 0.0043 seconds total (232.6 hz, 0.50 ms behind)
[0mq_GtoI = -0.815,-0.009,-0.578,0.037 | p_IinG = -0.029,0.204,0.033 | dist = 72.72 (meters)
bg = -0.0026,0.0216,0.0775 | ba = 0.0221,0.0887,0.1302
[34m[TIME]: 0.0080 seconds total (124.7 hz, 0.50 ms behind)
[0mq_GtoI = -0.796,-0.006,-0.604,0.043 | p_IinG = -0.029,0.202,0.031 | dist = 72.72 (meters)
bg = -0.0026,0.0216,0.0775 | ba = 0.0215,0.0890,0.1305
[34m[TIME]: 0.0049 seconds total (205.1 hz, 0.50 ms behind)
[0mq_GtoI = -0.789,-0.008,-0.613,0.037 | p_IinG = -0.035,0.197,0.033 | dist = 72.73 (meters)
bg = -0.0026,0.0216,0.0775 | ba = 0.0194,0.0892,0.1296
[34m[TIME]: 0.0047 seconds total (210.9 hz, 0.50 ms behind)
[0mq_GtoI = -0.807,-0.012,-0.590,0.023 | p_IinG = -0.045,0.191,0.027 | dist = 72.74 (meters)
bg = -0.0026,0.0216,0.0775 | ba = 0.0178,0.0898,0.1296
[34m[TIME]: 0.0058 seconds total (173.6 hz, 0.50 ms behind)
[0mq_GtoI = -0.813,-0.000,-0.582,0.020 | p_IinG = -0.054,0.184,0.023 | dist = 72.75 (meters)
bg = -0.0026,0.0216,0.0775 | ba = 0.0170,0.0897,0.1293
[34m[TIME]: 0.0042 seconds total (236.3 hz, 0.50 ms behind)
[0mq_GtoI = -0.813,0.015,-0.582,0.021 | p_IinG = -0.063,0.176,0.015 | dist = 72.77 (meters)
bg = -0.0026,0.0216,0.0775 | ba = 0.0166,0.0900,0.1292
[34m[TIME]: 0.0039 seconds total (259.5 hz, 0.50 ms behind)
[0mq_GtoI = -0.806,0.024,-0.591,0.019 | p_IinG = -0.071,0.171,0.011 | dist = 72.78 (meters)
bg = -0.0026,0.0216,0.0775 | ba = 0.0166,0.0901,0.1291
[34m[TIME]: 0.0050 seconds total (201.0 hz, 0.50 ms behind)
[0mq_GtoI = -0.797,0.031,-0.602,0.016 | p_IinG = -0.076,0.169,0.012 | dist = 72.78 (meters)
bg = -0.0026,0.0216,0.0775 | ba = 0.0155,0.0903,0.1291
[34m[TIME]: 0.0039 seconds total (254.1 hz, 0.50 ms behind)
[0mq_GtoI = -0.802,0.035,-0.596,0.017 | p_IinG = -0.079,0.169,0.005 | dist = 72.79 (meters)
bg = -0.0026,0.0216,0.0775 | ba = 0.0147,0.0906,0.1290
[34m[TIME]: 0.0056 seconds total (177.9 hz, 0.50 ms behind)
[0mq_GtoI = -0.807,0.036,-0.589,0.019 | p_IinG = -0.079,0.168,-0.002 | dist = 72.80 (meters)
bg = -0.0026,0.0216,0.0775 | ba = 0.0136,0.0910,0.1289
[34m[TIME]: 0.0029 seconds total (341.6 hz, 0.50 ms behind)
[0mq_GtoI = -0.805,0.037,-0.592,0.019 | p_IinG = -0.081,0.168,-0.006 | dist = 72.80 (meters)
bg = -0.0026,0.0216,0.0775 | ba = 0.0128,0.0911,0.1287
[34m[TIME]: 0.0027 seconds total (376.2 hz, 0.50 ms behind)
[0mq_GtoI = -0.805,0.036,-0.592,0.019 | p_IinG = -0.086,0.168,-0.010 | dist = 72.81 (meters)
bg = -0.0026,0.0216,0.0775 | ba = 0.0119,0.0912,0.1287
[34m[TIME]: 0.0026 seconds total (384.5 hz, 0.50 ms behind)
[0mq_GtoI = -0.806,0.037,-0.590,0.019 | p_IinG = -0.089,0.169,-0.015 | dist = 72.81 (meters)
bg = -0.0026,0.0215,0.0775 | ba = 0.0116,0.0912,0.1287
[34m[TIME]: 0.0025 seconds total (392.2 hz, 0.50 ms behind)
[0mq_GtoI = -0.806,0.037,-0.591,0.019 | p_IinG = -0.093,0.169,-0.019 | dist = 72.82 (meters)
bg = -0.0026,0.0215,0.0775 | ba = 0.0115,0.0911,0.1288
[34m[TIME]: 0.0026 seconds total (377.5 hz, 0.50 ms behind)
[0mq_GtoI = -0.806,0.037,-0.591,0.019 | p_IinG = -0.097,0.170,-0.024 | dist = 72.83 (meters)
bg = -0.0026,0.0215,0.0775 | ba = 0.0114,0.0910,0.1288
[34m[TIME]: 0.0025 seconds total (403.6 hz, 0.50 ms behind)
[0mq_GtoI = -0.806,0.037,-0.591,0.019 | p_IinG = -0.101,0.170,-0.028 | dist = 72.83 (meters)
bg = -0.0026,0.0215,0.0775 | ba = 0.0113,0.0909,0.1289
[34m[TIME]: 0.0026 seconds total (382.4 hz, 0.50 ms behind)
[0mq_GtoI = -0.806,0.037,-0.591,0.019 | p_IinG = -0.105,0.170,-0.033 | dist = 72.84 (meters)
bg = -0.0026,0.0215,0.0775 | ba = 0.0111,0.0908,0.1289
[34m[TIME]: 0.0028 seconds total (361.5 hz, 0.50 ms behind)
[0mq_GtoI = -0.806,0.037,-0.591,0.019 | p_IinG = -0.110,0.171,-0.038 | dist = 72.85 (meters)
bg = -0.0026,0.0215,0.0775 | ba = 0.0109,0.0908,0.1290
[34m[TIME]: 0.0025 seconds total (404.2 hz, 0.50 ms behind)
[0mq_GtoI = -0.806,0.037,-0.591,0.019 | p_IinG = -0.115,0.171,-0.043 | dist = 72.85 (meters)
bg = -0.0026,0.0215,0.0775 | ba = 0.0105,0.0907,0.1290
[34m[TIME]: 0.0026 seconds total (388.0 hz, 0.50 ms behind)
[0mq_GtoI = -0.806,0.037,-0.590,0.019 | p_IinG = -0.120,0.171,-0.048 | dist = 72.86 (meters)
bg = -0.0026,0.0215,0.0775 | ba = 0.0101,0.0907,0.1291
[34m[TIME]: 0.0031 seconds total (320.9 hz, 0.50 ms behind)
[0m[95mTIME: 16.783 seconds

[0m[31m================================================================================REQUIRED process [cp0_vio-2] has died!
process has finished cleanly
log file: /home/moksh/newSlam variant/results/staging/baseline/cp0_mh01_20260722T163734461107Z-g69488123ed93/ros-logs/a48215e6-85eb-11f1-a122-43b550e84cff/cp0_vio-2*.log
Initiating shutdown!
================================================================================[0m
... logging to /home/moksh/newSlam variant/results/staging/baseline/cp0_mh01_20260722T163734461107Z-g69488123ed93/ros-logs/a48215e6-85eb-11f1-a122-43b550e84cff/roslaunch-moksh-System-Product-Name-236452.log
Checking log directory for disk usage. This may take a while.
Press Ctrl-C to interrupt
Done checking log file disk usage. Usage is <1GB.
]2;/home/moksh/newSlam variant/results/staging/baseline/cp0_mh01_20260722T163734461107Z-g69488123ed93/reproducibility/project/cp0_serial.launch
[1mstarted roslaunch server http://127.0.0.1:40771/[0m

SUMMARY
========

CLEAR PARAMETERS
 * /cp0_vio/

PARAMETERS
 * /cp0_vio/bag_durr: -1.0
 * /cp0_vio/bag_start: 40.0
 * /cp0_vio/calib_cam_extrinsics: False
 * /cp0_vio/calib_cam_intrinsics: False
 * /cp0_vio/calib_cam_timeoffset: False
 * /cp0_vio/config_path: /home/moksh/newSl...
 * /cp0_vio/filepath_est: /home/moksh/newSl...
 * /cp0_vio/filepath_std: /home/moksh/newSl...
 * /cp0_vio/max_cameras: 2
 * /cp0_vio/multi_threading_pubs: False
 * /cp0_vio/multi_threading_subs: False
 * /cp0_vio/num_opencv_threads: 0
 * /cp0_vio/path_bag: /home/moksh/Downl...
 * /cp0_vio/record_timing_filepath: /home/moksh/newSl...
 * /cp0_vio/record_timing_information: True
 * /cp0_vio/save_total_state: True
 * /cp0_vio/use_stereo: True
 * /cp0_vio/verbosity: INFO
 * /rosdistro: noetic
 * /rosversion: 1.17.4

NODES
  /
    cp0_vio (ov_msckf/ros1_serial_msckf)

auto-starting new master
[1mprocess[master]: started with pid [236461][0m
[1mROS_MASTER_URI=http://127.0.0.1:11381/[0m
]2;/home/moksh/newSlam variant/results/staging/baseline/cp0_mh01_20260722T163734461107Z-g69488123ed93/reproducibility/project/cp0_serial.launch http://127.0.0.1:11381/
[1msetting /run_id to a48215e6-85eb-11f1-a122-43b550e84cff[0m
[1mprocess[rosout-1]: started with pid [236471][0m
started core service [/rosout]
[1mprocess[cp0_vio-2]: started with pid [236479][0m
[cp0_vio-2] killing on exit
[rosout-1] killing on exit
[master] killing on exit
shutting down processing monitor...
... shutting down processing monitor complete
[1mdone[0m
