# timestamp tx ty tz qx qy qz qw
1403636624.66356 -0.040275 -0.044554 0.002733 -0.810816 0.021664 -0.584861 0.006754
1403636624.71356 -0.026862 -0.046353 -0.006557 -0.808533 0.014864 -0.588222 0.007018
1403636624.76356 -0.025065 -0.050196 -0.009469 -0.806332 0.013731 -0.591285 0.004744
1403636624.81356 -0.030807 -0.057123 -0.008917 0.808469 -0.009477 0.588462 0.001198
1403636624.86356 -0.037586 -0.064115 -0.006856 0.810698 -0.005630 0.585405 0.006178
1403636624.91356 -0.045874 -0.071522 -0.003998 0.814845 -0.001026 0.579540 0.012667
1403636624.96356 -0.055304 -0.078647 0.000999 0.818835 0.003404 0.573706 0.018942
1403636625.01356 -0.064609 -0.085243 0.007914 0.822507 0.006247 0.568254 0.023036
1403636625.06356 -0.074363 -0.090105 0.016968 0.826378 0.008263 0.562456 0.025965
1403636625.11356 -0.083004 -0.094095 0.029161 0.829560 0.008753 0.557739 0.026084
1403636625.16356 -0.090568 -0.097331 0.043076 0.831100 0.006072 0.555653 0.022038
1403636625.21356 -0.096397 -0.098670 0.057273 0.830293 0.003961 0.556992 0.018904
1403636625.26356 -0.101527 -0.100513 0.072329 0.828081 0.002301 0.560383 0.015745
1403636625.31356 -0.106798 -0.099969 0.086425 0.826662 0.001429 0.562529 0.013751
1403636625.36356 -0.109129 -0.097706 0.093945 0.826429 0.001352 0.562866 0.013946
1403636625.41356 -0.108493 -0.097809 0.095653 0.827072 0.001285 0.561936 0.013368
1403636625.46356 -0.107744 -0.098361 0.094114 0.828727 0.001553 0.559499 0.013055
1403636625.51356 -0.105862 -0.098505 0.090403 0.829493 0.001322 0.558376 0.012440
1403636625.56356 -0.102279 -0.096979 0.086771 0.830077 0.001961 0.557506 0.012446
1403636625.61356 -0.098222 -0.096535 0.085441 0.829899 0.002729 0.557759 0.012838
1403636625.66356 -0.094067 -0.098706 0.087428 0.828741 0.003046 0.559482 0.012618
1403636625.71356 -0.087435 -0.096072 0.094698 0.826835 0.003189 0.562314 0.011718
1403636625.76356 -0.080854 -0.097050 0.105255 0.823722 0.003726 0.566872 0.011203
1403636625.81356 -0.075419 -0.099534 0.119127 0.820402 0.003528 0.571694 0.009666
1403636625.86356 -0.068108 -0.098498 0.137943 0.816832 0.003057 0.576811 0.008057
1403636625.91356 -0.060507 -0.097721 0.159740 0.814675 0.002397 0.579877 0.006494
1403636625.96356 -0.053313 -0.095171 0.183645 0.812914 0.002068 0.582354 0.005512
1403636626.01356 -0.046079 -0.092170 0.207963 0.811473 0.001755 0.584370 0.004534
1403636626.06356 -0.039354 -0.088888 0.231411 0.810629 -0.000501 0.585560 0.000743
1403636626.11356 -0.032998 -0.086238 0.254205 -0.810135 0.003269 -0.586221 0.003866
1403636626.16356 -0.026701 -0.083981 0.276097 -0.809551 0.006175 -0.586958 0.008301
1403636626.21356 -0.020924 -0.082261 0.296008 -0.809126 0.008636 -0.587444 0.012253
1403636626.26356 -0.015768 -0.081635 0.312742 -0.808892 0.010122 -0.587688 0.014640
1403636626.31356 -0.010291 -0.081290 0.326163 -0.808812 0.010518 -0.587763 0.015725
1403636626.36356 -0.005158 -0.084284 0.335957 -0.808814 0.010435 -0.587757 0.015897
1403636626.41356 -0.000909 -0.089492 0.341551 -0.808578 0.009280 -0.588123 0.015021
1403636626.46356 0.003199 -0.093699 0.345766 -0.808166 0.007244 -0.588769 0.012875
1403636626.51356 0.009398 -0.094933 0.349584 -0.806521 0.004732 -0.591107 0.009697
1403636626.56356 0.012245 -0.100225 0.351987 -0.804517 0.001922 -0.593887 0.006803
1403636626.61356 0.014808 -0.103908 0.352533 -0.802731 -0.000965 -0.596327 0.004111
1403636626.66356 0.016253 -0.107777 0.352870 -0.801266 -0.003558 -0.598295 0.001895
1403636626.71356 0.017115 -0.109903 0.351745 -0.801641 -0.005070 -0.597784 0.001086
1403636626.76356 0.015997 -0.113322 0.349153 -0.803084 -0.006262 -0.595831 0.001279
1403636626.81356 0.013895 -0.116607 0.345633 -0.804798 -0.007087 -0.593504 0.001486
1403636626.86356 0.010859 -0.119875 0.341050 -0.807036 -0.007850 -0.590448 0.001589
1403636626.91356 0.006959 -0.123609 0.335810 -0.809506 -0.008430 -0.587049 0.001585
1403636626.96356 0.002416 -0.127377 0.329852 -0.812294 -0.008985 -0.583179 0.000933
1403636627.01356 -0.002416 -0.131246 0.323375 -0.814827 -0.009303 -0.579629 0.000725
1403636627.06356 -0.007074 -0.134777 0.317491 -0.817172 -0.009323 -0.576319 0.000266
1403636627.11356 -0.011763 -0.138409 0.313345 -0.819961 -0.009514 -0.572340 0.000316
1403636627.16356 -0.015925 -0.141988 0.312929 -0.819275 -0.009388 -0.573324 0.000775
1403636627.21356 -0.019810 -0.145603 0.315357 -0.817731 -0.009734 -0.575518 0.000416
1403636627.26356 -0.022941 -0.149144 0.320384 -0.815353 -0.009847 -0.578881 0.000366
1403636627.31356 -0.026585 -0.152640 0.327509 -0.813341 -0.009484 -0.581708 0.001619
1403636627.36356 -0.029949 -0.156059 0.336691 -0.812484 -0.008858 -0.582911 0.002465
1403636627.41356 -0.033576 -0.159371 0.347808 -0.812201 -0.008379 -0.583308 0.003472
1403636627.46356 -0.037961 -0.162795 0.361022 -0.811536 -0.007011 -0.584245 0.004252
1403636627.51356 -0.042084 -0.166416 0.373472 -0.812139 -0.004381 -0.583433 0.004102
1403636627.56356 -0.046575 -0.170382 0.382772 -0.812638 -0.000821 -0.582763 0.002716
1403636627.61356 -0.051492 -0.174506 0.387862 -0.813416 0.002862 -0.581675 0.000163
1403636627.66356 -0.056744 -0.178964 0.388667 0.815181 -0.005904 0.579172 0.002175
1403636627.71356 -0.062083 -0.183893 0.385840 0.817960 -0.009662 0.575170 0.005300
1403636627.76356 -0.066951 -0.189505 0.380891 0.821428 -0.014094 0.570066 0.009081
1403636627.81356 -0.071157 -0.195708 0.375352 0.824567 -0.018855 0.565296 0.013181
1403636627.86356 -0.074441 -0.202221 0.368977 0.827498 -0.024186 0.560667 0.017719
1403636627.91356 -0.076881 -0.208969 0.363786 0.830263 -0.028386 0.556231 0.021566
1403636627.96356 -0.077769 -0.215509 0.360421 0.831704 -0.031689 0.553738 0.025270
1403636628.01356 -0.076694 -0.222004 0.359697 0.832324 -0.034718 0.552469 0.028450
1403636628.06356 -0.073205 -0.228359 0.362626 0.831162 -0.037252 0.553928 0.030747
1403636628.11356 -0.068714 -0.234547 0.368709 0.827518 -0.039616 0.559102 0.032415
1403636628.16356 -0.063081 -0.240356 0.377136 0.822352 -0.042104 0.566460 0.032965
1403636628.21356 -0.056992 -0.246154 0.386899 0.817435 -0.044473 0.573369 0.032708
1403636628.26356 -0.050917 -0.251887 0.397949 0.813736 -0.047628 0.578454 0.030934
1403636628.31356 -0.045803 -0.258063 0.410489 0.811071 -0.050674 0.582074 0.028034
1403636628.36356 -0.040631 -0.264555 0.422765 0.809882 -0.052546 0.583645 0.026231
1403636628.41356 -0.036042 -0.271311 0.434846 0.809546 -0.054094 0.584039 0.024644
1403636628.46356 -0.032027 -0.278620 0.445648 0.809439 -0.054775 0.584173 0.023450
1403636628.51356 -0.028170 -0.286828 0.454438 0.809688 -0.055213 0.583840 0.022097
1403636628.56356 -0.024907 -0.295653 0.461770 0.810058 -0.055727 0.583330 0.020642
1403636628.61356 -0.022189 -0.305088 0.467534 0.810392 -0.055621 0.582931 0.019037
1403636628.66356 -0.019941 -0.315438 0.471831 0.810477 -0.055171 0.582873 0.018499
1403636628.71356 -0.018064 -0.326914 0.474723 0.810713 -0.054483 0.582540 0.020557
1403636628.76356 -0.016798 -0.339257 0.475696 0.812238 -0.054504 0.580258 0.024480
1403636628.81356 -0.015944 -0.352206 0.475333 0.814411 -0.055330 0.576896 0.029392
1403636628.86356 -0.015024 -0.365841 0.474057 0.816881 -0.056954 0.572987 0.033867
1403636628.91356 -0.013547 -0.379468 0.474198 0.819319 -0.059088 0.569046 0.037579
1403636628.96356 -0.013438 -0.393205 0.476279 0.821243 -0.060827 0.565875 0.040563
1403636629.01356 -0.013728 -0.407111 0.480608 0.822775 -0.063079 0.563268 0.042329
1403636629.06356 -0.014698 -0.420776 0.487287 0.823460 -0.065526 0.561860 0.043963
1403636629.11356 -0.016042 -0.434721 0.495521 0.823619 -0.067259 0.561217 0.046523
1403636629.16356 -0.015909 -0.449423 0.502957 0.823449 -0.071161 0.560796 0.048741
1403636629.21356 -0.015650 -0.464876 0.509636 0.822374 -0.075833 0.561478 0.051895
1403636629.26356 -0.014136 -0.480151 0.514675 0.820920 -0.080395 0.562707 0.054659
1403636629.31356 -0.012001 -0.495727 0.518267 0.819036 -0.085341 0.564563 0.056269
1403636629.36356 -0.008332 -0.511390 0.520251 0.817201 -0.089965 0.566441 0.056861
1403636629.41356 -0.004283 -0.527515 0.520649 0.814813 -0.095158 0.569108 0.056036
1403636629.46356 0.000871 -0.544316 0.519776 0.812001 -0.101829 0.571981 0.055872
1403636629.51356 0.003961 -0.561874 0.517317 0.809849 -0.109073 0.573607 0.056779
1403636629.56356 0.008863 -0.580414 0.512198 0.809228 -0.116514 0.572828 0.058673
1403636629.61356 0.013078 -0.600074 0.505663 0.810019 -0.123527 0.569709 0.063566
1403636629.66356 0.017507 -0.620050 0.497515 0.811980 -0.130966 0.564598 0.069034
1403636629.71356 0.027026 -0.642259 0.487706 0.813868 -0.138910 0.559228 0.074742
1403636629.76356 0.034581 -0.664004 0.476535 0.815302 -0.147160 0.554062 0.081503
1403636629.81356 0.041652 -0.686476 0.464250 0.815607 -0.156068 0.550096 0.088446
1403636629.86356 0.049346 -0.709145 0.451046 0.815417 -0.165357 0.546538 0.095125
1403636629.91356 0.058797 -0.732253 0.437960 0.814715 -0.174065 0.543793 0.101142
1403636629.96356 0.070763 -0.755969 0.426010 0.813805 -0.181415 0.541687 0.106699
1403636630.01356 0.084811 -0.779753 0.414766 0.812602 -0.187934 0.540533 0.110378
1403636630.06356 0.094377 -0.803899 0.407210 0.810476 -0.192860 0.541192 0.114214
1403636630.11356 0.109252 -0.828154 0.401206 0.807157 -0.196770 0.544003 0.117648
1403636630.16356 0.121625 -0.853188 0.398347 0.802330 -0.199768 0.549272 0.121072
1403636630.21356 0.135134 -0.878655 0.396939 0.797843 -0.201886 0.554221 0.124609
1403636630.26356 0.148145 -0.903702 0.398042 0.793811 -0.203664 0.558775 0.127106
1403636630.31356 0.168703 -0.929199 0.398798 0.791831 -0.205306 0.560737 0.128168
1403636630.36356 0.182429 -0.954141 0.401815 0.791983 -0.206226 0.560013 0.128915
1403636630.41356 0.196079 -0.979297 0.406256 0.792634 -0.206695 0.558803 0.129416
1403636630.46356 0.210069 -1.004312 0.412035 0.794546 -0.206202 0.556148 0.129913
1403636630.51356 0.227877 -1.029258 0.419343 0.795823 -0.205556 0.554539 0.129999
1403636630.56356 0.245211 -1.054443 0.427783 0.797406 -0.203538 0.552730 0.131169
1403636630.61356 0.262789 -1.079464 0.436437 0.798298 -0.201146 0.552059 0.132257
1403636630.66356 0.281194 -1.104119 0.443589 0.799783 -0.198987 0.550623 0.132536
1403636630.71356 0.299541 -1.128923 0.449602 0.800696 -0.197275 0.549980 0.132253
1403636630.76356 0.316975 -1.152487 0.455029 0.800806 -0.196922 0.550343 0.130591
1403636630.81356 0.335407 -1.177326 0.458172 0.801192 -0.196771 0.550419 0.128108
1403636630.86356 0.351847 -1.199770 0.461654 0.801172 -0.196725 0.550903 0.126211
1403636630.91356 0.369382 -1.222724 0.462806 0.800932 -0.196789 0.551733 0.123987
1403636630.96356 0.387198 -1.245587 0.462533 0.800722 -0.196894 0.552409 0.122155
1403636631.01356 0.404789 -1.268493 0.461376 0.800523 -0.196888 0.552856 0.121443
1403636631.06356 0.422888 -1.291459 0.459639 0.799962 -0.196215 0.554045 0.120808
1403636631.11356 0.439300 -1.314196 0.458081 0.798854 -0.195724 0.555761 0.121058
1403636631.16356 0.457254 -1.336744 0.455564 0.798020 -0.195173 0.557109 0.121248
1403636631.21356 0.474828 -1.359090 0.453023 0.796856 -0.194399 0.559047 0.121226
1403636631.26356 0.492631 -1.381472 0.449997 0.796110 -0.193577 0.560258 0.121856
1403636631.31356 0.510272 -1.403701 0.446620 0.796070 -0.193323 0.560506 0.121377
1403636631.36356 0.527749 -1.425912 0.442094 0.796088 -0.192581 0.560641 0.121809
1403636631.41356 0.545256 -1.447874 0.435844 0.796109 -0.192186 0.560792 0.121605
1403636631.46356 0.562298 -1.469673 0.428186 0.796285 -0.191258 0.560738 0.122157
1403636631.51356 0.578827 -1.490215 0.419281 0.796630 -0.190024 0.560507 0.122897
1403636631.56356 0.595580 -1.511256 0.410085 0.796647 -0.188770 0.560658 0.124025
1403636631.61356 0.611924 -1.531925 0.401246 0.797046 -0.187466 0.560399 0.124612
1403636631.66356 0.621951 -1.551677 0.394592 0.797563 -0.186022 0.560051 0.125027
1403636631.71356 0.638557 -1.571977 0.387829 0.797876 -0.185158 0.559832 0.125293
1403636631.76356 0.653783 -1.591390 0.383100 0.798277 -0.184316 0.559473 0.125581
1403636631.81356 0.669637 -1.610546 0.380697 0.798150 -0.183463 0.559933 0.125589
1403636631.86356 0.685598 -1.629844 0.380237 0.798543 -0.182510 0.559475 0.126515
1403636631.91356 0.701668 -1.648590 0.380277 0.799146 -0.181678 0.558741 0.127154
1403636631.96356 0.717811 -1.666802 0.380513 0.799328 -0.181267 0.558509 0.127614
1403636632.01356 0.734371 -1.684556 0.381128 0.799033 -0.181374 0.558836 0.127878
1403636632.06356 0.750932 -1.701244 0.382237 0.798085 -0.181101 0.560090 0.128691
1403636632.11356 0.767037 -1.717271 0.383041 0.797260 -0.179920 0.561279 0.130272
1403636632.16356 0.782890 -1.732065 0.384296 0.796503 -0.178327 0.562062 0.133672
1403636632.21356 0.799271 -1.746496 0.384846 0.796625 -0.177974 0.561710 0.134890
1403636632.26356 0.815610 -1.759969 0.384044 0.795861 -0.178984 0.562523 0.134675
1403636632.31356 0.831875 -1.772666 0.381477 0.795496 -0.179926 0.562801 0.134414
1403636632.36356 0.847800 -1.784642 0.377361 0.795034 -0.180718 0.563312 0.133946
1403636632.41356 0.863829 -1.795861 0.371543 0.795380 -0.181468 0.562551 0.134077
1403636632.46356 0.880059 -1.806168 0.364246 0.796666 -0.183893 0.560582 0.131358
1403636632.51356 0.896492 -1.816060 0.355911 0.798407 -0.185588 0.558593 0.126791
1403636632.56356 0.913231 -1.825657 0.346515 0.801299 -0.187385 0.555337 0.120035
1403636632.61356 0.930390 -1.835297 0.336588 0.804192 -0.187717 0.552556 0.112778
1403636632.66356 0.948389 -1.845300 0.326507 0.806863 -0.185676 0.550742 0.105730
1403636632.71356 0.967103 -1.855884 0.316784 0.809116 -0.181258 0.550200 0.098773
1403636632.76356 0.986464 -1.867126 0.308469 0.811048 -0.174682 0.550655 0.092013
1403636632.81356 1.006046 -1.879237 0.302272 0.812543 -0.164725 0.552333 0.086987
1403636632.86356 1.027265 -1.893135 0.298872 0.813011 -0.152155 0.555691 0.084075
1403636632.91356 1.048404 -1.907110 0.297332 0.812718 -0.138910 0.559943 0.081592
1403636632.96356 1.069971 -1.921543 0.297083 0.812980 -0.127079 0.562651 0.079615
1403636633.01356 1.092179 -1.936230 0.298255 0.813084 -0.116619 0.565018 0.077777
1403636633.06356 1.114479 -1.950657 0.300473 0.813862 -0.107992 0.565921 0.075492
1403636633.11356 1.136520 -1.964863 0.302346 0.814266 -0.101108 0.566977 0.072691
1403636633.16356 1.158807 -1.978522 0.303169 0.814943 -0.095407 0.567277 0.070439
1403636633.21356 1.181384 -1.991753 0.302381 0.815383 -0.091368 0.567614 0.067941
1403636633.26356 1.204113 -2.004808 0.299675 0.816460 -0.089045 0.566788 0.064923
1403636633.31356 1.227216 -2.017603 0.296161 0.817523 -0.087723 0.565786 0.062025
1403636633.36356 1.250435 -2.030590 0.291363 0.818603 -0.087721 0.564612 0.058373
1403636633.41356 1.274169 -2.043556 0.285538 0.819844 -0.088450 0.562948 0.055869
1403636633.46356 1.298626 -2.056917 0.279029 0.820895 -0.089348 0.561506 0.053477
1403636633.51356 1.324093 -2.071055 0.271838 0.821776 -0.090203 0.560152 0.052705
1403636633.56356 1.349546 -2.084453 0.263829 0.822706 -0.091610 0.558609 0.052140
1403636633.61356 1.375767 -2.098233 0.256255 0.823813 -0.092687 0.556792 0.052195
1403636633.66356 1.403122 -2.112524 0.249975 0.824538 -0.093790 0.555425 0.053329
1403636633.71356 1.430905 -2.127049 0.245319 0.824182 -0.095140 0.555640 0.054182
1403636633.76356 1.459620 -2.141806 0.242179 0.823609 -0.096631 0.556192 0.054594
1403636633.81356 1.489235 -2.157119 0.240697 0.823283 -0.098267 0.556331 0.055179
1403636633.86356 1.519553 -2.172539 0.240988 0.822311 -0.100397 0.557413 0.054918
1403636633.91356 1.550033 -2.188185 0.242198 0.821241 -0.103814 0.558564 0.052835
1403636633.96356 1.580917 -2.204313 0.243090 0.819648 -0.107453 0.560441 0.050365
1403636634.01356 1.611768 -2.221274 0.242644 0.818073 -0.110719 0.562263 0.048564
1403636634.06356 1.642997 -2.238983 0.241025 0.817546 -0.113041 0.562614 0.048018
1403636634.11356 1.674980 -2.258380 0.239830 0.817745 -0.113107 0.562334 0.047745
1403636634.16356 1.706409 -2.278207 0.240280 0.818511 -0.112298 0.561321 0.048448
1403636634.21356 1.738574 -2.299339 0.242956 0.819639 -0.110058 0.559936 0.050517
1403636634.26356 1.771648 -2.321551 0.247549 0.819841 -0.106980 0.559951 0.053579
1403636634.31356 1.805138 -2.344303 0.253548 0.818435 -0.104122 0.562275 0.056301
1403636634.36356 1.839158 -2.367330 0.259714 0.816172 -0.101383 0.565810 0.058685
1403636634.41356 1.872845 -2.390535 0.264619 0.813793 -0.098679 0.569462 0.060961
1403636634.46356 1.906112 -2.413755 0.267344 0.812319 -0.096590 0.571748 0.062551
1403636634.51356 1.938598 -2.436033 0.267570 0.810498 -0.094731 0.574555 0.063296
1403636634.56356 1.971652 -2.458663 0.266782 0.809305 -0.093198 0.576438 0.063710
1403636634.61356 2.004365 -2.480583 0.264368 0.808912 -0.090612 0.577376 0.063934
1403636634.66356 2.036694 -2.501836 0.260530 0.808931 -0.086995 0.578045 0.062667
1403636634.76356 2.099561 -2.542827 0.254037 0.810697 -0.078910 0.577030 0.059823
1403636634.81356 2.130491 -2.562699 0.251946 0.812210 -0.076247 0.575513 0.057326
1403636634.86356 2.161540 -2.582271 0.251203 0.813652 -0.073855 0.574021 0.054906
1403636634.91356 2.192094 -2.601025 0.252572 0.814851 -0.071065 0.572888 0.052600
1403636634.96356 2.222657 -2.619476 0.255635 0.816588 -0.068270 0.570911 0.050837
1403636635.01356 2.253554 -2.637937 0.260126 0.817074 -0.065292 0.570641 0.049961
1403636635.06356 2.284326 -2.655720 0.263787 0.818199 -0.062830 0.569381 0.049064
1403636635.11356 2.315007 -2.673130 0.266155 0.819227 -0.060907 0.568180 0.048259
1403636635.16356 2.344162 -2.690721 0.266920 0.819856 -0.059732 0.567510 0.046901
1403636635.21356 2.374903 -2.707967 0.266389 0.820859 -0.058864 0.566256 0.045596
1403636635.26356 2.405860 -2.724508 0.264570 0.821377 -0.058980 0.565698 0.042984
1403636635.31356 2.436847 -2.740486 0.261543 0.822148 -0.059590 0.564704 0.040391
1403636635.36356 2.469136 -2.756936 0.258168 0.823050 -0.061535 0.563441 0.036569
1403636635.41356 2.501167 -2.773203 0.255934 0.823610 -0.062080 0.562686 0.034596
1403636635.46356 2.534014 -2.789372 0.254694 0.823305 -0.062863 0.563122 0.033336
1403636635.51356 2.567995 -2.805773 0.255226 0.823423 -0.064738 0.562878 0.030840
1403636635.56356 2.601542 -2.822347 0.257933 0.823444 -0.065276 0.562821 0.030189
1403636635.61356 2.633663 -2.839724 0.261279 0.822985 -0.066013 0.563446 0.029444
1403636635.66356 2.666791 -2.857681 0.266495 0.822346 -0.066860 0.564288 0.029253
1403636635.71356 2.701274 -2.876924 0.273118 0.821635 -0.067404 0.565257 0.029293
1403636635.76356 2.736036 -2.895437 0.282350 0.819629 -0.068878 0.568050 0.028005
1403636635.81356 2.771461 -2.914798 0.293748 0.817023 -0.071493 0.571600 0.025210
1403636635.86356 2.806535 -2.934753 0.306856 0.815288 -0.074017 0.573851 0.022874
1403636635.91356 2.840267 -2.955467 0.320869 0.815742 -0.076721 0.572959 0.019929
1403636635.96356 2.874510 -2.977381 0.335581 0.817641 -0.077760 0.570122 0.019422
1403636636.01356 2.908892 -3.000490 0.349493 0.820804 -0.077074 0.565593 0.021114
1403636636.06356 2.943639 -3.023925 0.362690 0.823335 -0.074865 0.562039 0.025030
1403636636.11356 2.978687 -3.047852 0.375094 0.825155 -0.072275 0.559507 0.029115
1403636636.16356 3.014416 -3.072258 0.388212 0.824470 -0.069620 0.560639 0.032952
1403636636.21356 3.049265 -3.096513 0.403239 0.821917 -0.066638 0.564483 0.037018
1403636636.26356 3.085147 -3.121620 0.420277 0.818582 -0.064178 0.569354 0.040514
1403636636.31356 3.120832 -3.146431 0.438441 0.815539 -0.062759 0.573717 0.042507
1403636636.36356 3.155875 -3.170698 0.457790 0.811658 -0.061500 0.579191 0.044358
1403636636.41356 3.190579 -3.194935 0.475851 0.806640 -0.060236 0.586188 0.045677
1403636636.46356 3.225267 -3.219266 0.492625 0.802588 -0.059291 0.591748 0.046608
1403636636.51356 3.257785 -3.242412 0.506508 0.800977 -0.057382 0.593883 0.049450
1403636636.56356 3.289002 -3.266758 0.517124 0.800450 -0.055137 0.594543 0.052518
1403636636.61356 3.319327 -3.289242 0.526319 0.800292 -0.052495 0.594661 0.056181
1403636636.66356 3.349763 -3.311205 0.534129 0.800830 -0.049675 0.593790 0.060148
1403636636.71356 3.378234 -3.331034 0.539668 0.801050 -0.047363 0.593323 0.063578
1403636636.76356 3.405180 -3.349077 0.543017 0.801555 -0.044889 0.592463 0.066945
1403636636.81356 3.431325 -3.365824 0.544507 0.801999 -0.041576 0.591601 0.071259
1403636636.86356 3.456616 -3.380798 0.544072 0.803073 -0.038764 0.589896 0.074785
1403636636.91356 3.482205 -3.394786 0.542346 0.804789 -0.040075 0.587813 0.072001
1403636636.96356 3.507154 -3.407114 0.539139 0.805848 -0.042957 0.586825 0.066338
1403636637.01356 3.542847 -3.424041 0.542945 0.807304 -0.046614 0.585263 0.059614
1403636637.06356 3.566696 -3.433928 0.538147 0.808014 -0.049922 0.584595 0.053580
1403636637.11356 3.587541 -3.442847 0.532028 0.809341 -0.052391 0.582965 0.048727
1403636637.16356 3.609815 -3.451827 0.525618 0.811371 -0.053906 0.580247 0.045659
1403636637.21356 3.631841 -3.460094 0.518537 0.813871 -0.054454 0.576796 0.044216
1403636637.26356 3.652673 -3.467441 0.511820 0.815648 -0.054617 0.574364 0.042914
1403636637.31356 3.674587 -3.474886 0.506742 0.817175 -0.054483 0.572260 0.042141
1403636637.36356 3.697394 -3.481493 0.503911 0.818249 -0.053956 0.570742 0.042552
1403636637.41356 3.721054 -3.487541 0.502750 0.818761 -0.053843 0.570120 0.041160
1403636637.46356 3.746674 -3.493347 0.504858 0.819924 -0.052882 0.568526 0.041311
1403636637.51356 3.771867 -3.498921 0.508510 0.820196 -0.053043 0.568189 0.040336
1403636637.56356 3.795848 -3.503729 0.512863 0.821092 -0.052900 0.566962 0.039545
1403636637.61356 3.819463 -3.508898 0.518438 0.821169 -0.053181 0.566924 0.038078
1403636637.66356 3.838566 -3.514876 0.522935 0.821553 -0.053605 0.566391 0.037130
1403636637.71356 3.863055 -3.520422 0.532317 0.821147 -0.053072 0.567028 0.037150
1403636637.76356 3.888019 -3.526090 0.542669 0.820434 -0.052457 0.568119 0.037105
1403636637.81356 3.913653 -3.531706 0.555284 0.819116 -0.051865 0.570051 0.037427
1403636637.86356 3.939537 -3.537159 0.569408 0.818168 -0.051432 0.571450 0.037437
1403636637.91356 3.965749 -3.542639 0.584752 0.816988 -0.051089 0.573181 0.037213
1403636637.96356 3.992141 -3.548261 0.597623 0.815434 -0.050805 0.575417 0.037171
1403636638.01356 4.018245 -3.553999 0.606240 0.814391 -0.050644 0.576913 0.037056
1403636638.06356 4.043837 -3.559133 0.610547 0.813335 -0.050336 0.578444 0.036812
1403636638.11356 4.068517 -3.564763 0.610686 0.812035 -0.050307 0.580287 0.036557
1403636638.16356 4.092539 -3.569039 0.608149 0.811111 -0.050287 0.581603 0.036182
1403636638.21356 4.114902 -3.573529 0.603427 0.810860 -0.049965 0.581985 0.036093
1403636638.26356 4.134496 -3.577849 0.596705 0.810429 -0.049753 0.582584 0.036408
1403636638.31356 4.153243 -3.581964 0.588206 0.811346 -0.050707 0.581344 0.034429
1403636638.36356 4.172785 -3.586212 0.578774 0.814429 -0.053580 0.576997 0.030154
1403636638.41356 4.191614 -3.590637 0.567426 0.819892 -0.057290 0.569097 0.024980
1403636638.46356 4.209806 -3.595867 0.554843 0.825268 -0.060269 0.561143 0.020490
1403636638.51356 4.230769 -3.602203 0.542500 0.829716 -0.063411 0.554342 0.015993
1403636638.56356 4.251114 -3.609179 0.532462 0.832293 -0.064597 0.550367 0.014524
1403636638.61356 4.272734 -3.617491 0.525514 0.833570 -0.063302 0.548541 0.016030
1403636638.66356 4.296502 -3.626799 0.521969 0.833004 -0.059775 0.549650 0.020397
1403636638.71356 4.321870 -3.637030 0.521392 0.831649 -0.057389 0.551812 0.023878
1403636638.76356 4.348457 -3.647604 0.523014 0.829259 -0.055074 0.555511 0.026509
1403636638.81356 4.376042 -3.658745 0.527133 0.826404 -0.053660 0.559822 0.027872
1403636638.86356 4.404648 -3.669872 0.533191 0.823870 -0.053566 0.563549 0.027941
1403636638.91356 4.432369 -3.680951 0.539339 0.821937 -0.054170 0.566387 0.026269
1403636638.96356 4.461148 -3.692732 0.547100 0.820368 -0.055314 0.568642 0.024142
1403636639.01356 4.492667 -3.705575 0.555574 0.819909 -0.058246 0.569189 0.019519
1403636639.06356 4.523495 -3.718714 0.562773 0.819114 -0.061587 0.570133 0.014392
1403636639.11356 4.557733 -3.734101 0.568343 0.818646 -0.064342 0.570595 0.010016
1403636639.16356 4.589192 -3.749359 0.569717 0.818722 -0.066794 0.570255 0.006440
1403636639.21356 4.620885 -3.765868 0.567266 0.818669 -0.068701 0.570130 0.003574
1403636639.26356 4.653061 -3.783756 0.560834 0.819153 -0.069487 0.569346 0.002280
1403636639.31356 4.685174 -3.803371 0.552335 0.819604 -0.066823 0.568987 0.006165
1403636639.36356 4.717644 -3.824507 0.542974 0.820259 -0.063112 0.568388 0.011279
1403636639.41356 4.750750 -3.846611 0.532470 0.820974 -0.059354 0.567630 0.016580
1403636639.46356 4.783522 -3.869398 0.520860 0.821426 -0.055444 0.567191 0.021886
1403636639.51356 4.816279 -3.893005 0.508654 0.821074 -0.051373 0.567839 0.027522
1403636639.56356 4.849301 -3.916482 0.495723 0.820283 -0.046741 0.569037 0.033863
1403636639.61356 4.881678 -3.939665 0.481649 0.819518 -0.043142 0.570133 0.038434
1403636639.66356 4.914881 -3.961914 0.468093 0.817695 -0.041601 0.572761 0.039861
1403636639.71356 4.947778 -3.983347 0.456000 0.815264 -0.041992 0.576258 0.038829
1403636639.76356 4.981056 -4.003897 0.445245 0.812934 -0.043526 0.579599 0.036185
1403636639.81356 5.013444 -4.024099 0.436353 0.811680 -0.044614 0.581376 0.034456
1403636639.86356 5.045370 -4.043752 0.429499 0.810796 -0.046083 0.582636 0.031963
1403636639.91356 5.076060 -4.063210 0.425003 0.810355 -0.047059 0.583294 0.029627
1403636639.96356 5.106158 -4.081979 0.421848 0.810046 -0.047420 0.583726 0.028993
1403636640.01356 5.136368 -4.100440 0.420089 0.809738 -0.046875 0.584226 0.028394
1403636640.06356 5.166243 -4.118661 0.420852 0.809703 -0.044365 0.584510 0.027588
1403636640.11356 5.195922 -4.136940 0.422748 0.809799 -0.039535 0.584732 0.027395
1403636640.16356 5.225651 -4.154233 0.427100 0.809862 -0.035546 0.585012 0.024918
1403636640.21356 5.254662 -4.171690 0.433305 0.809904 -0.031713 0.585282 0.022249
1403636640.26356 5.283330 -4.189671 0.439146 0.810964 -0.027865 0.584068 0.020616
1403636640.31356 5.310573 -4.207095 0.444218 0.811397 -0.025622 0.583646 0.018335
1403636640.36356 5.337282 -4.225026 0.448128 0.811497 -0.022753 0.583673 0.016737
1403636640.41356 5.363182 -4.242064 0.450159 0.811652 -0.020319 0.583579 0.015600
1403636640.46356 5.388130 -4.258710 0.450441 0.811680 -0.018167 0.583633 0.014767
1403636640.51356 5.412184 -4.275147 0.448950 0.812519 -0.016882 0.582537 0.013361
1403636640.56356 5.435011 -4.291781 0.445211 0.812561 -0.015259 0.582539 0.012668
1403636640.61356 5.457919 -4.307607 0.440921 0.812551 -0.014550 0.582593 0.011652
1403636640.66356 5.479681 -4.323000 0.435220 0.812314 -0.013656 0.582954 0.011138
1403636640.71356 5.500486 -4.338064 0.427994 0.812809 -0.013167 0.582289 0.010383
1403636640.76356 5.519988 -4.353915 0.419308 0.813692 -0.012821 0.581078 0.009404
1403636640.81356 5.539790 -4.367580 0.413723 0.814436 -0.012120 0.580052 0.009342
1403636640.86356 5.559553 -4.381080 0.409750 0.815463 -0.011465 0.578621 0.009278
1403636640.91356 5.579114 -4.393774 0.408105 0.815904 -0.011179 0.578009 0.009045
1403636640.96356 5.598115 -4.406497 0.408353 0.816187 -0.010997 0.577608 0.009311
1403636641.01356 5.616062 -4.418849 0.409332 0.815835 -0.010948 0.578101 0.009689
1403636641.06356 5.634408 -4.430519 0.409020 0.815070 -0.011714 0.579171 0.009208
1403636641.11356 5.652012 -4.441390 0.406954 0.814677 -0.011830 0.579712 0.009805
1403636641.16356 5.670364 -4.452646 0.403451 0.814839 -0.011928 0.579473 0.010299
1403636641.21356 5.688305 -4.463315 0.399148 0.814266 -0.012342 0.580264 0.010643
1403636641.26356 5.706018 -4.473581 0.393572 0.813616 -0.013411 0.581170 0.009514
1403636641.31356 5.722396 -4.483149 0.386357 0.813664 -0.015977 0.581075 0.006872
1403636641.36356 5.739270 -4.493017 0.378545 0.813745 -0.018890 0.580905 0.003456
1403636641.41356 5.755776 -4.503281 0.369413 0.813725 -0.021266 0.580861 0.000322
1403636641.46356 5.771122 -4.513491 0.359937 -0.813582 0.021893 -0.581038 0.000030
1403636641.51356 5.786936 -4.524361 0.351120 0.813406 -0.021294 0.581304 0.001416
1403636641.56356 5.801794 -4.535499 0.343227 0.813691 -0.020143 0.580940 0.003059
1403636641.61356 5.816122 -4.546848 0.336604 0.813725 -0.019104 0.580912 0.005268
1403636641.66356 5.831004 -4.557795 0.332166 0.814087 -0.018315 0.580414 0.006843
1403636641.71356 5.844881 -4.568786 0.330182 0.813632 -0.017583 0.581058 0.008056
1403636641.76356 5.858482 -4.579341 0.331555 0.814079 -0.017534 0.580421 0.008911
1403636641.81356 5.871720 -4.589426 0.334614 0.813650 -0.017324 0.581024 0.009239
1403636641.86356 5.885518 -4.599139 0.338959 0.813227 -0.017266 0.581611 0.009569
1403636641.91356 5.899285 -4.608839 0.344356 0.813112 -0.018307 0.581728 0.010292
1403636641.96356 5.912438 -4.618468 0.351684 0.812814 -0.021115 0.582030 0.011326
1403636642.01356 5.924034 -4.627963 0.360178 0.811980 -0.024427 0.583007 0.013913
1403636642.06356 5.935906 -4.637139 0.370121 0.811367 -0.028807 0.583593 0.016538
1403636642.11356 5.947085 -4.646953 0.378463 0.810834 -0.032101 0.584060 0.019786
1403636642.16356 5.957439 -4.656074 0.385677 0.810360 -0.035133 0.584440 0.022613
1403636642.21356 5.966563 -4.664603 0.391233 0.809721 -0.038012 0.585071 0.024476
1403636642.26356 5.975248 -4.672869 0.395283 0.809344 -0.040990 0.585322 0.026078
1403636642.31356 5.982932 -4.681230 0.397342 0.808919 -0.044666 0.585558 0.027886
1403636642.36356 5.989811 -4.689691 0.397475 0.808348 -0.049043 0.585851 0.030767
1403636642.41356 5.995942 -4.698012 0.395993 0.807487 -0.053278 0.586544 0.033044
1403636642.46356 6.001215 -4.706082 0.392763 0.807295 -0.056723 0.586347 0.035414
1403636642.51356 6.005626 -4.713856 0.388108 0.807784 -0.059786 0.585271 0.036982
1403636642.56356 6.009657 -4.721536 0.382315 0.809592 -0.062066 0.582397 0.039019
1403636642.61356 6.013275 -4.728846 0.375204 0.811734 -0.064544 0.579111 0.039407
1403636642.66356 6.016545 -4.736245 0.367210 0.814137 -0.066580 0.575464 0.039867
1403636642.71356 6.020395 -4.743856 0.358807 0.816325 -0.068129 0.572125 0.040564
1403636642.76356 6.024199 -4.751157 0.350852 0.818335 -0.069192 0.569115 0.040591
1403636642.81356 6.027551 -4.758335 0.345320 0.819850 -0.070299 0.566812 0.040356
1403636642.86356 6.031216 -4.765369 0.341982 0.820739 -0.071178 0.565445 0.039909
1403636642.91356 6.035771 -4.772785 0.340367 0.821765 -0.071353 0.563949 0.039652
1403636642.96356 6.040269 -4.780553 0.340765 0.822061 -0.071975 0.563473 0.039155
1403636643.01356 6.045314 -4.788724 0.343475 0.821634 -0.072072 0.564112 0.038745
1403636643.06356 6.051983 -4.797514 0.347468 0.819533 -0.071972 0.567169 0.038804
1403636643.11356 6.058864 -4.806678 0.351224 0.816963 -0.071914 0.570879 0.038694
1403636643.16356 6.065924 -4.815912 0.353327 0.815054 -0.072048 0.573620 0.038152
1403636643.21356 6.073089 -4.825379 0.353637 0.813537 -0.072105 0.575775 0.037961
1403636643.26356 6.080331 -4.834699 0.352003 0.812966 -0.071883 0.576625 0.037714
1403636643.31356 6.087485 -4.844217 0.349167 0.813237 -0.071506 0.576283 0.037824
1403636643.36356 6.094731 -4.853912 0.345997 0.814488 -0.071153 0.574561 0.037769
1403636643.41356 6.102685 -4.864063 0.344587 0.815870 -0.071408 0.572622 0.036892
1403636643.46356 6.111216 -4.874337 0.345102 0.817972 -0.071700 0.569656 0.035678
1403636643.51356 6.120924 -4.885113 0.346711 0.820278 -0.071383 0.566404 0.035149
1403636643.56356 6.132015 -4.896440 0.350775 0.822237 -0.070881 0.563648 0.034683
1403636643.61356 6.143371 -4.907734 0.355766 0.824445 -0.070287 0.560467 0.035024
1403636643.66356 6.155078 -4.919460 0.362784 0.826367 -0.069124 0.557795 0.034697
1403636643.71356 6.167172 -4.931378 0.371721 0.828108 -0.068214 0.555319 0.034712
1403636643.76356 6.179553 -4.943379 0.382000 0.829030 -0.067494 0.554014 0.034965
1403636643.81356 6.192246 -4.955536 0.391652 0.830753 -0.066407 0.551505 0.035814
1403636643.86356 6.206775 -4.968142 0.400291 0.832387 -0.066206 0.549076 0.035563
1403636643.91356 6.222807 -4.980645 0.407697 0.833491 -0.065726 0.547444 0.035739
1403636643.96356 6.239750 -4.993848 0.413518 0.834657 -0.065142 0.545700 0.036282
1403636644.01356 6.258417 -5.007142 0.417858 0.835176 -0.064815 0.544903 0.036901
1403636644.06356 6.278426 -5.020529 0.420906 0.835591 -0.064731 0.544286 0.036744
1403636644.11356 6.299883 -5.034099 0.422581 0.836137 -0.064741 0.543428 0.036990
1403636644.16356 6.323311 -5.047919 0.423386 0.835440 -0.064454 0.544516 0.037257
1403636644.21356 6.347890 -5.061827 0.423686 0.832350 -0.065724 0.549186 0.035614
1403636644.26356 6.373990 -5.075845 0.422980 0.828037 -0.068919 0.555528 0.031528
1403636644.31356 6.400610 -5.090571 0.421155 0.822920 -0.072521 0.562879 0.026663
1403636644.36356 6.427295 -5.105958 0.417724 0.818132 -0.075984 0.569542 0.022539
1403636644.41356 6.454053 -5.122384 0.412207 0.814429 -0.078039 0.574651 0.019784
1403636644.46356 6.480564 -5.139535 0.404666 0.811183 -0.079721 0.579055 0.017940
1403636644.51356 6.507055 -5.157598 0.395124 0.807961 -0.082544 0.583259 0.013980
1403636644.56356 6.532648 -5.177008 0.383203 0.806079 -0.084624 0.585629 0.010662
1403636644.61356 6.557307 -5.197911 0.369767 0.805006 -0.085505 0.586989 0.009920
1403636644.66356 6.580775 -5.220147 0.354765 0.804748 -0.083036 0.587620 0.013717
1403636644.71356 6.602941 -5.243741 0.338240 0.804821 -0.078868 0.587912 0.020065
1403636644.76356 6.624187 -5.267964 0.319736 0.805868 -0.073473 0.586853 0.027963
1403636644.81356 6.646448 -5.292864 0.300269 0.806347 -0.068734 0.586345 0.035761
1403636644.86356 6.666195 -5.317804 0.279347 0.807830 -0.065675 0.584278 0.041442
1403636644.91356 6.684784 -5.342646 0.258457 0.809493 -0.065224 0.581869 0.043549
1403636644.96356 6.702262 -5.366372 0.239066 0.811194 -0.065769 0.579412 0.043818
1403636645.01356 6.719270 -5.389392 0.220994 0.815519 -0.066372 0.573236 0.043866
1403636645.06356 6.736877 -5.412269 0.204618 0.821963 -0.068512 0.563860 0.041775
1403636645.11356 6.752505 -5.435297 0.190359 0.828325 -0.070369 0.554382 0.039837
1403636645.16356 6.768636 -5.458719 0.178166 0.834181 -0.070368 0.545503 0.040224
1403636645.21356 6.787808 -5.482711 0.168074 0.838966 -0.072032 0.538021 0.038487
1403636645.26356 6.809806 -5.507466 0.160881 0.841620 -0.072038 0.533843 0.038711
1403636645.31356 6.833722 -5.532075 0.155737 0.841281 -0.072156 0.534367 0.038632
1403636645.36356 6.860409 -5.556948 0.152048 0.838942 -0.071708 0.538029 0.039489
1403636645.41356 6.889355 -5.581987 0.148595 0.836182 -0.071329 0.542267 0.040734
1403636645.46356 6.920224 -5.606896 0.144661 0.833970 -0.071461 0.545621 0.041047
1403636645.51356 6.953057 -5.632219 0.140146 0.832293 -0.071087 0.548182 0.041605
1403636645.56356 6.988723 -5.656546 0.133544 0.831652 -0.070976 0.549119 0.042253
1403636645.61356 7.024490 -5.681184 0.125232 0.830506 -0.071021 0.550797 0.042876
1403636645.66356 7.062700 -5.706025 0.116753 0.829828 -0.070228 0.551860 0.043637
1403636645.71356 7.100567 -5.730391 0.109936 0.829204 -0.069984 0.552794 0.044064
1403636645.76356 7.139933 -5.754800 0.104591 0.828682 -0.070129 0.553618 0.043310
1403636645.81356 7.180228 -5.779358 0.101622 0.828382 -0.070574 0.554079 0.042419
1403636645.86356 7.221428 -5.803781 0.102022 0.828845 -0.071049 0.553357 0.042005
1403636645.91356 7.262720 -5.828370 0.105248 0.829036 -0.071696 0.553084 0.040714
1403636645.96356 7.306502 -5.853542 0.111046 0.826251 -0.073560 0.556993 0.040715
1403636646.01356 7.350225 -5.879891 0.118172 0.823387 -0.077203 0.560695 0.041165
1403636646.06356 7.396693 -5.909456 0.125086 0.820778 -0.083338 0.563641 0.041062
1403636646.11356 7.439427 -5.936601 0.134381 0.818080 -0.090841 0.566246 0.043122
1403636646.16356 7.482961 -5.964554 0.143323 0.815211 -0.099922 0.568549 0.046887
1403636646.21356 7.527124 -5.993728 0.151246 0.812048 -0.110524 0.570794 0.050569
1403636646.26356 7.570326 -6.023654 0.157558 0.808558 -0.122336 0.572858 0.055697
1403636646.31356 7.612700 -6.054396 0.162766 0.804239 -0.134862 0.575504 0.061708
1403636646.36356 7.654193 -6.085871 0.165963 0.799679 -0.147716 0.578013 0.067789
1403636646.41356 7.693707 -6.118337 0.167606 0.795782 -0.158778 0.579240 0.077471
1403636646.46356 7.732586 -6.151168 0.168902 0.791169 -0.167109 0.581701 0.088035
1403636646.51356 7.770720 -6.184462 0.171036 0.787138 -0.173188 0.583677 0.098698
1403636646.56356 7.807453 -6.218179 0.173758 0.784185 -0.178892 0.584376 0.107499
1403636646.61356 7.842223 -6.251430 0.176302 0.783060 -0.184185 0.583068 0.113688
1403636646.66356 7.877145 -6.284786 0.180874 0.783553 -0.187839 0.579948 0.120089
1403636646.71356 7.910501 -6.317789 0.188384 0.783806 -0.192038 0.577448 0.123787
1403636646.76356 7.942367 -6.349985 0.198673 0.783579 -0.195462 0.575963 0.126746
1403636646.81356 7.972901 -6.381595 0.211918 0.782938 -0.197708 0.575489 0.129354
1403636646.86356 8.001437 -6.412719 0.230105 0.782187 -0.199918 0.575211 0.131714
1403636646.91356 8.027984 -6.442686 0.246700 0.782358 -0.201465 0.574347 0.132111
1403636646.96356 8.054300 -6.471845 0.261910 0.782959 -0.202613 0.572943 0.132890
1403636647.01356 8.079938 -6.500943 0.275858 0.783766 -0.203290 0.571458 0.133491
1403636647.06356 8.104831 -6.530222 0.289030 0.785162 -0.203306 0.569487 0.133684
1403636647.11356 8.128645 -6.559179 0.300267 0.787441 -0.203753 0.566219 0.133483
1403636647.16356 8.152003 -6.588140 0.310478 0.789161 -0.204040 0.563912 0.132651
1403636647.21356 8.174180 -6.616191 0.319441 0.790445 -0.203542 0.562249 0.132826
1403636647.26356 8.196181 -6.644321 0.327650 0.790380 -0.203412 0.562593 0.131954
1403636647.31356 8.217051 -6.671646 0.335009 0.789745 -0.203265 0.563884 0.130461
1403636647.36356 8.238584 -6.699349 0.340070 0.788822 -0.202924 0.565555 0.129341
1403636647.41356 8.257201 -6.725798 0.345697 0.787786 -0.202363 0.567380 0.128541
1403636647.46356 8.276095 -6.752661 0.349199 0.786644 -0.201975 0.569446 0.126996
1403636647.51356 8.295398 -6.779931 0.350320 0.784837 -0.201289 0.572475 0.125643
1403636647.56356 8.313808 -6.807196 0.351240 0.782389 -0.201020 0.576348 0.123619
1403636647.61356 8.330518 -6.834300 0.353191 0.779087 -0.201631 0.581082 0.121293
1403636647.66356 8.345732 -6.861650 0.355928 0.778309 -0.202266 0.581804 0.121772
1403636647.71356 8.360395 -6.889905 0.360306 0.778903 -0.202339 0.580699 0.123117
1403636647.76356 8.373896 -6.918114 0.365959 0.780256 -0.202428 0.578499 0.124750
1403636647.81356 8.385657 -6.945633 0.372192 0.780850 -0.202380 0.577125 0.127445
1403636647.86356 8.395632 -6.972991 0.377075 0.781496 -0.204357 0.575046 0.129706
1403636647.91356 8.403553 -7.000158 0.380555 0.780785 -0.207170 0.574179 0.133321
1403636647.96356 8.410363 -7.027507 0.381541 0.779478 -0.211789 0.573378 0.137103
1403636648.01356 8.415511 -7.054828 0.379985 0.778163 -0.217780 0.571654 0.142290
1403636648.06356 8.418451 -7.082434 0.377124 0.776235 -0.225466 0.569798 0.148170
1403636648.11356 8.421417 -7.110626 0.371478 0.773778 -0.234713 0.567703 0.154568
1403636648.16356 8.424061 -7.138924 0.364116 0.770701 -0.244747 0.565636 0.161786
1403636648.21356 8.425985 -7.167481 0.356308 0.767337 -0.254647 0.563647 0.169266
1403636648.26356 8.426587 -7.195420 0.346720 0.763536 -0.265497 0.561545 0.176611
1403636648.31356 8.427347 -7.223628 0.335037 0.759790 -0.276607 0.558884 0.184001
1403636648.36356 8.426652 -7.251126 0.323499 0.755552 -0.287058 0.556606 0.192168
1403636648.41356 8.425049 -7.279072 0.311180 0.751518 -0.297938 0.553491 0.200253
1403636648.46356 8.422425 -7.306190 0.297626 0.747314 -0.309368 0.550008 0.208099
1403636648.51356 8.419142 -7.332542 0.283774 0.742812 -0.320349 0.546927 0.215589
1403636648.56356 8.414806 -7.358587 0.272070 0.738508 -0.330100 0.544308 0.222193
1403636648.61356 8.408885 -7.383022 0.260896 0.734918 -0.338173 0.541649 0.228364
1403636648.66356 8.403094 -7.406880 0.250691 0.732851 -0.344887 0.538015 0.233500
1403636648.71356 8.396146 -7.430684 0.242552 0.732077 -0.350214 0.533486 0.238341
1403636648.76356 8.389412 -7.454759 0.236840 0.731798 -0.355343 0.529281 0.240965
1403636648.81356 8.382599 -7.478155 0.232157 0.734216 -0.360319 0.522369 0.241305
1403636648.86356 8.376502 -7.502686 0.229825 0.736570 -0.364758 0.516228 0.240676
1403636648.91356 8.370557 -7.526729 0.229764 0.739524 -0.367621 0.509903 0.240744
1403636648.96356 8.364922 -7.550813 0.232472 0.741508 -0.369513 0.505801 0.240397
1403636649.01356 8.359708 -7.575298 0.237949 0.741903 -0.370077 0.504312 0.241439
1403636649.06356 8.355873 -7.600529 0.245319 0.740237 -0.369172 0.506486 0.243380
1403636649.11356 8.353252 -7.626840 0.254967 0.736871 -0.366861 0.511638 0.246292
1403636649.16356 8.350783 -7.653020 0.266880 0.732806 -0.364795 0.517825 0.248550
1403636649.21356 8.348763 -7.679651 0.279580 0.729676 -0.362039 0.522875 0.251203
1403636649.26356 8.346514 -7.706237 0.293834 0.727286 -0.359679 0.527054 0.252784
1403636649.31356 8.343045 -7.731835 0.310288 0.726886 -0.358178 0.528568 0.252907
1403636649.36356 8.339570 -7.757000 0.327393 0.728090 -0.357011 0.528120 0.252024
1403636649.41356 8.335790 -7.781584 0.345770 0.729949 -0.356349 0.526792 0.250360
1403636649.46356 8.331799 -7.805470 0.365567 0.732741 -0.355529 0.524413 0.248357
1403636649.51356 8.327326 -7.828649 0.388227 0.733319 -0.354005 0.525221 0.247116
1403636649.56356 8.322444 -7.851052 0.413563 0.732320 -0.352473 0.528087 0.246161
1403636649.61356 8.318578 -7.873627 0.438577 0.730548 -0.352285 0.531096 0.245217
1403636649.66356 8.313428 -7.895585 0.463306 0.727417 -0.353505 0.534521 0.245328
1403636649.71356 8.306723 -7.915591 0.486423 0.724721 -0.356415 0.535818 0.246267
1403636649.76356 8.299536 -7.935379 0.507333 0.722275 -0.359026 0.535908 0.249444
1403636649.81356 8.291814 -7.954491 0.526476 0.720551 -0.361209 0.535335 0.252488
1403636649.86356 8.283421 -7.972718 0.543812 0.718603 -0.363140 0.535095 0.255759
1403636649.91356 8.274520 -7.990190 0.559231 0.717205 -0.364926 0.534475 0.258423
1403636649.96356 8.265642 -8.007917 0.572221 0.716108 -0.366410 0.533623 0.261112
1403636650.01356 8.256190 -8.024794 0.582301 0.715364 -0.367891 0.532534 0.263283
1403636650.06356 8.246156 -8.040721 0.589578 0.713869 -0.369783 0.532410 0.264935
1403636650.11356 8.234829 -8.055433 0.594404 0.711952 -0.373041 0.531602 0.267142
1403636650.16356 8.222746 -8.069837 0.597072 0.709276 -0.377577 0.530256 0.270541
1403636650.21356 8.208625 -8.083292 0.598147 0.706412 -0.383674 0.527180 0.275423
1403636650.26356 8.193642 -8.095515 0.597954 0.702581 -0.391452 0.523690 0.280882
1403636650.31356 8.177445 -8.106533 0.597191 0.697991 -0.400796 0.519960 0.286029
1403636650.36356 8.161325 -8.118492 0.594600 0.693369 -0.410921 0.514949 0.291909
1403636650.41356 8.144268 -8.129387 0.591382 0.688816 -0.421053 0.509215 0.298239
1403636650.46356 8.126565 -8.138775 0.587106 0.684407 -0.431628 0.502607 0.304418
1403636650.51356 8.108468 -8.146433 0.581384 0.680242 -0.441996 0.495836 0.309930
1403636650.56356 8.090696 -8.153600 0.574336 0.676530 -0.451591 0.489768 0.313847
1403636650.61356 8.073136 -8.160046 0.566096 0.673283 -0.459206 0.484663 0.317680
1403636650.66356 8.055657 -8.166077 0.557146 0.670248 -0.465518 0.480755 0.320837
1403636650.71356 8.038304 -8.172763 0.548446 0.667795 -0.470598 0.476803 0.324416
1403636650.76356 8.021348 -8.179606 0.540775 0.665035 -0.475102 0.474580 0.326772
1403636650.81356 8.004648 -8.186353 0.535718 0.662388 -0.478193 0.473355 0.329407
1403636650.86356 7.989181 -8.193537 0.532722 0.659613 -0.479758 0.473368 0.332665
1403636650.91356 7.973400 -8.199756 0.531919 0.656401 -0.479915 0.475017 0.336421
1403636650.96356 7.957545 -8.206118 0.533006 0.653670 -0.479882 0.476993 0.338979
1403636651.01356 7.941700 -8.211742 0.535371 0.651763 -0.479196 0.478474 0.341523
1403636651.06356 7.926201 -8.216992 0.539027 0.650812 -0.478655 0.479370 0.342837
1403636651.11356 7.910819 -8.222469 0.542757 0.650043 -0.478087 0.480704 0.343221
1403636651.16356 7.894968 -8.226346 0.549195 0.650437 -0.477813 0.480471 0.343182
1403636651.21356 7.878580 -8.228995 0.556863 0.651852 -0.477819 0.479664 0.341613
1403636651.26356 7.862038 -8.230469 0.565823 0.653608 -0.477869 0.478261 0.340154
1403636651.31356 7.845529 -8.231357 0.575623 0.655846 -0.477795 0.476649 0.338207
1403636651.36356 7.829414 -8.232118 0.585046 0.657913 -0.478022 0.475357 0.335680
1403636651.41356 7.813429 -8.232455 0.593216 0.659542 -0.477324 0.474714 0.334384
1403636651.46356 7.797346 -8.232474 0.599194 0.660878 -0.476593 0.474764 0.332714
1403636651.51356 7.781382 -8.231945 0.604001 0.661513 -0.475050 0.475660 0.332379
1403636651.56356 7.765512 -8.231437 0.607132 0.660849 -0.473370 0.478394 0.332173
1403636651.61356 7.749666 -8.230524 0.608827 0.659839 -0.470887 0.481493 0.333230
1403636651.66356 7.733818 -8.228914 0.609120 0.658566 -0.469136 0.484687 0.333588
1403636651.71356 7.717105 -8.225949 0.607502 0.657266 -0.468722 0.487281 0.332953
1403636651.76356 7.700318 -8.222908 0.605296 0.654846 -0.470258 0.489678 0.332039
1403636651.81356 7.682887 -8.219197 0.602273 0.651052 -0.473984 0.491985 0.330788
1403636651.86356 7.664522 -8.214594 0.598115 0.646396 -0.478293 0.493569 0.331357
1403636651.91356 7.644548 -8.208865 0.592582 0.641386 -0.484110 0.493284 0.333065
1403636651.96356 7.622712 -8.202581 0.586292 0.635714 -0.490717 0.491908 0.336291
1403636652.01356 7.599666 -8.196062 0.578601 0.629676 -0.497532 0.489051 0.341759
1403636652.06356 7.575140 -8.188963 0.569470 0.624235 -0.505827 0.482931 0.348205
1403636652.11356 7.549149 -8.180726 0.559918 0.619202 -0.514403 0.474277 0.356426
1403636652.16356 7.521658 -8.171695 0.549820 0.613267 -0.524288 0.464449 0.365121
1403636652.21356 7.493341 -8.161644 0.538571 0.606476 -0.535971 0.453449 0.373238
1403636652.26356 7.464166 -8.149090 0.526140 0.598883 -0.548316 0.442750 0.380343
1403636652.31356 7.433860 -8.133837 0.512344 0.591658 -0.561902 0.430512 0.385832
1403636652.36356 7.403460 -8.119010 0.497527 0.584039 -0.574906 0.419374 0.390521
1403636652.41356 7.373143 -8.105625 0.483534 0.576605 -0.585859 0.410014 0.395201
1403636652.46356 7.343186 -8.093361 0.470560 0.569598 -0.595265 0.402871 0.398637
1403636652.51356 7.313535 -8.081900 0.458884 0.563724 -0.603521 0.396547 0.400909
1403636652.56356 7.283718 -8.071541 0.449782 0.559001 -0.611199 0.390274 0.402045
1403636652.61356 7.254185 -8.062604 0.443043 0.555995 -0.617476 0.384333 0.402344
1403636652.66356 7.224591 -8.055807 0.438816 0.554444 -0.622494 0.378216 0.402550
1403636652.71356 7.195323 -8.051186 0.436854 0.553446 -0.625144 0.373230 0.404465
1403636652.76356 7.168068 -8.048304 0.438329 0.551906 -0.627666 0.371263 0.404473
1403636652.81356 7.139794 -8.046175 0.440229 0.550914 -0.628594 0.369723 0.405794
1403636652.86356 7.112234 -8.046190 0.443672 0.549582 -0.629161 0.369770 0.406677
1403636652.91356 7.085127 -8.047924 0.449458 0.548839 -0.628228 0.370403 0.408543
1403636652.96356 7.057521 -8.050777 0.456714 0.548461 -0.626739 0.371231 0.410580
1403636653.01356 7.030121 -8.055099 0.463444 0.548148 -0.625339 0.372435 0.412039
1403636653.06356 7.003041 -8.060808 0.467193 0.548509 -0.622947 0.373460 0.414249
1403636653.16356 6.949346 -8.075149 0.463507 0.547751 -0.617622 0.378780 0.418375
1403636653.21356 6.923054 -8.083405 0.459247 0.546965 -0.613858 0.382506 0.421540
1403636653.26356 6.896750 -8.090962 0.456535 0.546098 -0.609847 0.386674 0.424673
1403636653.31356 6.870989 -8.098823 0.453960 0.546139 -0.605869 0.389585 0.427643
1403636653.36356 6.845849 -8.106748 0.453007 0.546760 -0.603124 0.391957 0.428561
1403636653.41356 6.821419 -8.113419 0.454849 0.547968 -0.600996 0.393456 0.428635
1403636653.46356 6.797290 -8.120024 0.458250 0.549421 -0.599823 0.394222 0.427713
1403636653.51356 6.773438 -8.126160 0.464091 0.551095 -0.598513 0.394891 0.426776
1403636653.56356 6.749629 -8.131221 0.471115 0.552504 -0.597725 0.395724 0.425284
1403636653.61356 6.726464 -8.136460 0.479838 0.552533 -0.596425 0.397781 0.425153
1403636653.66356 6.703652 -8.141129 0.488890 0.552659 -0.594344 0.399900 0.425915
1403636653.71356 6.681237 -8.144841 0.496391 0.552557 -0.592345 0.401673 0.427162
1403636653.76356 6.659505 -8.147840 0.502150 0.551946 -0.590896 0.403670 0.428074
1403636653.81356 6.637962 -8.149637 0.506207 0.552196 -0.589397 0.404579 0.428960
1403636653.86356 6.616148 -8.149441 0.508060 0.552089 -0.588231 0.405226 0.430086
1403636653.91356 6.596242 -8.149151 0.508209 0.552208 -0.587861 0.405445 0.430233
1403636653.96356 6.576747 -8.147691 0.506255 0.552274 -0.589044 0.405735 0.428252
1403636654.01356 6.558370 -8.143948 0.501002 0.552076 -0.590853 0.405999 0.425758
1403636654.06356 6.539748 -8.140958 0.495935 0.551643 -0.592236 0.406717 0.423707
1403636654.11356 6.521148 -8.137139 0.489911 0.550322 -0.593464 0.407071 0.423367
1403636654.16356 6.504360 -8.131735 0.484010 0.547627 -0.595005 0.407301 0.424476
1403636654.21356 6.485620 -8.126217 0.480523 0.544622 -0.596981 0.406190 0.426627
1403636654.26356 6.466619 -8.119291 0.478072 0.542226 -0.599628 0.402601 0.429360
1403636654.31356 6.447372 -8.111117 0.477529 0.538962 -0.603270 0.398505 0.432180
1403636654.36356 6.427820 -8.102177 0.478159 0.535309 -0.608061 0.393694 0.434409
1403636654.41356 6.408063 -8.093185 0.480971 0.531047 -0.613440 0.387970 0.437218
1403636654.46356 6.388195 -8.083596 0.485035 0.525907 -0.619172 0.382633 0.440045
1403636654.51356 6.368451 -8.073437 0.491414 0.520191 -0.624662 0.376645 0.444226
1403636654.56356 6.349338 -8.062673 0.499021 0.513957 -0.630534 0.370549 0.448295
1403636654.61356 6.331850 -8.050654 0.504680 0.508354 -0.637015 0.365285 0.449839
1403636654.66356 6.314048 -8.039488 0.511303 0.502650 -0.643773 0.361638 0.449576
1403636654.71356 6.296505 -8.028222 0.516572 0.498372 -0.648640 0.357556 0.450605
1403636654.76356 6.279834 -8.015996 0.519095 0.494909 -0.652762 0.353883 0.451368
1403636654.81356 6.262846 -8.004980 0.521309 0.491811 -0.655828 0.350399 0.453026
1403636654.86356 6.246346 -7.994083 0.521824 0.489387 -0.658316 0.347346 0.454391
1403636654.91356 6.230362 -7.983208 0.521192 0.486832 -0.659846 0.345391 0.456403
1403636654.96356 6.214402 -7.972144 0.519581 0.483955 -0.659135 0.345027 0.460745
1403636655.01356 6.198682 -7.961399 0.516936 0.480354 -0.657875 0.346584 0.465124
1403636655.06356 6.182832 -7.950544 0.513149 0.477264 -0.656666 0.348425 0.468625
1403636655.11356 6.168680 -7.939153 0.509218 0.474819 -0.655869 0.349813 0.471183
1403636655.16356 6.154006 -7.927259 0.504258 0.472931 -0.654726 0.350943 0.473824
1403636655.21356 6.139506 -7.914789 0.499050 0.471066 -0.654137 0.352954 0.475000
1403636655.26356 6.125335 -7.900988 0.493179 0.468243 -0.654638 0.354103 0.476244
1403636655.31356 6.111392 -7.885587 0.486683 0.465307 -0.655620 0.353954 0.477880
1403636655.36356 6.098026 -7.868869 0.479928 0.461247 -0.657583 0.353800 0.479230
1403636655.41356 6.085076 -7.850818 0.473987 0.457317 -0.659642 0.353441 0.480430
1403636655.46356 6.071989 -7.831796 0.470029 0.453753 -0.661518 0.351560 0.482604
1403636655.51356 6.058848 -7.811454 0.468098 0.449727 -0.664701 0.348573 0.484165
1403636655.56356 6.046155 -7.788338 0.466907 0.446370 -0.670101 0.343886 0.483177
1403636655.61356 6.033367 -7.763854 0.465434 0.442928 -0.677235 0.337586 0.480835
1403636655.66356 6.020511 -7.738677 0.462696 0.438813 -0.684457 0.332389 0.477995
1403636655.71356 6.008033 -7.714116 0.457836 0.435342 -0.690805 0.327731 0.475246
1403636655.76356 5.994799 -7.688992 0.449385 0.431691 -0.696107 0.322643 0.474321
1403636655.81356 5.980927 -7.663925 0.437551 0.426479 -0.701216 0.318403 0.474375
1403636655.86356 5.966256 -7.640240 0.421788 0.420179 -0.706708 0.313931 0.474827
1403636655.91356 5.950794 -7.614818 0.405170 0.412654 -0.712168 0.309367 0.476262
1403636655.96356 5.934497 -7.590363 0.388595 0.404641 -0.716998 0.304789 0.478836
1403636656.01356 5.917666 -7.565645 0.373465 0.397434 -0.720799 0.301422 0.481290
1403636656.06356 5.900170 -7.540579 0.361006 0.391268 -0.723838 0.297410 0.484268
1403636656.11356 5.882385 -7.515067 0.350258 0.387277 -0.726396 0.292560 0.486593
1403636656.16356 5.863698 -7.490055 0.342725 0.383941 -0.728492 0.288439 0.488560
1403636656.21356 5.844928 -7.464927 0.337827 0.382636 -0.730302 0.283028 0.490045
1403636656.26356 5.825618 -7.440821 0.336698 0.380855 -0.731915 0.280119 0.490697
1403636656.31356 5.806532 -7.418214 0.337915 0.379885 -0.733468 0.277373 0.490689
1403636656.36356 5.786326 -7.396181 0.341633 0.378659 -0.734737 0.276209 0.490395
1403636656.41356 5.765226 -7.375161 0.347502 0.378664 -0.735354 0.274833 0.490240
1403636656.46356 5.744783 -7.360141 0.357076 0.378333 -0.735763 0.274584 0.490021
1403636656.51356 5.722287 -7.340082 0.365964 0.379218 -0.735643 0.273629 0.490051
1403636656.56356 5.699043 -7.321116 0.375031 0.380041 -0.734500 0.273346 0.491284
1403636656.61356 5.675507 -7.302843 0.383590 0.380640 -0.732891 0.273908 0.492908
1403636656.66356 5.651844 -7.284818 0.391492 0.380211 -0.730142 0.276177 0.496043
1403636656.71356 5.627436 -7.266874 0.398098 0.378694 -0.725672 0.280459 0.501332
1403636656.76356 5.602898 -7.248941 0.402547 0.377428 -0.721352 0.284272 0.506348
1403636656.81356 5.578385 -7.230844 0.404545 0.377615 -0.717588 0.285923 0.510609
1403636656.86356 5.554422 -7.212602 0.404580 0.378560 -0.714731 0.286421 0.513630
1403636656.91356 5.532925 -7.193503 0.404690 0.378943 -0.712314 0.287759 0.515951
1403636656.96356 5.510897 -7.174441 0.401410 0.379123 -0.710817 0.289530 0.516891
1403636657.01356 5.489711 -7.154522 0.396221 0.378710 -0.709874 0.291913 0.517150
1403636657.06356 5.468707 -7.132237 0.388710 0.378123 -0.709280 0.294303 0.517040
1403636657.11356 5.448701 -7.110204 0.380744 0.377497 -0.709164 0.296701 0.516285
1403636657.16356 5.429564 -7.087105 0.372788 0.376592 -0.709319 0.299167 0.515310
1403636657.21356 5.410828 -7.062791 0.366151 0.376073 -0.710081 0.301101 0.513509
1403636657.26356 5.391913 -7.037473 0.360987 0.376406 -0.711889 0.301246 0.510669
1403636657.31356 5.373359 -7.010933 0.356989 0.377021 -0.713470 0.300574 0.508401
1403636657.36356 5.355080 -6.983705 0.354112 0.377228 -0.715723 0.300156 0.505317
1403636657.41356 5.336954 -6.955580 0.351106 0.377334 -0.719081 0.299643 0.500755
1403636657.46356 5.318540 -6.927073 0.347113 0.378030 -0.722451 0.298432 0.496081
1403636657.51356 5.298471 -6.895843 0.342599 0.378424 -0.725306 0.297753 0.492006
1403636657.56356 5.278762 -6.865783 0.337062 0.379199 -0.727128 0.296201 0.489650
1403636657.61356 5.258731 -6.835814 0.330266 0.379600 -0.727891 0.295360 0.488714
1403636657.71356 5.216351 -6.773864 0.312915 0.379015 -0.727949 0.295500 0.488996
1403636657.76356 5.194584 -6.743642 0.303740 0.377222 -0.728615 0.295451 0.489421
1403636657.81356 5.172055 -6.713135 0.293262 0.375125 -0.730046 0.295400 0.488931
1403636657.86356 5.148977 -6.682247 0.281715 0.372275 -0.732509 0.296606 0.486690
1403636657.91356 5.125063 -6.650635 0.270528 0.369861 -0.735540 0.297409 0.483458
1403636657.96356 5.100102 -6.618023 0.260681 0.368279 -0.737857 0.297344 0.481169
1403636658.01356 5.073061 -6.585211 0.253504 0.368002 -0.738745 0.295847 0.480941
1403636658.06356 5.043915 -6.549546 0.248142 0.369097 -0.739196 0.292558 0.481421
1403636658.11356 5.014878 -6.515181 0.245760 0.371290 -0.737714 0.288080 0.484698
1403636658.16356 4.984483 -6.481531 0.245090 0.373371 -0.736974 0.283571 0.486879
1403636658.21356 4.953606 -6.447328 0.245159 0.374760 -0.736084 0.280006 0.489215
1403636658.26356 4.922485 -6.414127 0.244506 0.377118 -0.734847 0.275485 0.491823
1403636658.31356 4.888221 -6.381194 0.242565 0.378357 -0.734488 0.272737 0.492937
1403636658.36356 4.855845 -6.350230 0.239788 0.379198 -0.734414 0.270337 0.493724
1403636658.41356 4.823287 -6.320168 0.236047 0.380099 -0.734490 0.268250 0.494056
1403636658.46356 4.790576 -6.290856 0.231709 0.381448 -0.734244 0.265396 0.494922
1403636658.51356 4.756314 -6.264561 0.226887 0.383151 -0.733644 0.262551 0.496013
1403636658.56356 4.723517 -6.237057 0.221603 0.385249 -0.732417 0.258916 0.498107
1403636658.61356 4.690413 -6.211785 0.215345 0.386871 -0.731375 0.256294 0.499734
1403636658.66356 4.657920 -6.186396 0.208757 0.387663 -0.730760 0.254841 0.500763
1403636658.71356 4.626275 -6.162194 0.201395 0.388127 -0.729704 0.253877 0.502430
1403636658.76356 4.594740 -6.138856 0.193275 0.388827 -0.727965 0.252688 0.505004
1403636658.81356 4.562776 -6.114856 0.184751 0.389764 -0.725256 0.251131 0.508941
1403636658.86356 4.533241 -6.094278 0.175520 0.389631 -0.723038 0.251055 0.512226
1403636658.91356 4.503353 -6.074205 0.165231 0.387509 -0.721783 0.253871 0.514214
1403636658.96356 4.475921 -6.055847 0.154026 0.384454 -0.721280 0.258171 0.515070
1403636659.01356 4.449549 -6.038071 0.141788 0.381746 -0.721025 0.262062 0.515478
1403636659.06356 4.424124 -6.020476 0.128637 0.379076 -0.719519 0.265811 0.517627
1403636659.11356 4.399635 -6.002942 0.114364 0.377589 -0.718736 0.268027 0.518658
1403636659.16356 4.376268 -5.985331 0.098827 0.376113 -0.717968 0.270008 0.519766
1403636659.21356 4.354054 -5.967675 0.082903 0.375381 -0.717307 0.271333 0.520518
1403636659.26356 4.332294 -5.948428 0.067622 0.375041 -0.717461 0.271953 0.520226
1403636659.31356 4.312387 -5.930584 0.052892 0.375838 -0.718604 0.271066 0.518534
1403636659.36356 4.293414 -5.912738 0.039307 0.376730 -0.720378 0.269813 0.516073
1403636659.41356 4.274274 -5.893781 0.026455 0.378649 -0.722417 0.267462 0.513034
1403636659.46356 4.256351 -5.875683 0.015397 0.380537 -0.724720 0.265074 0.509615
1403636659.51356 4.238206 -5.858470 0.006883 0.381560 -0.725067 0.263298 0.509278
1403636659.56356 4.221566 -5.840153 -0.000448 0.380780 -0.725980 0.264158 0.508114
1403636659.61356 4.205886 -5.822710 -0.008054 0.380721 -0.724897 0.263679 0.509951
1403636659.66356 4.190834 -5.805645 -0.016583 0.379890 -0.724053 0.263874 0.511665
1403636659.71356 4.176415 -5.788843 -0.026553 0.379153 -0.723188 0.263938 0.513399
1403636659.76356 4.163203 -5.772363 -0.038078 0.378057 -0.722509 0.264206 0.515022
1403636659.81356 4.151008 -5.756183 -0.050829 0.377627 -0.722339 0.263663 0.515855
1403636659.86356 4.139706 -5.739703 -0.064703 0.376494 -0.722801 0.263875 0.515926
1403636659.91356 4.129477 -5.723881 -0.080016 0.376445 -0.723926 0.262957 0.514854
1403636659.96356 4.120464 -5.707951 -0.096566 0.377202 -0.726173 0.260173 0.512545
1403636660.01356 4.111925 -5.692475 -0.114159 0.377841 -0.728592 0.258248 0.509605
1403636660.06356 4.104010 -5.676755 -0.132661 0.378293 -0.731377 0.256046 0.506382
1403636660.11356 4.095572 -5.663232 -0.151420 0.379099 -0.733442 0.253761 0.503938
1403636660.16356 4.088209 -5.648995 -0.171176 0.379752 -0.735192 0.251990 0.501779
1403636660.21356 4.081111 -5.636572 -0.191318 0.379729 -0.735831 0.251708 0.501001
1403636660.26356 4.074265 -5.625307 -0.211586 0.380408 -0.737634 0.249835 0.498766
1403636660.31356 4.067593 -5.615459 -0.230702 0.381510 -0.739489 0.247725 0.496225
1403636660.36356 4.060856 -5.606824 -0.248634 0.383553 -0.742941 0.244181 0.491224
1403636660.41356 4.053670 -5.600586 -0.264132 0.384930 -0.746315 0.241476 0.486345
1403636660.46356 4.046184 -5.595908 -0.276770 0.385656 -0.748027 0.240130 0.483800
1403636660.51356 4.038644 -5.593491 -0.288112 0.386201 -0.747878 0.239596 0.483861
1403636660.56356 4.030421 -5.593991 -0.298997 0.385553 -0.745660 0.240701 0.487240
1403636660.61356 4.022030 -5.596068 -0.310405 0.384320 -0.741746 0.243079 0.492974
1403636660.66356 4.013732 -5.600174 -0.322801 0.383204 -0.736796 0.245321 0.500103
1403636660.71356 4.006116 -5.606092 -0.336440 0.382378 -0.731826 0.246956 0.507179
1403636660.76356 3.998799 -5.612645 -0.351621 0.382446 -0.726751 0.247265 0.514225
1403636660.81356 3.992393 -5.619366 -0.368537 0.383438 -0.722520 0.246175 0.519940
1403636660.86356 3.986773 -5.627161 -0.386851 0.384985 -0.718891 0.244409 0.524640
1403636660.91356 3.982546 -5.635708 -0.406597 0.385463 -0.716574 0.243797 0.527733
1403636660.96356 3.979916 -5.644681 -0.427258 0.384450 -0.716170 0.245541 0.528213
1403636661.01356 3.978877 -5.654423 -0.449358 0.382462 -0.716560 0.248795 0.527603
1403636661.06356 3.979104 -5.664100 -0.472432 0.380194 -0.717021 0.252101 0.527047
1403636661.11356 3.981060 -5.674359 -0.496143 0.378103 -0.717452 0.255253 0.526447
1403636661.16356 3.984499 -5.684307 -0.520539 0.376184 -0.718189 0.257809 0.525570
1403636661.21356 3.988728 -5.694687 -0.543480 0.374325 -0.717943 0.260464 0.525926
1403636661.26356 3.994115 -5.704429 -0.565284 0.373447 -0.718953 0.261613 0.524597
1403636661.31356 4.001686 -5.713233 -0.584459 0.372464 -0.718859 0.262995 0.524733
1403636661.36356 4.009091 -5.721809 -0.602131 0.372093 -0.718920 0.263594 0.524614
1403636661.41356 4.017108 -5.730275 -0.617985 0.372224 -0.718703 0.263631 0.524799
1403636661.46356 4.026031 -5.738585 -0.631798 0.371863 -0.719048 0.264216 0.524288
1403636661.51356 4.035816 -5.746589 -0.643570 0.372099 -0.719857 0.264227 0.523004
1403636661.56356 4.047730 -5.753574 -0.653427 0.371573 -0.720870 0.265407 0.521382
1403636661.61356 4.059675 -5.760343 -0.661960 0.371232 -0.722365 0.266224 0.519134
1403636661.66356 4.072114 -5.766848 -0.668205 0.370550 -0.722318 0.267775 0.518889
1403636661.71356 4.084715 -5.773403 -0.672815 0.370310 -0.721637 0.268572 0.519595
1403636661.76356 4.098539 -5.779245 -0.675536 0.367316 -0.722207 0.272819 0.518716
1403636661.81356 4.112474 -5.784792 -0.676422 0.364751 -0.722930 0.277260 0.517162
1403636661.86356 4.126399 -5.789294 -0.675413 0.363141 -0.722871 0.280420 0.516673
1403636661.91356 4.139876 -5.792887 -0.672760 0.362219 -0.722723 0.281886 0.516730
1403636661.96356 4.153522 -5.795517 -0.668371 0.362098 -0.722542 0.283175 0.516363
1403636662.01356 4.167114 -5.797274 -0.661944 0.362231 -0.722131 0.283195 0.516833
1403636662.06356 4.180643 -5.797654 -0.654334 0.362556 -0.721477 0.282925 0.517665
1403636662.11356 4.194209 -5.797064 -0.646403 0.363119 -0.721014 0.282551 0.518121
1403636662.16356 4.208253 -5.796073 -0.638667 0.365177 -0.720884 0.279496 0.518512
1403636662.21356 4.222552 -5.793356 -0.633111 0.367988 -0.720534 0.275238 0.519288
1403636662.31356 4.252600 -5.786396 -0.626409 0.373041 -0.719915 0.266765 0.520960
1403636662.36356 4.268731 -5.782559 -0.625665 0.375037 -0.720329 0.263204 0.520765
1403636662.41356 4.285368 -5.778958 -0.626491 0.376293 -0.721855 0.260387 0.519161
1403636662.46356 4.302767 -5.775638 -0.629098 0.377739 -0.724513 0.257505 0.515834
1403636662.51356 4.320921 -5.772413 -0.632851 0.378838 -0.727290 0.255271 0.512219
1403636662.56356 4.339500 -5.769912 -0.637321 0.378354 -0.730014 0.255078 0.508786
1403636662.61356 4.358546 -5.767899 -0.642633 0.375671 -0.733024 0.258306 0.504801
1403636662.66356 4.377498 -5.766416 -0.648768 0.370409 -0.736070 0.264490 0.501042
1403636662.71356 4.395668 -5.765354 -0.655365 0.365472 -0.737805 0.270875 0.498699
1403636662.76356 4.412713 -5.764453 -0.662965 0.361422 -0.738558 0.276050 0.497697
1403636662.81356 4.429158 -5.763243 -0.671603 0.358069 -0.739288 0.279574 0.497070
1403636662.86356 4.444752 -5.761646 -0.681797 0.357308 -0.740644 0.280338 0.495164
1403636662.91356 4.459126 -5.759453 -0.693051 0.358788 -0.742188 0.277478 0.493390
1403636662.96356 4.471997 -5.757453 -0.705099 0.359500 -0.744152 0.275947 0.490766
1403636663.01356 4.483804 -5.755545 -0.716488 0.358694 -0.746922 0.276519 0.486809
1403636663.06356 4.493850 -5.753566 -0.726446 0.356885 -0.749696 0.278326 0.482829
1403636663.11356 4.502176 -5.751164 -0.735080 0.355165 -0.751787 0.280407 0.479631
1403636663.16356 4.508413 -5.748931 -0.741713 0.354986 -0.753617 0.280241 0.476981
1403636663.21356 4.512148 -5.746515 -0.747113 0.357020 -0.753180 0.276410 0.478386
1403636663.26356 4.513779 -5.744097 -0.752839 0.363205 -0.750495 0.267796 0.482831
1403636663.31356 4.514263 -5.742306 -0.760022 0.368812 -0.748720 0.259725 0.485736
1403636663.36356 4.513780 -5.741350 -0.768884 0.374010 -0.747464 0.252026 0.487747
1403636663.41356 4.512855 -5.741758 -0.779541 0.378941 -0.747180 0.245023 0.487944
1403636663.46356 4.511412 -5.743751 -0.791500 0.382451 -0.747581 0.240169 0.487004
1403636663.51356 4.509390 -5.747476 -0.804656 0.385370 -0.748283 0.235364 0.485969
1403636663.56356 4.507275 -5.753126 -0.818735 0.387326 -0.748715 0.232484 0.485135
1403636663.61356 4.504789 -5.761046 -0.833717 0.388215 -0.749282 0.231442 0.484046
1403636663.66356 4.501675 -5.771965 -0.848698 0.389209 -0.749578 0.230129 0.483415
1403636663.71356 4.497830 -5.784873 -0.863423 0.391770 -0.748067 0.226990 0.485168
1403636663.76356 4.493831 -5.800215 -0.877004 0.394436 -0.745678 0.224204 0.487972
1403636663.81356 4.489992 -5.818378 -0.888553 0.397497 -0.741528 0.221159 0.493175
1403636663.86356 4.486461 -5.839904 -0.898067 0.400377 -0.737059 0.218915 0.498516
1403636663.91356 4.483965 -5.864199 -0.905954 0.401566 -0.733488 0.218835 0.502844
1403636663.96356 4.482606 -5.890919 -0.911727 0.403163 -0.728099 0.218732 0.509399
1403636664.01356 4.482704 -5.920362 -0.915107 0.404079 -0.722906 0.219245 0.515809
1403636664.06356 4.485364 -5.951619 -0.917548 0.403735 -0.720132 0.221701 0.518900
1403636664.11356 4.489916 -5.985205 -0.918202 0.402121 -0.718545 0.226542 0.520259
1403636664.16356 4.496384 -6.020232 -0.917561 0.399389 -0.717460 0.232601 0.521187
1403636664.21356 4.504485 -6.056468 -0.916182 0.396447 -0.716282 0.239666 0.521853
1403636664.26356 4.513627 -6.093873 -0.915624 0.393959 -0.714758 0.246122 0.522820
1403636664.31356 4.524591 -6.131633 -0.918099 0.391907 -0.713803 0.251730 0.522997
1403636664.36356 4.536669 -6.169457 -0.925155 0.391141 -0.712985 0.255719 0.522752
1403636664.41356 4.549605 -6.207747 -0.936114 0.390636 -0.712003 0.259461 0.522623
1403636664.46356 4.563768 -6.245738 -0.949722 0.390903 -0.711455 0.262246 0.521779
1403636664.51356 4.579027 -6.283667 -0.964036 0.390846 -0.710215 0.265551 0.521840
1403636664.56356 4.594861 -6.321488 -0.979787 0.390839 -0.709622 0.269142 0.520812
1403636664.61356 4.612711 -6.358417 -0.993745 0.388708 -0.710087 0.275829 0.518268
1403636664.66356 4.631667 -6.394049 -1.006329 0.388474 -0.709682 0.279573 0.516990
1403636664.71356 4.650860 -6.429532 -1.017168 0.388133 -0.710583 0.283338 0.513949
1403636664.76356 4.670527 -6.463677 -1.026458 0.391511 -0.710355 0.281336 0.512801
1403636664.81356 4.691188 -6.496825 -1.033685 0.395049 -0.709572 0.279045 0.512423
1403636664.86356 4.712022 -6.530270 -1.038572 0.397082 -0.708971 0.279294 0.511548
1403636664.91356 4.733665 -6.563294 -1.042646 0.397610 -0.708829 0.281041 0.510376
1403636664.96356 4.755804 -6.596209 -1.045563 0.399577 -0.709962 0.280472 0.507571
1403636665.01356 4.778944 -6.628788 -1.046494 0.400654 -0.711993 0.281058 0.503537
1403636665.06356 4.802516 -6.660085 -1.045642 0.402790 -0.714328 0.279516 0.499366
1403636665.11356 4.826559 -6.691071 -1.043359 0.404290 -0.716264 0.279185 0.495552
1403636665.16356 4.850372 -6.722995 -1.038865 0.405491 -0.717725 0.278327 0.492932
1403636665.21356 4.874366 -6.754981 -1.033909 0.404140 -0.719101 0.281703 0.490110
1403636665.26356 4.898024 -6.787104 -1.027313 0.400203 -0.719170 0.287884 0.489647
1403636665.31356 4.921200 -6.819568 -1.019661 0.397442 -0.717823 0.292373 0.491211
1403636665.36356 4.943116 -6.852435 -1.013064 0.396425 -0.717038 0.294371 0.491986
1403636665.41356 4.964266 -6.884923 -1.006055 0.397215 -0.715892 0.293180 0.493725
1403636665.46356 4.985205 -6.916718 -0.999713 0.399880 -0.715030 0.288903 0.495342
1403636665.51356 5.006262 -6.947356 -0.993553 0.403161 -0.714260 0.283230 0.497066
1403636665.56356 5.027759 -6.977962 -0.986399 0.405877 -0.712775 0.278216 0.499811
1403636665.61356 5.050188 -7.008417 -0.979006 0.408462 -0.712698 0.273736 0.500288
1403636665.66356 5.072700 -7.039831 -0.971304 0.409256 -0.712475 0.271176 0.501352
1403636665.71356 5.096025 -7.071720 -0.963305 0.409008 -0.711585 0.270055 0.503418
1403636665.76356 5.119800 -7.104402 -0.954353 0.408084 -0.710013 0.269920 0.506450
1403636665.81356 5.144763 -7.137137 -0.945076 0.405932 -0.709392 0.271262 0.508331
1403636665.86356 5.170257 -7.170676 -0.935865 0.400327 -0.710020 0.278200 0.508148
1403636665.91356 5.196001 -7.204324 -0.926374 0.394598 -0.711864 0.285077 0.506234
1403636665.96356 5.224130 -7.235556 -0.916028 0.389540 -0.713920 0.290970 0.503897
1403636666.01356 5.250241 -7.267318 -0.908873 0.386109 -0.716117 0.294635 0.501285
1403636666.06356 5.275600 -7.298396 -0.903030 0.384339 -0.717210 0.296543 0.499956
1403636666.11356 5.300642 -7.328329 -0.898606 0.384692 -0.716611 0.295483 0.501169
1403636666.16356 5.325401 -7.357306 -0.895396 0.386400 -0.715026 0.292393 0.503924
1403636666.21356 5.351273 -7.384855 -0.892929 0.387129 -0.713564 0.291400 0.506007
1403636666.26356 5.375942 -7.412147 -0.892589 0.387222 -0.713145 0.291463 0.506490
1403636666.31356 5.400452 -7.438792 -0.894035 0.385973 -0.712781 0.293138 0.506990
1403636666.36356 5.425793 -7.463772 -0.896469 0.384579 -0.712590 0.296081 0.506607
1403636666.41356 5.450362 -7.487841 -0.898945 0.383335 -0.713817 0.298495 0.504402
1403636666.46356 5.475057 -7.510280 -0.900923 0.382990 -0.715133 0.299991 0.501906
1403636666.51356 5.499155 -7.531456 -0.901141 0.383833 -0.715908 0.300336 0.499947
1403636666.56356 5.524022 -7.550366 -0.898916 0.386297 -0.716514 0.297837 0.498675
1403636666.61356 5.547584 -7.568565 -0.894586 0.389672 -0.717139 0.294630 0.497052
1403636666.66356 5.570894 -7.586150 -0.888695 0.393740 -0.717012 0.290299 0.496577
1403636666.71356 5.594441 -7.603013 -0.881919 0.397687 -0.718050 0.286131 0.494346
1403636666.76356 5.617189 -7.620554 -0.874598 0.401052 -0.719336 0.282799 0.491668
1403636666.81356 5.639051 -7.638870 -0.867952 0.402728 -0.721163 0.281712 0.488234
1403636666.86356 5.661671 -7.656721 -0.861854 0.403213 -0.724539 0.281902 0.482694
1403636666.91356 5.683881 -7.674996 -0.857477 0.400596 -0.730058 0.286304 0.473886
1403636666.96356 5.705118 -7.693148 -0.854623 0.397594 -0.734942 0.290843 0.466036
1403636667.01356 5.724421 -7.712044 -0.852517 0.395686 -0.736380 0.293837 0.463505
1403636667.06356 5.741631 -7.731235 -0.851240 0.394825 -0.735676 0.295645 0.464208
1403636667.11356 5.757250 -7.750834 -0.850249 0.395587 -0.730447 0.295238 0.472010
1403636667.16356 5.768900 -7.773061 -0.852139 0.397383 -0.723300 0.293463 0.482497
1403636667.21356 5.782082 -7.793345 -0.853135 0.398763 -0.717321 0.292131 0.491018
1403636667.26356 5.794593 -7.814265 -0.855449 0.401138 -0.711734 0.289371 0.498786
1403636667.31356 5.807522 -7.834797 -0.859414 0.403052 -0.708175 0.287399 0.503427
1403636667.36356 5.820974 -7.854985 -0.864915 0.403649 -0.706201 0.287156 0.505855
1403636667.41356 5.834938 -7.874653 -0.871641 0.404624 -0.705913 0.286099 0.506076
1403636667.46356 5.849839 -7.893578 -0.879064 0.406379 -0.707239 0.284381 0.503783
1403636667.51356 5.865269 -7.912481 -0.887066 0.407669 -0.709359 0.283104 0.500467
1403636667.56356 5.881021 -7.931782 -0.895271 0.407962 -0.713334 0.283076 0.494560
1403636667.61356 5.896990 -7.951186 -0.902017 0.407059 -0.717510 0.284174 0.488598
1403636667.66356 5.912817 -7.970607 -0.905950 0.406186 -0.720621 0.285829 0.483757
1403636667.71356 5.928190 -7.990091 -0.907755 0.404739 -0.722446 0.287951 0.480982
1403636667.76356 5.943900 -8.008770 -0.905928 0.403624 -0.722895 0.289419 0.480362
1403636667.81356 5.957976 -8.028833 -0.904156 0.402524 -0.722692 0.290569 0.480895
1403636667.86356 5.971795 -8.048547 -0.901821 0.401570 -0.722924 0.291333 0.480882
1403636667.91356 5.985018 -8.067864 -0.899594 0.400474 -0.723238 0.292103 0.480857
1403636667.96356 5.997156 -8.087517 -0.898073 0.400627 -0.723889 0.291243 0.480271
1403636668.01356 6.008468 -8.107654 -0.897692 0.400155 -0.723738 0.291140 0.480954
1403636668.06356 6.018934 -8.128208 -0.899264 0.400766 -0.723019 0.288841 0.482908
1403636668.11356 6.028996 -8.149077 -0.902687 0.401457 -0.722246 0.286347 0.484973
1403636668.16356 6.038517 -8.170290 -0.907791 0.402277 -0.721706 0.283348 0.486855
1403636668.21356 6.047831 -8.191779 -0.914740 0.403274 -0.722209 0.279971 0.487239
1403636668.26356 6.056801 -8.213520 -0.922793 0.404103 -0.722528 0.276852 0.487859
1403636668.31356 6.066119 -8.235724 -0.931679 0.404052 -0.723000 0.274235 0.488680
1403636668.36356 6.076059 -8.259400 -0.941131 0.403485 -0.723331 0.273017 0.489341
1403636668.41356 6.085435 -8.282950 -0.951643 0.402613 -0.723059 0.272305 0.490854
1403636668.46356 6.094734 -8.307282 -0.963052 0.401373 -0.722429 0.271998 0.492964
1403636668.51356 6.104023 -8.332229 -0.974924 0.400618 -0.722212 0.271332 0.494262
1403636668.56356 6.113832 -8.357454 -0.987180 0.399584 -0.722666 0.270949 0.494644
1403636668.61356 6.123827 -8.383144 -0.999413 0.399075 -0.722836 0.270196 0.495218
1403636668.66356 6.133908 -8.409406 -1.011800 0.398609 -0.723210 0.268910 0.495748
1403636668.71356 6.144037 -8.436560 -1.024051 0.399739 -0.722115 0.265880 0.498063
1403636668.76356 6.154307 -8.464263 -1.036350 0.401446 -0.719679 0.262418 0.502036
1403636668.81356 6.165254 -8.492726 -1.047996 0.402284 -0.716998 0.259803 0.506541
1403636668.86356 6.177243 -8.520621 -1.058386 0.404565 -0.713682 0.256471 0.511085
1403636668.91356 6.191064 -8.550151 -1.066598 0.405605 -0.710246 0.254418 0.516049
1403636668.96356 6.206521 -8.580487 -1.073094 0.403638 -0.709368 0.257084 0.517476
1403636669.01356 6.224228 -8.610067 -1.077416 0.400229 -0.709905 0.262075 0.516884
1403636669.11356 6.263472 -8.668730 -1.080738 0.393385 -0.711100 0.271242 0.515765
1403636669.16356 6.284276 -8.696751 -1.080714 0.391291 -0.711835 0.273414 0.515197
1403636669.21356 6.306235 -8.723843 -1.081046 0.389712 -0.711869 0.274944 0.515532
1403636669.26356 6.328740 -8.751681 -1.083097 0.388944 -0.711825 0.275450 0.515902
1403636669.31356 6.351996 -8.779460 -1.086408 0.389000 -0.711842 0.274616 0.516281
1403636669.36356 6.376118 -8.806927 -1.091235 0.388566 -0.712674 0.274727 0.515400
1403636669.41356 6.401201 -8.833998 -1.096093 0.387925 -0.712134 0.275418 0.516261
1403636669.46356 6.427105 -8.860759 -1.101551 0.386675 -0.711013 0.277148 0.517815
1403636669.51356 6.453233 -8.887456 -1.108697 0.386285 -0.709243 0.278480 0.519815
1403636669.56356 6.480067 -8.913411 -1.117046 0.385468 -0.707137 0.279978 0.522479
1403636669.61356 6.507827 -8.938823 -1.125225 0.384451 -0.703767 0.281850 0.526754
1403636669.66356 6.537017 -8.962688 -1.132330 0.383326 -0.700800 0.284331 0.530186
1403636669.71356 6.566785 -8.985733 -1.138351 0.382129 -0.697755 0.286697 0.533779
1403636669.76356 6.597706 -9.008012 -1.142994 0.381026 -0.696559 0.289008 0.534882
1403636669.81356 6.630432 -9.028455 -1.146246 0.376738 -0.698830 0.296688 0.530737
1403636669.86356 6.664301 -9.046948 -1.148294 0.370167 -0.703022 0.307533 0.523602
1403636669.91356 6.699022 -9.063367 -1.148740 0.364624 -0.709544 0.316476 0.513263
1403636669.96356 6.732597 -9.076433 -1.148515 0.360897 -0.714677 0.322343 0.505059
1403636670.01356 6.765323 -9.086391 -1.146346 0.359387 -0.718767 0.324779 0.498732
1403636670.06356 6.796953 -9.093096 -1.143096 0.358283 -0.721649 0.327047 0.493858
1403636670.11356 6.826812 -9.096560 -1.138170 0.358083 -0.723615 0.329742 0.489314
1403636670.16356 6.856033 -9.095844 -1.133262 0.356869 -0.722901 0.334870 0.487772
1403636670.21356 6.882454 -9.093999 -1.126392 0.353454 -0.721434 0.344083 0.486014
1403636670.26356 6.906606 -9.089684 -1.120285 0.350426 -0.719395 0.352823 0.484962
1403636670.31356 6.928488 -9.082498 -1.115826 0.348275 -0.717895 0.360352 0.483194
1403636670.36356 6.947817 -9.072128 -1.113382 0.348379 -0.717293 0.365954 0.479793
1403636670.41356 6.964412 -9.058216 -1.112206 0.350613 -0.716635 0.370394 0.475723
1403636670.46356 6.979798 -9.040305 -1.112865 0.353568 -0.716122 0.375662 0.470145
1403636670.51356 6.989950 -9.018977 -1.109791 0.357872 -0.714516 0.380834 0.465146
1403636670.56356 6.996142 -8.994292 -1.105317 0.363955 -0.711861 0.386147 0.460088
1403636670.61356 6.997984 -8.965743 -1.099235 0.370960 -0.708530 0.391113 0.455417
1403636670.66356 6.995914 -8.934453 -1.090686 0.379046 -0.704255 0.395635 0.451467
1403636670.71356 6.989669 -8.899453 -1.080514 0.387484 -0.699213 0.400544 0.447796
1403636670.76356 6.979677 -8.862062 -1.070323 0.395736 -0.693910 0.406194 0.443722
1403636670.81356 6.966171 -8.821730 -1.059650 0.403076 -0.688701 0.413750 0.438214
1403636670.86356 6.949506 -8.778595 -1.050024 0.409789 -0.683367 0.423064 0.431393
1403636670.91356 6.929321 -8.732706 -1.041215 0.416229 -0.677346 0.433340 0.424466
1403636670.96356 6.904623 -8.683803 -1.031360 0.422081 -0.670284 0.445788 0.416941
1403636671.01356 6.875152 -8.631396 -1.019755 0.430579 -0.661534 0.456413 0.410684
1403636671.06356 6.840784 -8.575041 -1.005535 0.441394 -0.651692 0.464242 0.406138
1403636671.11356 6.800643 -8.515857 -0.988878 0.454889 -0.641329 0.468470 0.402876
1403636671.16356 6.755638 -8.453505 -0.971062 0.469219 -0.631551 0.470854 0.399091
1403636671.21356 6.705618 -8.388246 -0.951186 0.482970 -0.623272 0.471557 0.394851
1403636671.26356 6.650794 -8.319401 -0.930576 0.497290 -0.615840 0.469139 0.391602
1403636671.31356 6.591955 -8.248074 -0.910432 0.513663 -0.609090 0.461215 0.390436
1403636671.41356 6.464290 -8.101808 -0.869531 0.550521 -0.592710 0.437056 0.393196
1403636671.46356 6.399405 -8.028176 -0.850995 0.567363 -0.585244 0.426915 0.391577
1403636671.51356 6.334178 -7.955788 -0.833405 0.581495 -0.579703 0.419145 0.387461
1403636671.56356 6.269062 -7.883474 -0.817830 0.592728 -0.576152 0.413774 0.381462
1403636671.61356 6.203968 -7.812622 -0.804068 0.602463 -0.573900 0.408503 0.375237
1403636671.66356 6.139693 -7.743353 -0.791733 0.609949 -0.573008 0.404172 0.369147
1403636671.71356 6.075907 -7.676943 -0.780125 0.615778 -0.572449 0.400824 0.363950
1403636671.76356 6.012678 -7.612911 -0.769446 0.620114 -0.572224 0.397971 0.360051
1403636671.81356 5.950239 -7.551476 -0.759729 0.624794 -0.571702 0.393593 0.357596
1403636671.86356 5.888845 -7.493898 -0.749229 0.627998 -0.572735 0.389945 0.354311
1403636671.91356 5.828372 -7.440090 -0.737639 0.631370 -0.574839 0.384540 0.350801
1403636671.96356 5.768754 -7.390212 -0.723823 0.635073 -0.576372 0.378003 0.348701
1403636672.01356 5.710608 -7.345023 -0.707423 0.638919 -0.577740 0.370668 0.347282
1403636672.06356 5.654750 -7.309161 -0.686614 0.642157 -0.576505 0.364085 0.350312
1403636672.11356 5.600078 -7.273505 -0.665852 0.645043 -0.572833 0.358857 0.356375
1403636672.16356 5.547486 -7.241395 -0.642773 0.646260 -0.569953 0.355623 0.361986
1403636672.21356 5.497439 -7.213303 -0.618157 0.647277 -0.567947 0.352694 0.366163
1403636672.26356 5.450299 -7.189109 -0.593784 0.647000 -0.567100 0.351235 0.369354
1403636672.31356 5.405880 -7.168918 -0.570647 0.647153 -0.564753 0.349863 0.373956
1403636672.36356 5.364838 -7.153305 -0.548591 0.647284 -0.560142 0.349041 0.381359
1403636672.41356 5.326815 -7.140016 -0.529139 0.647159 -0.554377 0.349275 0.389689
1403636672.46356 5.292848 -7.131015 -0.511885 0.644533 -0.548179 0.353502 0.398890
1403636672.51356 5.261860 -7.121876 -0.499153 0.636949 -0.545177 0.365243 0.404568
1403636672.56356 5.233544 -7.113225 -0.490133 0.628468 -0.542575 0.378669 0.408963
1403636672.61356 5.207762 -7.107749 -0.486615 0.620133 -0.542252 0.391621 0.409915
1403636672.66356 5.184105 -7.103244 -0.488188 0.613071 -0.542516 0.401985 0.410155
1403636672.71356 5.161648 -7.099377 -0.495700 0.609198 -0.545312 0.407602 0.406661
1403636672.76356 5.140828 -7.093017 -0.508183 0.608660 -0.549700 0.408640 0.400470
1403636672.81356 5.121612 -7.086141 -0.522152 0.610336 -0.553013 0.408447 0.393494
1403636672.86356 5.103601 -7.079829 -0.535326 0.613449 -0.552316 0.408393 0.389669
1403636672.91356 5.087094 -7.074752 -0.546339 0.617077 -0.549324 0.410212 0.386245
1403636672.96356 5.071870 -7.069753 -0.555392 0.622007 -0.544766 0.411685 0.383214
1403636673.01356 5.058194 -7.065657 -0.562766 0.627519 -0.539224 0.413690 0.379892
1403636673.06356 5.046110 -7.062836 -0.568779 0.633681 -0.533298 0.414584 0.377043
1403636673.11356 5.034880 -7.061132 -0.573767 0.639586 -0.528392 0.415670 0.372761
1403636673.16356 5.025069 -7.059767 -0.575500 0.646196 -0.525996 0.414130 0.366410
1403636673.21356 5.016429 -7.058402 -0.576205 0.653231 -0.524843 0.410762 0.359310
1403636673.26356 5.009200 -7.057769 -0.574896 0.660280 -0.523427 0.406554 0.353225
1403636673.31356 5.003648 -7.059893 -0.573078 0.665292 -0.523221 0.403652 0.347407
1403636673.36356 5.000529 -7.063377 -0.568966 0.669261 -0.522276 0.401635 0.343520
1403636673.41356 4.998962 -7.069584 -0.564893 0.671212 -0.520486 0.402203 0.341764
1403636673.46356 4.999111 -7.078081 -0.562184 0.672052 -0.518775 0.403865 0.340752
1403636673.51356 5.000938 -7.088718 -0.561127 0.672576 -0.516863 0.405340 0.340872
1403636673.56356 5.004661 -7.101584 -0.565275 0.671975 -0.514421 0.408507 0.341969
1403636673.61356 5.010232 -7.116270 -0.564865 0.669997 -0.510683 0.413325 0.345645
1403636673.66356 5.017650 -7.132468 -0.565506 0.667473 -0.507148 0.418692 0.349253
1403636673.71356 5.026744 -7.149970 -0.566828 0.664657 -0.503807 0.424336 0.352630
1403636673.76356 5.037286 -7.167634 -0.568175 0.661680 -0.499514 0.429855 0.357618
1403636673.81356 5.049000 -7.185204 -0.569236 0.658935 -0.497042 0.435098 0.359784
1403636673.86356 5.061936 -7.201984 -0.569860 0.657895 -0.494918 0.437268 0.361977
1403636673.91356 5.076699 -7.219622 -0.569882 0.659099 -0.493844 0.435886 0.362918
1403636673.96356 5.093160 -7.237027 -0.568852 0.659285 -0.493631 0.435782 0.362995
1403636674.01356 5.110864 -7.254866 -0.568192 0.659415 -0.494657 0.435601 0.361577
1403636674.06356 5.130112 -7.273210 -0.568490 0.659359 -0.495051 0.435544 0.361210
1403636674.11356 5.151323 -7.291794 -0.570781 0.658863 -0.495975 0.436267 0.359971
1403636674.16356 5.171517 -7.311457 -0.573960 0.658077 -0.496050 0.437521 0.359783
1403636674.21356 5.194280 -7.329113 -0.578886 0.656350 -0.496408 0.439808 0.359656
1403636674.26356 5.217831 -7.346679 -0.585580 0.653641 -0.497686 0.443544 0.358232
1403636674.31356 5.242306 -7.363767 -0.594271 0.650341 -0.500611 0.448123 0.354444
1403636674.36356 5.267340 -7.380208 -0.604673 0.648152 -0.503456 0.452164 0.349253
1403636674.41356 5.293065 -7.396685 -0.616374 0.646621 -0.504989 0.457356 0.343063
1403636674.46356 5.318599 -7.413401 -0.629025 0.646161 -0.504358 0.462698 0.337653
1403636674.51356 5.343868 -7.429735 -0.643375 0.646765 -0.502013 0.467927 0.332751
1403636674.56356 5.368198 -7.445988 -0.659023 0.648821 -0.498687 0.471254 0.329031
1403636674.61356 5.391389 -7.462445 -0.675642 0.650991 -0.494840 0.473774 0.326929
1403636674.66356 5.413548 -7.479355 -0.692859 0.653428 -0.490343 0.475727 0.326005
1403636674.71356 5.434784 -7.495961 -0.711686 0.655838 -0.488236 0.476777 0.322780
1403636674.76356 5.454805 -7.513420 -0.731758 0.660005 -0.487515 0.474956 0.318023
1403636674.81356 5.473789 -7.529991 -0.752475 0.665083 -0.488387 0.471067 0.311830
1403636674.86356 5.491666 -7.547675 -0.770803 0.670015 -0.489610 0.466560 0.306079
1403636674.91356 5.509120 -7.566235 -0.788290 0.674215 -0.490604 0.462626 0.301196
1403636674.96356 5.526275 -7.586867 -0.803499 0.678267 -0.491535 0.458171 0.297366
1403636675.01356 5.542891 -7.608827 -0.816060 0.681043 -0.492796 0.454980 0.293811
1403636675.06356 5.559054 -7.632419 -0.825951 0.684405 -0.492902 0.450880 0.292138
1403636675.11356 5.575153 -7.658542 -0.833630 0.687144 -0.491439 0.447121 0.293945
1403636675.16356 5.591466 -7.686934 -0.838983 0.691238 -0.488411 0.441629 0.297673
1403636675.21356 5.608834 -7.718275 -0.841634 0.694303 -0.483459 0.437773 0.304246
1403636675.26356 5.627786 -7.752269 -0.843302 0.696416 -0.479792 0.434577 0.309752
1403636675.31356 5.648181 -7.788161 -0.843361 0.697681 -0.476684 0.432536 0.314527
1403636675.36356 5.670153 -7.825075 -0.841330 0.696758 -0.472282 0.434663 0.320229
1403636675.41356 5.694143 -7.863205 -0.838134 0.694677 -0.466615 0.440187 0.325467
1403636675.46356 5.720130 -7.902025 -0.835534 0.693289 -0.461178 0.446298 0.327846
1403636675.51356 5.747555 -7.940982 -0.834382 0.693432 -0.454092 0.451276 0.330610
1403636675.56356 5.776626 -7.979853 -0.834725 0.693757 -0.446861 0.455943 0.333365
1403636675.61356 5.806569 -8.018362 -0.836782 0.694438 -0.440094 0.460011 0.335354
1403636675.66356 5.838503 -8.054949 -0.840692 0.695545 -0.434257 0.463988 0.335192
1403636675.71356 5.871516 -8.091605 -0.845353 0.696357 -0.428611 0.469336 0.333322
1403636675.76356 5.906015 -8.127213 -0.851622 0.696401 -0.423129 0.476761 0.329676
1403636675.81356 5.941607 -8.161495 -0.859725 0.695437 -0.420829 0.486472 0.320335
1403636675.86356 5.977535 -8.194511 -0.869292 0.694244 -0.419295 0.496920 0.308687
1403636675.91356 6.013596 -8.225459 -0.880729 0.694962 -0.418853 0.504929 0.294340
1403636675.96356 6.049475 -8.256392 -0.893796 0.697426 -0.417336 0.510670 0.280434
1403636676.01356 6.084171 -8.285978 -0.907716 0.701937 -0.413564 0.513642 0.269111
1403636676.06356 6.116860 -8.316010 -0.921734 0.707425 -0.407273 0.515277 0.261089
1403636676.11356 6.148015 -8.346048 -0.936431 0.714633 -0.398730 0.514304 0.256524
1403636676.16356 6.177927 -8.375610 -0.951109 0.722835 -0.386421 0.512393 0.256206
1403636676.21356 6.207990 -8.405308 -0.966744 0.730720 -0.373764 0.510708 0.255981
1403636676.26356 6.238967 -8.432970 -0.982831 0.739633 -0.359001 0.507571 0.257747
1403636676.31356 6.269795 -8.459084 -0.998843 0.747970 -0.346222 0.505308 0.255609
1403636676.36356 6.302258 -8.486740 -1.014268 0.754558 -0.331483 0.505314 0.255771
1403636676.41356 6.336182 -8.512970 -1.028204 0.761036 -0.318255 0.504931 0.254131
1403636676.46356 6.371718 -8.538477 -1.040345 0.766185 -0.307986 0.506374 0.248376
1403636676.51356 6.408206 -8.561893 -1.051120 0.770469 -0.300015 0.508714 0.239956
1403636676.56356 6.446679 -8.584587 -1.059668 0.772325 -0.294448 0.514026 0.229328
1403636676.61356 6.486201 -8.606448 -1.065067 0.773937 -0.289605 0.518582 0.219599
1403636676.66356 6.527672 -8.626385 -1.068526 0.774373 -0.285989 0.523347 0.211341
1403636676.71356 6.569078 -8.646939 -1.070438 0.774330 -0.283743 0.527622 0.203758
1403636676.76356 6.610182 -8.666819 -1.070442 0.773629 -0.282326 0.531817 0.197384
1403636676.81356 6.650689 -8.685755 -1.068506 0.773634 -0.281315 0.534746 0.190787
1403636676.86356 6.691627 -8.704312 -1.065311 0.774090 -0.280822 0.536876 0.183543
1403636676.91356 6.731539 -8.722646 -1.060978 0.773858 -0.279362 0.539268 0.179699
1403636676.96356 6.769836 -8.741214 -1.059220 0.773751 -0.278498 0.540912 0.176530
1403636677.01356 6.806331 -8.758835 -1.059457 0.774062 -0.276313 0.541512 0.176759
1403636677.06356 6.843902 -8.778174 -1.064495 0.774982 -0.272586 0.540847 0.180509
1403636677.11356 6.881837 -8.798052 -1.073579 0.775827 -0.269118 0.539910 0.184835
1403636677.16356 6.919713 -8.817723 -1.086202 0.776718 -0.266346 0.538601 0.188885
1403636677.21356 6.957849 -8.837084 -1.100986 0.776306 -0.263978 0.539105 0.192436
1403636677.26356 6.996696 -8.855981 -1.115715 0.775212 -0.261099 0.541057 0.195272
1403636677.31356 7.035749 -8.873385 -1.129068 0.773843 -0.257889 0.544256 0.196075
1403636677.36356 7.075637 -8.890263 -1.140514 0.771914 -0.252641 0.549251 0.196580
1403636677.41356 7.118911 -8.907439 -1.147289 0.769824 -0.247150 0.554823 0.196110
1403636677.46356 7.158118 -8.921283 -1.153199 0.767515 -0.241489 0.561259 0.193885
1403636677.51356 7.196129 -8.933476 -1.157583 0.766113 -0.236320 0.566907 0.189314
1403636677.56356 7.233644 -8.944414 -1.160775 0.765842 -0.230664 0.571400 0.183799
1403636677.61356 7.269877 -8.954011 -1.162548 0.766670 -0.225647 0.574727 0.176041
1403636677.66356 7.305311 -8.962283 -1.163250 0.768869 -0.220629 0.576281 0.167526
1403636677.71356 7.339198 -8.969290 -1.162523 0.771194 -0.215388 0.578021 0.157351
1403636677.76356 7.370935 -8.974701 -1.160186 0.775057 -0.209506 0.577644 0.147380
1403636677.81356 7.401340 -8.978594 -1.157785 0.780062 -0.204516 0.575878 0.134315
1403636677.86356 7.430084 -8.982286 -1.155031 0.785026 -0.199770 0.574029 0.119654
1403636677.91356 7.457421 -8.986261 -1.151124 0.790320 -0.193395 0.571560 0.106362
1403636677.96356 7.483673 -8.990706 -1.146432 0.794644 -0.185601 0.570191 0.094731
1403636678.01356 7.509623 -8.997056 -1.141326 0.799157 -0.175891 0.568322 0.086141
1403636678.06356 7.533319 -9.004161 -1.136574 0.801848 -0.165655 0.568546 0.079704
1403636678.11356 7.556456 -9.012612 -1.133128 0.803910 -0.154205 0.569107 0.077886
1403636678.16356 7.578911 -9.022297 -1.131282 0.805376 -0.143643 0.569892 0.077190
1403636678.21356 7.599500 -9.032206 -1.131361 0.807329 -0.133461 0.569496 0.077992
1403636678.26356 7.620375 -9.042614 -1.131996 0.808647 -0.124182 0.569763 0.077712
1403636678.31356 7.639965 -9.052334 -1.133379 0.809670 -0.115770 0.570403 0.075316
1403636678.36356 7.659885 -9.062302 -1.131884 0.810183 -0.109274 0.571696 0.069464
1403636678.41356 7.678956 -9.072279 -1.129122 0.811785 -0.102348 0.571359 0.063860
1403636678.46356 7.698421 -9.082339 -1.124468 0.813050 -0.094849 0.571410 0.058685
1403636678.51356 7.717560 -9.092263 -1.118302 0.814661 -0.086896 0.570887 0.053522
1403636678.56356 7.736932 -9.101551 -1.110213 0.815291 -0.078972 0.571653 0.047722
1403636678.61356 7.754787 -9.110511 -1.100886 0.815888 -0.069423 0.572546 0.041217
1403636678.66356 7.772708 -9.119751 -1.091908 0.816476 -0.057361 0.573315 0.037234
1403636678.71356 7.790617 -9.128634 -1.083993 0.817136 -0.043154 0.573739 0.035363
1403636678.76356 7.809214 -9.137347 -1.077522 0.817844 -0.027472 0.573779 0.033973
1403636678.81356 7.826551 -9.145159 -1.073190 0.818574 -0.011327 0.573305 0.033608
1403636678.86356 7.845243 -9.152383 -1.070819 0.819325 0.003324 0.572360 0.033168
1403636678.91356 7.863414 -9.157727 -1.069810 0.819360 0.017183 0.572052 0.033334
1403636678.96356 7.880356 -9.161053 -1.070424 0.819731 0.028435 0.571250 0.030083
1403636679.01356 7.897436 -9.162263 -1.071809 0.819030 0.037698 0.571995 0.024296
1403636679.06356 7.914210 -9.161351 -1.074427 0.818070 0.045451 0.573095 0.016051
1403636679.11356 7.930719 -9.158375 -1.078351 0.816446 0.052855 0.574957 0.006825
1403636679.16356 7.946593 -9.153046 -1.083454 -0.814699 -0.058093 -0.576939 0.005774
1403636679.21356 7.961030 -9.145589 -1.088487 -0.811936 -0.062909 -0.579979 0.020666
1403636679.26356 7.975928 -9.138116 -1.094568 -0.809371 -0.068508 -0.582228 0.035147
1403636679.31356 7.989700 -9.129144 -1.098427 -0.807467 -0.074671 -0.583133 0.048767
1403636679.36356 8.002555 -9.120034 -1.100335 -0.805375 -0.083303 -0.583792 0.060152
1403636679.41356 8.014285 -9.110948 -1.100270 -0.804175 -0.092296 -0.582981 0.070129
1403636679.46356 8.022431 -9.101851 -1.098511 -0.802785 -0.101846 -0.582112 0.079433
1403636679.51356 8.030893 -9.093815 -1.095084 -0.801937 -0.111600 -0.580390 0.087120
1403636679.56356 8.039897 -9.086231 -1.089655 -0.801426 -0.120207 -0.578407 0.093335
1403636679.61356 8.048671 -9.079097 -1.082376 -0.800954 -0.127042 -0.576600 0.099327
1403636679.66356 8.056152 -9.072893 -1.073972 -0.801557 -0.133043 -0.573618 0.103767
1403636679.71356 8.062296 -9.067556 -1.063976 -0.801655 -0.138559 -0.571616 0.106799
1403636679.76356 8.067119 -9.063169 -1.051895 -0.800987 -0.143891 -0.571088 0.107580
1403636679.81356 8.072209 -9.058716 -1.037612 -0.798340 -0.147545 -0.573606 0.108902
1403636679.86356 8.077668 -9.054001 -1.021035 -0.795551 -0.150392 -0.576729 0.108924
1403636679.91356 8.083204 -9.049776 -1.003111 -0.791846 -0.154537 -0.581184 0.106417
1403636679.96356 8.087913 -9.045607 -0.984150 -0.790716 -0.157485 -0.582399 0.103822
1403636680.06356 8.091376 -9.037252 -0.941913 -0.788226 -0.166304 -0.585484 0.090840
1403636680.11356 8.090780 -9.032017 -0.920659 -0.786561 -0.171106 -0.587493 0.083041
1403636680.16356 8.088084 -9.025322 -0.900869 -0.786065 -0.173034 -0.588179 0.078783
1403636680.21356 8.083569 -9.017282 -0.882409 -0.786096 -0.172038 -0.588376 0.079186
1403636680.26356 8.077281 -9.007880 -0.865058 -0.784564 -0.171049 -0.590686 0.079321
1403636680.31356 8.069167 -8.997417 -0.849761 -0.783901 -0.172067 -0.591746 0.075689
1403636680.36356 8.058982 -8.985822 -0.836566 -0.784877 -0.174757 -0.590435 0.069379
1403636680.41356 8.046679 -8.972375 -0.825078 -0.786636 -0.176532 -0.588174 0.063967
1403636680.46356 8.032743 -8.957026 -0.814965 -0.788302 -0.177359 -0.586091 0.060180
1403636680.51356 8.016116 -8.939171 -0.806569 -0.789837 -0.177679 -0.584250 0.056916
1403636680.56356 7.998565 -8.919223 -0.799704 -0.791498 -0.175679 -0.582565 0.057313
1403636680.61356 7.979616 -8.896737 -0.793913 -0.792322 -0.172448 -0.582157 0.059841
1403636680.66356 7.961052 -8.871610 -0.789265 -0.793065 -0.170317 -0.581689 0.060648
1403636680.71356 7.940028 -8.845298 -0.785810 -0.794736 -0.167076 -0.580031 0.063591
1403636680.76356 7.916383 -8.817461 -0.785070 -0.797255 -0.160909 -0.577488 0.070716
1403636680.81356 7.893833 -8.787984 -0.782947 -0.799385 -0.154586 -0.575267 0.078448
1403636680.86356 7.870704 -8.757708 -0.781924 -0.801940 -0.147165 -0.572302 0.087780
1403636680.91356 7.847238 -8.727240 -0.782384 -0.805597 -0.140011 -0.567475 0.096863
1403636680.96356 7.823537 -8.697064 -0.784926 -0.810586 -0.135840 -0.560419 0.102117
1403636681.01356 7.800513 -8.667070 -0.788950 -0.815294 -0.134676 -0.553700 0.102831
1403636681.06356 7.777950 -8.637541 -0.794573 -0.819865 -0.134709 -0.546991 0.102349
1403636681.11356 7.756946 -8.608178 -0.800272 -0.823105 -0.136085 -0.542175 0.100123
1403636681.16356 7.737570 -8.578913 -0.805980 -0.823136 -0.137422 -0.542153 0.098146
1403636681.21356 7.720120 -8.549380 -0.811278 -0.819725 -0.140393 -0.547209 0.094361
1403636681.26356 7.704351 -8.519263 -0.815383 -0.814567 -0.143088 -0.554661 0.091421
1403636681.31356 7.688930 -8.489165 -0.818802 -0.810436 -0.144139 -0.560517 0.090767
1403636681.36356 7.674359 -8.458455 -0.820741 -0.806539 -0.144305 -0.566060 0.090809
1403636681.41356 7.659344 -8.427456 -0.821125 -0.803599 -0.143861 -0.570053 0.092589
1403636681.46356 7.644015 -8.396049 -0.820009 -0.801821 -0.142723 -0.572414 0.095157
1403636681.51356 7.629150 -8.364050 -0.816952 -0.800738 -0.142346 -0.573761 0.096722
1403636681.56356 7.613038 -8.332689 -0.814043 -0.800366 -0.143160 -0.573956 0.097435
1403636681.61356 7.596958 -8.301299 -0.811272 -0.800195 -0.145334 -0.573973 0.095499
1403636681.66356 7.580111 -8.269953 -0.810168 -0.799843 -0.146619 -0.574229 0.094950
1403636681.71356 7.563036 -8.238619 -0.809871 -0.799455 -0.148239 -0.574471 0.094229
1403636681.76356 7.545838 -8.206824 -0.810349 -0.798975 -0.149236 -0.574918 0.094008
1403636681.81356 7.529635 -8.174976 -0.810464 -0.798620 -0.150157 -0.575155 0.094104
1403636681.86356 7.511658 -8.142609 -0.810722 -0.798160 -0.150537 -0.575542 0.095027
1403636681.91356 7.494116 -8.110208 -0.810376 -0.797469 -0.150877 -0.576255 0.095963
1403636681.96356 7.474961 -8.077247 -0.808207 -0.797387 -0.150850 -0.576096 0.097634
1403636682.01356 7.456428 -8.044200 -0.804262 -0.797421 -0.150646 -0.575819 0.099287
1403636682.06356 7.437012 -8.011108 -0.798390 -0.797682 -0.150150 -0.575252 0.101213
1403636682.11356 7.416301 -7.978393 -0.790925 -0.797490 -0.150038 -0.575320 0.102496
1403636682.16356 7.395122 -7.945739 -0.782450 -0.797806 -0.149675 -0.574734 0.103851
1403636682.21356 7.373116 -7.913342 -0.774652 -0.799499 -0.149604 -0.572257 0.104604
1403636682.26356 7.349467 -7.880899 -0.768667 -0.801907 -0.148798 -0.568862 0.105832
1403636682.31356 7.327465 -7.848828 -0.764629 -0.805376 -0.149034 -0.563958 0.105398
1403636682.36356 7.305870 -7.816734 -0.762006 -0.808920 -0.148644 -0.558942 0.105538
1403636682.41356 7.285067 -7.784669 -0.760159 -0.810886 -0.148247 -0.556225 0.105355
1403636682.46356 7.265207 -7.752874 -0.758441 -0.809931 -0.147688 -0.557780 0.105270
1403636682.51356 7.245923 -7.721415 -0.757367 -0.807573 -0.147809 -0.561486 0.103499
1403636682.56356 7.226682 -7.689398 -0.757442 -0.805040 -0.147966 -0.565395 0.101707
1403636682.61356 7.207574 -7.657523 -0.759168 -0.802742 -0.148268 -0.568849 0.100163
1403636682.66356 7.188432 -7.625630 -0.761346 -0.800756 -0.147858 -0.571974 0.098859
1403636682.71356 7.168460 -7.592733 -0.762651 -0.799620 -0.146349 -0.573793 0.099762
1403636682.76356 7.148869 -7.561083 -0.763438 -0.798427 -0.144673 -0.575733 0.100576
1403636682.81356 7.128760 -7.529768 -0.762866 -0.797184 -0.143262 -0.577803 0.100581
1403636682.86356 7.108169 -7.498701 -0.761084 -0.796190 -0.143882 -0.579343 0.098692
1403636682.91356 7.087425 -7.467672 -0.757498 -0.796068 -0.144521 -0.579879 0.095552
1403636682.96356 7.065440 -7.436463 -0.752522 -0.795939 -0.145612 -0.580211 0.092915
1403636683.01356 7.042596 -7.405078 -0.746584 -0.795953 -0.147432 -0.580202 0.089937
1403636683.06356 7.020270 -7.373724 -0.741763 -0.795239 -0.147275 -0.581250 0.089737
1403636683.11356 6.996516 -7.341929 -0.737973 -0.795894 -0.147317 -0.580282 0.090127
1403636683.16356 6.971030 -7.309646 -0.736054 -0.796351 -0.146464 -0.579585 0.091947
1403636683.21356 6.944947 -7.277779 -0.735541 -0.797415 -0.145771 -0.577968 0.093987
1403636683.26356 6.918826 -7.245482 -0.736582 -0.797875 -0.145410 -0.577196 0.095374
1403636683.31356 6.890366 -7.212272 -0.738712 -0.798171 -0.145184 -0.576512 0.097360
1403636683.36356 6.863359 -7.179684 -0.742029 -0.798455 -0.145027 -0.575877 0.099007
1403636683.41356 6.835566 -7.147466 -0.746360 -0.798594 -0.145293 -0.575423 0.100124
1403636683.46356 6.807300 -7.115369 -0.751808 -0.798891 -0.145401 -0.574675 0.101884
1403636683.51356 6.779158 -7.083753 -0.757989 -0.798786 -0.146119 -0.574618 0.102001
1403636683.56356 6.750329 -7.052427 -0.765307 -0.798685 -0.146280 -0.574562 0.102875
1403636683.61356 6.721417 -7.021193 -0.773644 -0.799506 -0.146812 -0.573253 0.103036
1403636683.66356 6.692478 -6.990122 -0.782761 -0.800748 -0.147094 -0.571297 0.103854
1403636683.71356 6.663022 -6.959543 -0.791850 -0.802214 -0.147581 -0.569053 0.104169
1403636683.76356 6.632614 -6.928504 -0.799052 -0.803761 -0.147162 -0.566717 0.105563
1403636683.81356 6.601678 -6.898451 -0.804142 -0.805474 -0.148243 -0.564044 0.105310
1403636683.86356 6.568040 -6.868479 -0.808776 -0.806846 -0.147691 -0.561731 0.107914
1403636683.91356 6.539272 -6.838113 -0.811161 -0.806878 -0.149657 -0.561438 0.106483
1403636683.96356 6.512072 -6.807907 -0.811032 -0.806715 -0.149602 -0.561453 0.107708
1403636684.01356 6.485610 -6.777739 -0.808267 -0.805562 -0.149805 -0.562841 0.108803
1403636684.06356 6.460046 -6.747420 -0.803420 -0.804220 -0.150453 -0.564465 0.109425
1403636684.11356 6.433792 -6.717547 -0.796708 -0.803099 -0.151359 -0.565736 0.109837
1403636684.16356 6.407488 -6.687790 -0.789121 -0.802388 -0.152224 -0.566379 0.110530
1403636684.21356 6.380828 -6.658195 -0.779565 -0.801422 -0.152678 -0.567414 0.111592
1403636684.26356 6.354496 -6.629665 -0.768753 -0.800421 -0.152984 -0.568457 0.113045
1403636684.31356 6.328113 -6.601075 -0.757886 -0.798999 -0.153960 -0.570165 0.113177
1403636684.36356 6.300186 -6.572202 -0.748742 -0.797771 -0.154428 -0.571606 0.113931
1403636684.41356 6.271971 -6.544425 -0.741387 -0.796902 -0.154993 -0.572556 0.114475
1403636684.46356 6.241452 -6.517347 -0.735769 -0.796559 -0.154693 -0.572816 0.115957
1403636684.51356 6.213437 -6.490616 -0.731633 -0.796313 -0.153534 -0.572846 0.118997
1403636684.56356 6.185950 -6.464633 -0.728325 -0.795641 -0.152737 -0.573639 0.120687
1403636684.61356 6.154617 -6.438966 -0.727096 -0.795386 -0.151756 -0.573815 0.122746
1403636684.66356 6.126499 -6.414625 -0.726843 -0.795017 -0.151751 -0.574142 0.123610
1403636684.71356 6.098203 -6.391173 -0.728063 -0.794490 -0.151554 -0.574779 0.124283
1403636684.76356 6.069606 -6.368775 -0.730912 -0.794131 -0.151973 -0.575228 0.123991
1403636684.81356 6.040586 -6.347365 -0.735446 -0.793930 -0.151908 -0.575499 0.124096
1403636684.86356 6.011287 -6.326929 -0.741853 -0.794138 -0.152745 -0.575197 0.123133
1403636684.91356 5.981413 -6.307334 -0.748782 -0.793460 -0.154597 -0.576253 0.120225
1403636684.96356 5.950843 -6.287924 -0.755356 -0.793793 -0.158055 -0.575908 0.115071
1403636685.01356 5.919947 -6.269377 -0.761222 -0.794200 -0.159892 -0.575554 0.111440
1403636685.06356 5.889634 -6.251065 -0.764995 -0.794663 -0.160976 -0.575093 0.108931
1403636685.11356 5.858915 -6.231474 -0.766379 -0.795766 -0.161140 -0.573796 0.107465
1403636685.16356 5.827131 -6.212784 -0.766847 -0.797482 -0.160053 -0.571710 0.107489
1403636685.21356 5.796016 -6.192345 -0.765071 -0.798907 -0.160667 -0.570130 0.104330
1403636685.26356 5.762832 -6.173724 -0.762340 -0.800190 -0.161366 -0.568731 0.101007
1403636685.31356 5.729728 -6.154197 -0.757769 -0.801086 -0.161663 -0.567888 0.098127
1403636685.36356 5.696839 -6.134439 -0.752549 -0.801501 -0.161576 -0.567655 0.096215
1403636685.41356 5.664193 -6.114050 -0.747473 -0.801676 -0.160238 -0.567853 0.095821
1403636685.46356 5.631319 -6.093281 -0.743890 -0.802277 -0.158327 -0.567378 0.096783
1403636685.51356 5.599215 -6.072346 -0.742115 -0.802510 -0.156434 -0.567386 0.097871
1403636685.56356 5.566971 -6.050249 -0.741557 -0.803195 -0.155083 -0.566692 0.098422
1403636685.61356 5.534394 -6.028262 -0.742429 -0.803240 -0.153185 -0.566869 0.099998
1403636685.66356 5.502617 -6.006629 -0.744018 -0.802920 -0.153103 -0.567526 0.098958
1403636685.71356 5.470016 -5.984224 -0.747201 -0.802314 -0.153421 -0.568453 0.098057
1403636685.76356 5.437809 -5.962065 -0.752629 -0.801935 -0.153863 -0.568998 0.097301
1403636685.81356 5.405376 -5.939174 -0.757771 -0.800990 -0.155125 -0.570344 0.095174
1403636685.86356 5.372924 -5.916088 -0.764242 -0.800074 -0.156186 -0.571621 0.093471
1403636685.91356 5.340060 -5.892408 -0.771940 -0.800373 -0.155545 -0.571221 0.094419
1403636685.96356 5.306855 -5.868420 -0.780337 -0.801194 -0.153982 -0.570023 0.097219
1403636686.01356 5.273287 -5.844294 -0.788330 -0.802479 -0.152416 -0.568218 0.099623
1403636686.06356 5.239287 -5.820410 -0.794863 -0.804187 -0.150991 -0.565689 0.102380
1403636686.11356 5.205805 -5.796576 -0.799637 -0.805326 -0.149723 -0.564044 0.104343
1403636686.16356 5.173102 -5.772713 -0.801885 -0.805174 -0.149199 -0.564308 0.104834
1403636686.21356 5.140408 -5.748876 -0.802769 -0.805867 -0.148476 -0.563405 0.105392
1403636686.26356 5.108485 -5.726061 -0.802776 -0.806624 -0.147544 -0.562378 0.106390
1403636686.31356 5.076913 -5.702609 -0.800868 -0.807410 -0.146888 -0.561345 0.106793
1403636686.36356 5.042827 -5.680900 -0.796030 -0.807971 -0.146481 -0.560493 0.107579
1403636686.41356 5.011036 -5.658439 -0.792289 -0.808554 -0.146609 -0.559729 0.107007
1403636686.46356 4.980806 -5.636092 -0.789025 -0.809464 -0.146437 -0.558399 0.107306
1403636686.51356 4.951275 -5.614220 -0.787473 -0.810297 -0.146132 -0.557131 0.108028
1403636686.56356 4.922485 -5.592447 -0.787041 -0.810309 -0.146524 -0.557123 0.107443
1403636686.61356 4.894102 -5.570999 -0.788365 -0.810385 -0.147917 -0.556820 0.106529
1403636686.66356 4.866048 -5.549620 -0.791195 -0.810284 -0.148337 -0.556936 0.106108
1403636686.71356 4.839239 -5.527806 -0.794366 -0.810050 -0.148420 -0.557200 0.106390
1403636686.76356 4.813342 -5.506419 -0.798208 -0.809076 -0.148446 -0.558461 0.107153
1403636686.81356 4.788367 -5.484502 -0.800783 -0.808035 -0.148427 -0.559941 0.107307
1403636686.86356 4.764125 -5.464142 -0.802528 -0.807219 -0.148182 -0.560923 0.108651
1403636686.91356 4.740195 -5.443085 -0.802093 -0.806441 -0.147756 -0.561918 0.109856
1403636686.96356 4.715176 -5.422353 -0.799549 -0.805869 -0.147571 -0.562625 0.110684
1403636687.01356 4.691083 -5.402196 -0.796404 -0.805140 -0.147629 -0.563482 0.111549
1403636687.06356 4.668442 -5.382169 -0.790996 -0.805012 -0.146907 -0.563672 0.112462
1403636687.11356 4.645732 -5.362684 -0.784415 -0.804936 -0.147097 -0.563667 0.112788
1403636687.16356 4.623094 -5.343727 -0.777778 -0.804678 -0.147492 -0.563887 0.113008
1403636687.21356 4.600348 -5.323819 -0.771911 -0.803782 -0.147544 -0.565171 0.112900
1403636687.26356 4.576433 -5.304628 -0.767497 -0.803456 -0.148068 -0.565521 0.112788
1403636687.31356 4.559450 -5.287433 -0.763778 -0.802952 -0.148364 -0.566127 0.112943
1403636687.36356 4.538091 -5.270039 -0.762281 -0.801880 -0.148952 -0.567624 0.112275
1403636687.41356 4.517281 -5.253250 -0.762121 -0.801023 -0.149739 -0.568698 0.111903
1403636687.46356 4.496315 -5.236450 -0.763887 -0.800463 -0.150080 -0.569413 0.111821
1403636687.51356 4.475488 -5.219995 -0.767440 -0.800089 -0.150054 -0.569900 0.112052
1403636687.56356 4.454507 -5.203246 -0.773053 -0.800214 -0.149591 -0.569571 0.113443
1403636687.61356 4.433315 -5.187775 -0.780559 -0.799520 -0.149230 -0.570404 0.114617
1403636687.66356 4.411552 -5.172783 -0.789375 -0.799444 -0.149087 -0.570322 0.115735
1403636687.71356 4.389673 -5.158256 -0.799637 -0.798566 -0.148517 -0.571394 0.117237
1403636687.76356 4.367469 -5.144134 -0.811677 -0.798829 -0.148556 -0.570871 0.117937
1403636687.81356 4.345158 -5.130644 -0.824686 -0.798854 -0.149239 -0.570770 0.117398
1403636687.86356 4.322801 -5.117490 -0.838808 -0.799041 -0.149448 -0.570430 0.117509
1403636687.91356 4.301673 -5.100846 -0.851290 -0.799244 -0.150274 -0.570175 0.116309
1403636687.96356 4.279703 -5.088336 -0.867580 -0.799210 -0.152038 -0.570193 0.114140
1403636688.01356 4.257536 -5.075901 -0.884124 -0.798903 -0.153173 -0.570641 0.112520
1403636688.06356 4.234398 -5.064408 -0.900846 -0.798662 -0.155766 -0.570887 0.109385
1403636688.11356 4.210874 -5.053125 -0.916897 -0.798535 -0.157350 -0.571080 0.107004
1403636688.16356 4.186582 -5.042396 -0.931486 -0.798722 -0.158062 -0.570754 0.106296
1403636688.21356 4.163460 -5.030248 -0.944494 -0.798860 -0.158055 -0.570556 0.106335
1403636688.26356 4.139968 -5.017684 -0.955776 -0.798503 -0.157354 -0.571009 0.107622
1403636688.31356 4.116245 -5.004688 -0.965816 -0.799261 -0.155963 -0.569904 0.109851
1403636688.36356 4.090972 -4.992445 -0.975424 -0.799597 -0.154725 -0.569360 0.111953
1403636688.41356 4.066842 -4.979594 -0.985111 -0.800497 -0.154553 -0.568041 0.112455
1403636688.46356 4.042519 -4.967464 -0.995426 -0.800286 -0.155490 -0.568430 0.110690
1403636688.51356 4.015773 -4.952339 -1.007651 -0.800450 -0.157194 -0.568162 0.108452
1403636688.56356 3.991174 -4.939875 -1.020109 -0.800380 -0.159826 -0.568286 0.104396
1403636688.61356 3.966594 -4.927016 -1.033731 -0.800362 -0.162869 -0.568168 0.100394
1403636688.66356 3.942310 -4.913608 -1.048099 -0.800089 -0.164956 -0.568346 0.098135
1403636688.71356 3.917978 -4.899848 -1.063192 -0.799845 -0.166266 -0.568465 0.097218
1403636688.76356 3.893298 -4.885383 -1.079043 -0.799992 -0.167774 -0.567906 0.096682
1403636688.81356 3.868502 -4.869915 -1.094205 -0.800158 -0.167515 -0.567373 0.098864
1403636688.86356 3.843586 -4.853477 -1.107548 -0.800528 -0.169587 -0.566060 0.099852
1403636688.91356 3.818657 -4.836214 -1.118985 -0.800957 -0.171217 -0.564306 0.103498
1403636688.96356 3.795230 -4.819315 -1.128361 -0.801695 -0.172666 -0.562094 0.107345
1403636689.01356 3.770853 -4.800870 -1.135560 -0.802224 -0.174005 -0.560182 0.111151
1403636689.06356 3.746942 -4.781552 -1.140446 -0.802653 -0.175248 -0.558321 0.115389
1403636689.11356 3.723994 -4.759365 -1.144225 -0.803212 -0.176269 -0.556273 0.119747
1403636689.16356 3.701647 -4.737724 -1.146117 -0.803982 -0.177525 -0.553950 0.123438
1403636689.21356 3.678864 -4.716869 -1.145947 -0.804437 -0.179641 -0.552110 0.125635
1403636689.26356 3.656506 -4.696054 -1.144028 -0.804637 -0.180967 -0.550771 0.128305
1403636689.31356 3.635234 -4.674741 -1.140294 -0.805118 -0.182634 -0.549096 0.130089
1403636689.36356 3.615555 -4.652996 -1.134318 -0.804702 -0.184003 -0.548911 0.131512
1403636689.41356 3.596932 -4.631487 -1.126452 -0.804265 -0.185804 -0.548767 0.132250
1403636689.46356 3.578804 -4.609818 -1.116661 -0.803849 -0.186408 -0.548819 0.133705
1403636689.51356 3.560790 -4.588762 -1.104596 -0.804115 -0.187272 -0.547951 0.134453
1403636689.56356 3.543352 -4.567838 -1.091538 -0.804989 -0.187597 -0.546265 0.135625
1403636689.61356 3.525334 -4.547285 -1.076952 -0.806393 -0.187650 -0.543968 0.136441
1403636689.66356 3.509214 -4.527350 -1.062621 -0.808300 -0.186512 -0.541002 0.138497
1403636689.71356 3.494224 -4.507637 -1.049767 -0.810760 -0.184619 -0.537285 0.141102
1403636689.76356 3.480430 -4.484229 -1.039409 -0.813867 -0.181479 -0.532768 0.144377
1403636689.81356 3.471308 -4.460292 -1.030363 -0.815629 -0.178853 -0.530211 0.147092
1403636689.86356 3.463015 -4.440395 -1.021179 -0.815821 -0.176047 -0.530102 0.149786
1403636689.91356 3.456829 -4.421043 -1.012937 -0.815489 -0.171477 -0.530588 0.155079
1403636689.96356 3.453062 -4.402730 -1.005616 -0.814619 -0.168253 -0.532155 0.157792
1403636690.01356 3.451247 -4.385755 -0.999377 -0.813904 -0.167247 -0.533576 0.157754
1403636690.06356 3.451317 -4.370123 -0.994287 -0.813579 -0.167544 -0.534500 0.155973
1403636690.11356 3.453160 -4.355489 -0.990614 -0.814193 -0.170283 -0.534092 0.151125
1403636690.16356 3.457182 -4.341643 -0.987492 -0.814243 -0.173503 -0.534601 0.145281
1403636690.21356 3.462908 -4.327983 -0.983641 -0.814326 -0.176121 -0.534884 0.140548
1403636690.26356 3.471075 -4.314199 -0.977914 -0.814032 -0.177132 -0.535585 0.138291
1403636690.31356 3.481130 -4.300984 -0.970227 -0.813520 -0.178590 -0.536522 0.135779
1403636690.36356 3.491710 -4.287984 -0.960764 -0.813153 -0.179242 -0.537322 0.133939
1403636690.41356 3.505206 -4.271168 -0.953790 -0.812909 -0.179494 -0.537866 0.132890
1403636690.46356 3.518125 -4.258194 -0.943953 -0.812325 -0.178616 -0.538775 0.133966
1403636690.56356 3.547859 -4.232136 -0.928370 -0.811098 -0.173756 -0.540530 0.140556
1403636690.61356 3.563513 -4.220140 -0.922875 -0.811639 -0.169723 -0.539575 0.145928
1403636690.66356 3.580840 -4.208347 -0.918513 -0.811209 -0.166167 -0.540035 0.150637
1403636690.71356 3.599497 -4.197119 -0.916474 -0.809887 -0.160555 -0.541467 0.158488
1403636690.76356 3.619242 -4.186997 -0.918269 -0.808701 -0.153975 -0.542519 0.167236
1403636690.81356 3.639809 -4.179150 -0.923506 -0.807103 -0.149023 -0.544121 0.174096
1403636690.86356 3.661557 -4.173406 -0.931789 -0.804246 -0.145298 -0.547641 0.179350
1403636690.91356 3.684461 -4.169909 -0.941319 -0.800409 -0.142301 -0.552612 0.183617
1403636690.96356 3.698432 -4.173171 -0.940277 -0.795464 -0.139091 -0.558831 0.188674
1403636691.01356 3.723297 -4.176516 -0.946282 -0.789579 -0.136704 -0.566465 0.192340
1403636691.06356 3.750134 -4.184956 -0.952312 -0.784085 -0.135619 -0.573584 0.194470
1403636691.11356 3.774178 -4.196868 -0.954851 -0.780400 -0.136467 -0.578354 0.194573
1403636691.16356 3.796965 -4.213117 -0.954512 -0.775794 -0.139025 -0.584804 0.191885
1403636691.21356 3.818300 -4.233174 -0.952153 -0.772149 -0.144613 -0.590416 0.185154
1403636691.26356 3.837872 -4.256675 -0.948379 -0.768964 -0.152083 -0.595580 0.175637
1403636691.31356 3.854649 -4.283255 -0.943196 -0.767544 -0.159376 -0.598124 0.166500
1403636691.36356 3.870040 -4.312638 -0.936843 -0.767896 -0.165642 -0.597987 0.159092
1403636691.41356 3.883279 -4.344142 -0.929340 -0.771913 -0.170147 -0.592540 0.155228
1403636691.46356 3.896473 -4.375640 -0.920380 -0.777270 -0.173702 -0.585217 0.152313
1403636691.51356 3.907929 -4.408579 -0.908888 -0.782239 -0.175534 -0.578068 0.152079
1403636691.56356 3.918670 -4.442448 -0.894500 -0.785121 -0.177167 -0.573690 0.151908
1403636691.61356 3.928064 -4.478620 -0.876986 -0.787655 -0.179805 -0.569749 0.150515
1403636691.66356 3.938011 -4.514621 -0.859756 -0.789009 -0.184079 -0.567779 0.145625
1403636691.71356 3.947716 -4.550903 -0.841980 -0.790430 -0.188866 -0.565671 0.139882
1403636691.76356 3.955998 -4.587635 -0.824968 -0.790296 -0.192570 -0.565668 0.135532
1403636691.81356 3.963582 -4.624038 -0.810125 -0.790865 -0.193683 -0.564719 0.134579
1403636691.86356 3.970829 -4.659733 -0.797733 -0.791556 -0.193217 -0.563631 0.135747
1403636691.91356 3.977234 -4.695478 -0.787020 -0.791634 -0.191554 -0.563525 0.138065
1403636691.96356 3.982836 -4.731743 -0.776796 -0.789394 -0.189362 -0.566570 0.141414
1403636692.01356 3.988647 -4.767484 -0.767634 -0.787069 -0.187424 -0.569816 0.143888
1403636692.06356 3.993753 -4.803552 -0.759286 -0.786958 -0.185958 -0.569976 0.145752
1403636692.11356 3.998168 -4.840191 -0.750765 -0.787371 -0.186768 -0.569575 0.144046
1403636692.16356 4.002768 -4.876439 -0.740378 -0.787170 -0.189594 -0.570146 0.139111
1403636692.21356 4.004049 -4.914000 -0.727282 -0.787832 -0.191357 -0.569316 0.136319
1403636692.26356 4.007970 -4.948797 -0.715033 -0.788743 -0.191874 -0.568258 0.134727
1403636692.31356 4.010600 -4.983250 -0.699615 -0.789503 -0.191159 -0.567373 0.135024
1403636692.36356 4.013495 -5.017123 -0.683044 -0.790394 -0.189288 -0.566306 0.136913
1403636692.41356 4.014774 -5.051680 -0.664758 -0.791457 -0.189025 -0.565106 0.136089
1403636692.46356 4.017119 -5.085288 -0.644766 -0.791910 -0.190250 -0.564713 0.133352
1403636692.51356 4.018474 -5.118867 -0.623037 -0.791792 -0.192245 -0.565227 0.128943
1403636692.56356 4.017979 -5.152142 -0.599408 -0.791785 -0.192034 -0.565486 0.128160
1403636692.61356 4.017840 -5.184948 -0.574313 -0.792241 -0.190995 -0.565034 0.128888
1403636692.66356 4.017070 -5.217397 -0.547926 -0.792582 -0.189818 -0.564916 0.129046
1403636692.71356 4.016373 -5.249613 -0.521992 -0.793882 -0.191061 -0.563367 0.125953
1403636692.76356 4.015605 -5.281547 -0.497320 -0.795255 -0.195366 -0.561562 0.118533
1403636692.81356 4.014275 -5.312318 -0.474139 -0.796695 -0.200510 -0.559507 0.109659
1403636692.86356 4.012844 -5.340498 -0.451718 -0.797427 -0.204354 -0.558281 0.103306
1403636692.91356 4.010036 -5.367805 -0.430447 -0.798134 -0.207258 -0.557052 0.098591
1403636692.96356 4.007826 -5.392804 -0.410072 -0.798971 -0.207309 -0.555865 0.098393
1403636693.01356 4.005350 -5.415343 -0.390414 -0.800159 -0.205399 -0.554321 0.101415
1403636693.06356 4.002742 -5.436050 -0.371611 -0.799987 -0.203003 -0.554783 0.105011
1403636693.11356 4.006697 -5.454294 -0.357292 -0.799098 -0.200865 -0.556160 0.108540
1403636693.16356 4.005623 -5.472228 -0.342729 -0.798645 -0.198764 -0.556800 0.112392
1403636693.21356 4.003784 -5.488240 -0.329677 -0.799745 -0.197955 -0.555136 0.114217
1403636693.26356 4.001833 -5.503232 -0.318120 -0.801938 -0.196774 -0.551896 0.116558
1403636693.31356 4.000083 -5.516663 -0.307920 -0.804803 -0.195192 -0.547654 0.119443
1403636693.36356 3.998312 -5.529446 -0.298757 -0.807328 -0.193967 -0.543821 0.121893
1403636693.41356 3.996691 -5.541491 -0.290267 -0.809578 -0.192843 -0.540311 0.124334
1403636693.46356 3.991762 -5.555699 -0.280352 -0.812082 -0.192607 -0.536232 0.126019
1403636693.51356 3.992359 -5.566201 -0.274012 -0.815733 -0.191528 -0.530759 0.127249
1403636693.56356 3.994080 -5.576115 -0.268655 -0.819286 -0.191663 -0.525169 0.127413
1403636693.61356 3.997716 -5.584945 -0.263502 -0.821695 -0.192389 -0.521221 0.127017
1403636693.66356 4.003708 -5.592948 -0.258683 -0.823147 -0.192650 -0.518868 0.126848
1403636693.71356 4.011770 -5.599838 -0.254152 -0.822454 -0.192522 -0.519827 0.127608
1403636693.76356 4.021234 -5.605967 -0.249029 -0.819240 -0.192672 -0.524610 0.128483
1403636693.81356 4.033151 -5.610541 -0.245112 -0.816069 -0.192798 -0.529440 0.128657
1403636693.86356 4.046639 -5.613851 -0.242116 -0.812071 -0.192336 -0.535434 0.129840
1403636693.91356 4.061256 -5.617313 -0.239367 -0.807339 -0.190936 -0.542389 0.132518
1403636693.96356 4.077142 -5.619974 -0.237732 -0.802759 -0.190915 -0.549059 0.132905
1403636694.01356 4.093404 -5.622144 -0.236773 -0.798081 -0.189789 -0.555620 0.135399
1403636694.06356 4.109741 -5.623447 -0.237038 -0.794441 -0.189418 -0.560752 0.136168
1403636694.16356 4.140187 -5.627899 -0.237165 -0.790870 -0.189292 -0.565511 0.137439
1403636694.21356 4.154247 -5.630575 -0.235263 -0.789835 -0.189173 -0.566914 0.137782
1403636694.26356 4.168113 -5.633064 -0.232599 -0.789951 -0.190003 -0.566631 0.137136
1403636694.31356 4.181754 -5.635498 -0.228348 -0.790929 -0.190500 -0.565125 0.137022
1403636694.36356 4.194797 -5.637809 -0.224262 -0.792632 -0.189815 -0.562810 0.137654
1403636694.41356 4.207600 -5.640842 -0.218670 -0.794415 -0.190615 -0.560162 0.137070
1403636694.46356 4.220315 -5.643782 -0.213454 -0.795782 -0.190637 -0.558371 0.136419
1403636694.51356 4.233010 -5.646159 -0.209010 -0.796638 -0.191238 -0.557277 0.135046
1403636694.56356 4.245496 -5.648523 -0.206028 -0.797259 -0.191342 -0.556409 0.134816
1403636694.61356 4.257814 -5.650761 -0.204422 -0.797758 -0.191205 -0.555883 0.134228
1403636694.66356 4.270133 -5.653092 -0.204298 -0.797902 -0.191292 -0.555847 0.133395
1403636694.71356 4.282089 -5.654862 -0.205797 -0.797176 -0.191260 -0.557035 0.132823
1403636694.76356 4.293903 -5.656959 -0.207822 -0.796157 -0.189263 -0.558723 0.134690
1403636694.81356 4.305209 -5.659062 -0.211095 -0.795209 -0.188309 -0.560419 0.134585
1403636694.86356 4.316198 -5.661390 -0.216362 -0.795994 -0.184397 -0.559344 0.139732
1403636694.91356 4.327229 -5.664196 -0.222496 -0.796587 -0.181036 -0.558686 0.143337
1403636694.96356 4.338142 -5.667528 -0.228845 -0.797478 -0.177728 -0.557531 0.146969
1403636695.01356 4.349339 -5.671912 -0.235321 -0.798181 -0.176194 -0.556635 0.148392
1403636695.06356 4.360636 -5.677125 -0.241360 -0.798985 -0.176948 -0.555840 0.146130
1403636695.11356 4.371828 -5.683873 -0.245261 -0.798655 -0.178261 -0.556709 0.142996
1403636695.16356 4.383139 -5.691043 -0.247987 -0.798838 -0.178643 -0.556840 0.140977
1403636695.21356 4.395094 -5.698313 -0.248658 -0.798518 -0.179736 -0.557771 0.137679
1403636695.26356 4.406863 -5.705814 -0.247524 -0.797888 -0.180800 -0.559044 0.134745
1403636695.31356 4.418577 -5.712627 -0.244998 -0.797465 -0.181282 -0.560019 0.132535
1403636695.36356 4.429674 -5.720475 -0.240362 -0.797149 -0.181444 -0.560877 0.130567
1403636695.41356 4.440490 -5.728205 -0.234541 -0.797059 -0.181281 -0.561242 0.129775
1403636695.46356 4.450678 -5.735949 -0.227939 -0.796619 -0.181428 -0.562098 0.128560
1403636695.51356 4.460746 -5.743534 -0.221363 -0.796167 -0.182499 -0.562954 0.126077
1403636695.56356 4.470357 -5.750723 -0.215753 -0.795500 -0.182770 -0.564086 0.124827
1403636695.61356 4.479327 -5.758366 -0.211811 -0.795047 -0.183561 -0.564929 0.122722
1403636695.66356 4.487998 -5.764939 -0.208630 -0.794541 -0.184747 -0.565836 0.120014
1403636695.71356 4.498099 -5.771995 -0.208292 -0.794237 -0.184676 -0.566379 0.119571
1403636695.76356 4.506287 -5.777521 -0.208735 -0.795121 -0.182397 -0.565408 0.121770
1403636695.81356 4.513898 -5.783286 -0.210158 -0.795474 -0.182073 -0.564990 0.121889
1403636695.86356 4.521393 -5.788643 -0.212501 -0.795618 -0.181222 -0.564907 0.122599
1403636695.91356 4.530540 -5.792127 -0.215168 -0.796352 -0.180940 -0.564067 0.122115
1403636695.96356 4.537317 -5.797042 -0.219572 -0.797740 -0.180090 -0.562188 0.122973
1403636696.01356 4.543711 -5.801759 -0.225438 -0.799342 -0.178881 -0.560108 0.123828
1403636696.06356 4.550289 -5.806122 -0.231763 -0.801464 -0.178945 -0.557240 0.122949
1403636696.11356 4.557265 -5.810133 -0.238364 -0.803522 -0.180043 -0.554496 0.120294
1403636696.16356 4.564328 -5.813797 -0.245240 -0.804228 -0.181844 -0.553600 0.116948
1403636696.21356 4.571746 -5.816974 -0.252688 -0.804963 -0.183011 -0.552629 0.114645
1403636696.26356 4.578998 -5.819495 -0.260246 -0.803287 -0.183701 -0.555120 0.113250
1403636696.31356 4.587671 -5.821224 -0.267899 -0.801250 -0.182940 -0.558059 0.114463
1403636696.36356 4.595100 -5.822067 -0.275460 -0.796779 -0.181378 -0.564600 0.116072
1403636696.41356 4.602153 -5.822273 -0.282298 -0.792168 -0.178726 -0.571160 0.119600
1403636696.46356 4.608576 -5.822245 -0.288567 -0.789592 -0.175597 -0.574841 0.123562
1403636696.51356 4.615391 -5.820892 -0.292919 -0.788734 -0.174852 -0.576186 0.123838
1403636696.56356 4.619561 -5.820835 -0.296398 -0.789564 -0.173633 -0.575238 0.124670
1403636696.61356 4.622053 -5.821299 -0.298322 -0.790078 -0.173512 -0.574551 0.124742
1403636696.66356 4.623884 -5.821797 -0.299074 -0.791319 -0.172389 -0.572963 0.125740
1403636696.71356 4.625316 -5.822724 -0.298616 -0.791646 -0.172202 -0.572511 0.125992
1403636696.76356 4.626363 -5.823834 -0.298863 -0.792757 -0.172096 -0.570996 0.126027
1403636696.81356 4.627962 -5.824722 -0.299930 -0.792950 -0.172656 -0.570842 0.124737
1403636696.86356 4.627954 -5.826055 -0.302501 -0.793516 -0.173262 -0.570024 0.124041
1403636696.91356 4.628330 -5.827083 -0.305007 -0.793527 -0.174363 -0.570045 0.122318
1403636696.96356 4.627685 -5.827871 -0.309264 -0.792806 -0.178197 -0.571023 0.116782
1403636697.01356 4.626335 -5.828405 -0.314214 -0.792102 -0.182292 -0.571920 0.110687
1403636697.06356 4.624027 -5.828442 -0.318957 -0.791224 -0.185992 -0.572987 0.105155
1403636697.11356 4.621774 -5.826338 -0.321967 -0.790688 -0.190184 -0.573534 0.098495
1403636697.16356 4.616858 -5.824264 -0.323586 -0.789942 -0.193168 -0.574371 0.093678
1403636697.21356 4.611065 -5.820020 -0.322392 -0.789070 -0.194864 -0.575428 0.090987
1403636697.26356 4.603643 -5.814071 -0.319651 -0.788684 -0.195072 -0.576072 0.089803
1403636697.31356 4.594599 -5.806070 -0.315832 -0.790511 -0.193527 -0.573724 0.092087
1403636697.36356 4.584530 -5.796195 -0.309896 -0.792621 -0.189635 -0.571292 0.097036
1403636697.41356 4.573986 -5.784692 -0.302252 -0.795039 -0.185883 -0.568196 0.102536
1403636697.46356 4.562385 -5.772507 -0.292567 -0.797420 -0.182981 -0.564949 0.107106
1403636697.51356 4.550364 -5.758871 -0.279948 -0.799364 -0.180300 -0.562490 0.110067
1403636697.56356 4.538081 -5.745397 -0.265735 -0.800708 -0.177561 -0.561381 0.110412
1403636697.61356 4.526223 -5.731482 -0.251023 -0.801339 -0.174602 -0.561895 0.107908
1403636697.66356 4.514764 -5.717316 -0.237821 -0.802069 -0.169995 -0.563093 0.103506
1403636697.71356 4.501523 -5.704909 -0.227235 -0.803676 -0.162647 -0.563787 0.098968
1403636697.76356 4.489768 -5.690246 -0.217848 -0.806024 -0.154531 -0.563885 0.092083
1403636697.81356 4.477989 -5.675053 -0.209880 -0.807495 -0.145396 -0.565252 0.085453
1403636697.86356 4.466287 -5.659217 -0.203323 -0.808745 -0.136463 -0.566505 0.079883
1403636697.91356 4.454607 -5.642486 -0.197744 -0.810168 -0.128046 -0.567119 0.074888
1403636697.96356 4.442836 -5.625017 -0.193370 -0.811221 -0.119936 -0.567868 0.071138
1403636698.01356 4.430618 -5.607265 -0.190866 -0.812360 -0.113347 -0.568013 0.067711
1403636698.06356 4.418343 -5.588829 -0.189673 -0.812508 -0.108129 -0.569196 0.064467
1403636698.11356 4.406104 -5.569238 -0.189764 -0.813328 -0.103131 -0.569174 0.062470
1403636698.16356 4.394544 -5.549336 -0.191039 -0.813804 -0.098863 -0.569418 0.060928
1403636698.21356 4.383355 -5.529336 -0.193478 -0.813881 -0.095005 -0.570167 0.058998
1403636698.26356 4.370383 -5.509568 -0.199441 -0.814475 -0.090060 -0.570379 0.056448
1403636698.31356 4.357450 -5.490042 -0.205031 -0.815139 -0.085030 -0.570650 0.051742
1403636698.36356 4.343008 -5.469391 -0.211406 -0.815350 -0.078774 -0.571674 0.046775
1403636698.41356 4.331653 -5.448697 -0.217281 -0.816428 -0.071577 -0.571522 0.041043
1403636698.46356 4.320476 -5.428163 -0.224195 -0.817743 -0.063330 -0.570988 0.035469
1403636698.51356 4.309686 -5.407381 -0.231620 -0.818660 -0.055334 -0.570904 0.028332
1403636698.56356 4.299123 -5.386235 -0.239533 -0.819366 -0.045829 -0.571026 0.021649
1403636698.61356 4.289148 -5.365230 -0.248742 -0.819997 -0.035635 -0.571065 0.014856
1403636698.66356 4.279199 -5.343924 -0.258949 -0.820787 -0.024237 -0.570656 0.008539
1403636698.71356 4.268955 -5.321509 -0.268839 -0.821236 -0.012635 -0.570446 0.001547
1403636698.76356 4.259553 -5.299168 -0.280476 0.821612 0.000500 0.570016 0.005877
1403636698.81356 4.250304 -5.276505 -0.293419 0.821868 -0.011941 0.569387 0.013754
1403636698.86356 4.242827 -5.253039 -0.305054 0.821778 -0.025635 0.568868 0.020339
1403636698.91356 4.232528 -5.230628 -0.320211 0.821092 -0.038060 0.568805 0.028646
1403636698.96356 4.222959 -5.206666 -0.331846 0.820631 -0.051285 0.568034 0.035650
1403636699.01356 4.214977 -5.183340 -0.340835 0.819673 -0.063734 0.567681 0.042583
1403636699.06356 4.208208 -5.160187 -0.348083 0.818486 -0.076551 0.567271 0.049236
1403636699.11356 4.201521 -5.137202 -0.353530 0.816687 -0.089662 0.567324 0.055915
1403636699.16356 4.190509 -5.113474 -0.360696 0.814499 -0.104641 0.567456 0.060302
1403636699.21356 4.183101 -5.091625 -0.363632 0.812923 -0.118575 0.566277 0.066540
1403636699.26356 4.175740 -5.070744 -0.364748 0.810847 -0.133446 0.565197 0.072610
1403636699.31356 4.169048 -5.050929 -0.364801 0.809276 -0.148681 0.562943 0.077858
1403636699.36356 4.162822 -5.032410 -0.363752 0.807213 -0.162341 0.561178 0.084457
1403636699.41356 4.155860 -5.014952 -0.362332 0.804952 -0.176560 0.559270 0.089981
1403636699.46356 4.150888 -4.999368 -0.358537 0.802829 -0.189240 0.557177 0.095956
1403636699.51356 4.144143 -4.986022 -0.357912 0.800330 -0.200838 0.555448 0.103026
1403636699.56356 4.138254 -4.972526 -0.355672 0.797512 -0.212968 0.553826 0.109068
1403636699.61356 4.132026 -4.960568 -0.355281 0.794529 -0.224600 0.552343 0.114871
1403636699.66356 4.125741 -4.950270 -0.356083 0.791152 -0.236340 0.551007 0.120886
1403636699.71356 4.119227 -4.941570 -0.358111 0.787497 -0.246722 0.549983 0.128435
1403636699.76356 4.107888 -4.933019 -0.364423 0.784697 -0.253883 0.548416 0.137966
1403636699.81356 4.100153 -4.927195 -0.368283 0.782036 -0.258985 0.547301 0.147678
1403636699.86356 4.091307 -4.921237 -0.372091 0.779158 -0.262918 0.547297 0.155734
1403636699.91356 4.083535 -4.917794 -0.377330 0.776370 -0.266554 0.547878 0.161332
1403636699.96356 4.075643 -4.914830 -0.383569 0.773855 -0.269988 0.548837 0.164417
1403636700.01356 4.067760 -4.912622 -0.390822 0.772434 -0.272972 0.548801 0.166284
1403636700.06356 4.059437 -4.910731 -0.399020 0.771474 -0.274881 0.548783 0.167650
1403636700.11356 4.050252 -4.909246 -0.408840 0.770482 -0.276536 0.549394 0.167488
1403636700.16356 4.041377 -4.909181 -0.418444 0.769836 -0.277268 0.549584 0.168616
1403636700.21356 4.032776 -4.910039 -0.429136 0.769552 -0.277673 0.549782 0.168603
1403636700.26356 4.023488 -4.911451 -0.440945 0.769418 -0.278684 0.549509 0.168437
1403636700.31356 4.013467 -4.913564 -0.454068 0.769565 -0.281212 0.548007 0.168456
1403636700.36356 4.007083 -4.918605 -0.466719 0.769341 -0.285463 0.546363 0.167667
1403636700.41356 3.995992 -4.922723 -0.483650 0.768233 -0.290339 0.545117 0.168429
1403636700.46356 3.984226 -4.927155 -0.501009 0.766050 -0.293647 0.545123 0.172567
1403636700.51356 3.971976 -4.932278 -0.519327 0.763464 -0.295976 0.546165 0.176704
1403636700.56356 3.959775 -4.938927 -0.538650 0.761103 -0.297759 0.546740 0.182036
1403636700.61356 3.947018 -4.946233 -0.558018 0.758057 -0.300222 0.547595 0.188031
1403636700.66356 3.935947 -4.955934 -0.576990 0.755654 -0.303292 0.546775 0.195033
1403636700.71356 3.922188 -4.963801 -0.597105 0.752961 -0.307510 0.546186 0.200421
1403636700.76356 3.908144 -4.971278 -0.616111 0.750813 -0.310582 0.545537 0.205445
1403636700.81356 3.893934 -4.979047 -0.633426 0.749812 -0.313509 0.543825 0.209162
1403636700.86356 3.879672 -4.987029 -0.649281 0.750207 -0.316667 0.540774 0.210891
1403636700.91356 3.865597 -4.995303 -0.662766 0.750768 -0.319135 0.537994 0.212279
1403636700.96356 3.855861 -5.004862 -0.672841 0.752284 -0.321218 0.534448 0.212727
1403636701.01356 3.841569 -5.012895 -0.683443 0.753534 -0.322976 0.531764 0.212367
1403636701.06356 3.827511 -5.021253 -0.692299 0.756079 -0.324199 0.527748 0.211476
1403636701.11356 3.813870 -5.030412 -0.698875 0.758755 -0.325388 0.523850 0.209749
1403636701.16356 3.801118 -5.039994 -0.703203 0.760329 -0.324548 0.522031 0.209886
1403636701.21356 3.789349 -5.050629 -0.704968 0.762259 -0.323901 0.519935 0.209084
1403636701.26356 3.778006 -5.061334 -0.703962 0.762957 -0.323130 0.519739 0.208218
1403636701.31356 3.767570 -5.073014 -0.701300 0.764316 -0.321889 0.518762 0.207590
1403636701.36356 3.757890 -5.084933 -0.697243 0.764239 -0.321089 0.519723 0.206708
1403636701.41356 3.748644 -5.097674 -0.692991 0.764045 -0.318855 0.521153 0.207285
1403636701.46356 3.740341 -5.111042 -0.688416 0.763137 -0.316580 0.523824 0.207384
1403636701.51356 3.732633 -5.124942 -0.683250 0.761318 -0.313954 0.527592 0.208504
1403636701.56356 3.728374 -5.139334 -0.678223 0.759709 -0.311393 0.531218 0.209007
1403636701.61356 3.721285 -5.153548 -0.674028 0.758988 -0.309070 0.533557 0.209116
1403636701.66356 3.714320 -5.167884 -0.670411 0.758508 -0.306371 0.535503 0.209853
1403636701.71356 3.707138 -5.182087 -0.667425 0.757548 -0.305943 0.537036 0.210028
1403636701.76356 3.699922 -5.196404 -0.665314 0.756709 -0.307276 0.537320 0.210379
1403636701.81356 3.692389 -5.210628 -0.664887 0.755767 -0.310710 0.536372 0.211143
1403636701.86356 3.683952 -5.225019 -0.666479 0.754329 -0.314770 0.534692 0.214504
1403636701.91356 3.676178 -5.239087 -0.668784 0.752402 -0.321207 0.532791 0.216451
1403636701.96356 3.668136 -5.253218 -0.672467 0.749544 -0.327627 0.531311 0.220348
1403636702.01356 3.659699 -5.267294 -0.676976 0.746540 -0.335239 0.529070 0.224448
1403636702.06356 3.651257 -5.281405 -0.682922 0.742656 -0.343630 0.527120 0.229181
1403636702.11356 3.642380 -5.295495 -0.690008 0.738045 -0.352699 0.525242 0.234552
1403636702.16356 3.635839 -5.309581 -0.698448 0.733078 -0.361758 0.523179 0.240856
1403636702.21356 3.627045 -5.324384 -0.708098 0.729138 -0.370081 0.520312 0.246320
1403636702.26356 3.618138 -5.338634 -0.719250 0.726285 -0.377137 0.517062 0.250846
1403636702.31356 3.609232 -5.352668 -0.731886 0.724752 -0.383252 0.512760 0.254812
1403636702.36356 3.601027 -5.366668 -0.745586 0.723716 -0.387917 0.508811 0.258587
1403636702.41356 3.592870 -5.380685 -0.760537 0.723112 -0.390887 0.505006 0.263222
1403636702.46356 3.590600 -5.394769 -0.779037 0.722860 -0.394406 0.501099 0.266116
1403636702.51356 3.584255 -5.409242 -0.796074 0.722490 -0.396361 0.498281 0.269486
1403636702.56356 3.578677 -5.423904 -0.814757 0.722164 -0.398017 0.496247 0.271662
1403636702.61356 3.573817 -5.438784 -0.834780 0.722548 -0.399719 0.493477 0.273185
1403636702.66356 3.569855 -5.454049 -0.855965 0.723368 -0.400897 0.490763 0.274176
1403636702.71356 3.566875 -5.469485 -0.878164 0.723947 -0.401133 0.488900 0.275627
1403636702.76356 3.565897 -5.484281 -0.900506 0.723992 -0.402203 0.488182 0.275220
1403636702.81356 3.564661 -5.500502 -0.924852 0.725387 -0.402032 0.485972 0.275709
1403636702.86356 3.564719 -5.517521 -0.950059 0.726161 -0.402141 0.484827 0.275526
1403636702.91356 3.565575 -5.534977 -0.974492 0.726680 -0.402663 0.484134 0.274612
1403636702.96356 3.567514 -5.552864 -0.997023 0.726668 -0.402231 0.484567 0.274515
1403636703.01356 3.570687 -5.571658 -1.017863 0.725259 -0.402779 0.486975 0.273174
1403636703.06356 3.574093 -5.590713 -1.036828 0.723803 -0.402519 0.489519 0.272871
1403636703.11356 3.578474 -5.609985 -1.053168 0.721020 -0.403503 0.493885 0.270913
1403636703.16356 3.582579 -5.628601 -1.066561 0.716515 -0.404287 0.500828 0.268940
1403636703.21356 3.587453 -5.648321 -1.078288 0.713401 -0.405569 0.505859 0.265857
1403636703.26356 3.592260 -5.668213 -1.088131 0.709594 -0.407735 0.511287 0.262324
1403636703.31356 3.596086 -5.688546 -1.096432 0.706473 -0.409279 0.515867 0.259362
1403636703.36356 3.599051 -5.708650 -1.102420 0.705122 -0.408806 0.518037 0.259459
1403636703.41356 3.600352 -5.729460 -1.107045 0.705545 -0.406545 0.517608 0.262697
1403636703.46356 3.600338 -5.750424 -1.110195 0.707982 -0.403584 0.514486 0.266806
1403636703.51356 3.599296 -5.771485 -1.111881 0.711067 -0.400260 0.510519 0.271193
1403636703.56356 3.597997 -5.792232 -1.111388 0.713363 -0.397803 0.507443 0.274531
1403636703.61356 3.596859 -5.812553 -1.109319 0.715714 -0.397027 0.504441 0.275066
1403636703.66356 3.595885 -5.832722 -1.106213 0.717196 -0.396638 0.502699 0.274958
1403636703.71356 3.594835 -5.852694 -1.103745 0.718091 -0.396387 0.501775 0.274674
1403636703.76356 3.594178 -5.872563 -1.101598 0.717578 -0.396102 0.503072 0.274050
1403636703.81356 3.593732 -5.892278 -1.101370 0.716458 -0.396207 0.505165 0.272977
1403636703.86356 3.593479 -5.911826 -1.102310 0.714912 -0.396424 0.507925 0.271589
1403636703.91356 3.593189 -5.931213 -1.104512 0.713612 -0.396559 0.510568 0.269848
1403636703.96356 3.592480 -5.950823 -1.107909 0.713115 -0.396335 0.511765 0.269224
1403636704.01356 3.591807 -5.969843 -1.112154 0.712393 -0.396784 0.513536 0.267094
1403636704.06356 3.590571 -5.988944 -1.117374 0.712026 -0.396756 0.514841 0.265599
1403636704.11356 3.588753 -6.008157 -1.124082 0.713186 -0.396714 0.513896 0.264376
1403636704.16356 3.586537 -6.027758 -1.131957 0.715256 -0.396401 0.511639 0.263630
1403636704.21356 3.584208 -6.047605 -1.140899 0.717896 -0.395957 0.508512 0.263170
1403636704.26356 3.582005 -6.068006 -1.150245 0.720397 -0.395568 0.505368 0.262977
1403636704.31356 3.580010 -6.088812 -1.158701 0.722415 -0.394587 0.502937 0.263578
1403636704.36356 3.578580 -6.109969 -1.165289 0.724219 -0.393637 0.500678 0.264345
1403636704.41356 3.577687 -6.131539 -1.169997 0.725227 -0.393716 0.499616 0.263473
1403636704.46356 3.576938 -6.152942 -1.172414 0.727063 -0.392905 0.497257 0.264084
1403636704.51356 3.576869 -6.174949 -1.173142 0.728926 -0.392243 0.494777 0.264590
1403636704.56356 3.577705 -6.197273 -1.171880 0.730239 -0.392629 0.492933 0.263839
1403636704.61356 3.579118 -6.220404 -1.170333 0.731624 -0.392457 0.491154 0.263575
1403636704.66356 3.581559 -6.244063 -1.169634 0.732688 -0.392520 0.489577 0.263459
1403636704.71356 3.584675 -6.268212 -1.171021 0.735474 -0.392413 0.485696 0.263040
1403636704.76356 3.588927 -6.292895 -1.174047 0.737311 -0.392097 0.483396 0.262605
1403636704.81356 3.594445 -6.318603 -1.178890 0.739184 -0.392834 0.480932 0.260755
1403636704.86356 3.601731 -6.345102 -1.185490 0.741176 -0.393472 0.478357 0.258868
1403636704.91356 3.610117 -6.372515 -1.193151 0.742826 -0.393805 0.476575 0.256910
1403636704.96356 3.619943 -6.401386 -1.202314 0.744642 -0.393733 0.474254 0.256059
1403636705.01356 3.631015 -6.431578 -1.212783 0.745997 -0.393336 0.472660 0.255672
1403636705.06356 3.643831 -6.463355 -1.223509 0.746862 -0.391952 0.471861 0.256744
1403636705.11356 3.658736 -6.496578 -1.234256 0.744726 -0.390239 0.475612 0.258630
1403636705.16356 3.675066 -6.530810 -1.244518 0.740768 -0.387292 0.482152 0.262292
1403636705.21356 3.692807 -6.566011 -1.253847 0.736677 -0.383885 0.488749 0.266577
1403636705.26356 3.711697 -6.601784 -1.261564 0.733521 -0.380957 0.493879 0.270005
1403636705.31356 3.731355 -6.637341 -1.267774 0.731292 -0.379485 0.497361 0.271726
1403636705.36356 3.751452 -6.673016 -1.273037 0.729706 -0.378616 0.499843 0.272646
1403636705.41356 3.772252 -6.708440 -1.277350 0.730577 -0.379084 0.498656 0.271836
1403636705.46356 3.793862 -6.743352 -1.281207 0.731472 -0.380272 0.497155 0.270515
1403636705.51356 3.816523 -6.777896 -1.285404 0.733242 -0.381776 0.494241 0.268940
1403636705.56356 3.839926 -6.812325 -1.291080 0.735105 -0.382488 0.491412 0.268025
1403636705.61356 3.864053 -6.847109 -1.298202 0.735561 -0.383492 0.490510 0.266990
1403636705.66356 3.888660 -6.882776 -1.307122 0.736166 -0.384108 0.489224 0.266798
1403636705.71356 3.914293 -6.919066 -1.316656 0.734899 -0.383975 0.490951 0.267308
1403636705.76356 3.940937 -6.955877 -1.327185 0.733105 -0.384103 0.493387 0.267565
1403636705.81356 3.968038 -6.992457 -1.337220 0.730796 -0.384449 0.496904 0.266875
1403636705.86356 3.995462 -7.029213 -1.345959 0.728030 -0.384371 0.501100 0.266704
1403636705.91356 4.024054 -7.066241 -1.352562 0.724694 -0.385638 0.506017 0.264667
1403636705.96356 4.053147 -7.103079 -1.357030 0.721574 -0.387043 0.510717 0.262101
1403636706.01356 4.081615 -7.139841 -1.359302 0.718274 -0.389511 0.515848 0.257419
1403636706.06356 4.109529 -7.175677 -1.359481 0.715563 -0.392205 0.520097 0.252277
1403636706.11356 4.136328 -7.212591 -1.359086 0.712657 -0.393860 0.524415 0.248964
1403636706.16356 4.161754 -7.250153 -1.359397 0.712636 -0.391649 0.525120 0.251016
1403636706.21356 4.186187 -7.287325 -1.361083 0.714293 -0.387600 0.523551 0.255823
1403636706.26356 4.209745 -7.324090 -1.365020 0.716573 -0.384431 0.520954 0.259506
1403636706.31356 4.232506 -7.361438 -1.371488 0.719623 -0.380216 0.517317 0.264503
1403636706.36356 4.254620 -7.397901 -1.380166 0.722610 -0.377559 0.513632 0.267332
1403636706.41356 4.276537 -7.434130 -1.390126 0.725157 -0.375271 0.510397 0.269840
1403636706.46356 4.298547 -7.469818 -1.400444 0.727609 -0.373821 0.507267 0.271151
1403636706.51356 4.321102 -7.505773 -1.409279 0.729181 -0.372760 0.505197 0.272252
1403636706.56356 4.343784 -7.540862 -1.416645 0.730451 -0.372634 0.503121 0.272865
1403636706.61356 4.366834 -7.575250 -1.421820 0.731026 -0.372691 0.502452 0.272480
1403636706.66356 4.390269 -7.609675 -1.426432 0.731753 -0.372978 0.501039 0.272737
1403636706.71356 4.414947 -7.643741 -1.428812 0.732922 -0.373630 0.499156 0.272155
1403636706.76356 4.440250 -7.677517 -1.429086 0.733750 -0.375553 0.497528 0.270254
1403636706.81356 4.465322 -7.709940 -1.428701 0.735059 -0.376624 0.494994 0.269859
1403636706.86356 4.491509 -7.744108 -1.427775 0.735640 -0.377910 0.493318 0.269545
1403636706.91356 4.518632 -7.777437 -1.425513 0.735294 -0.379372 0.493008 0.269003
1403636706.96356 4.547372 -7.811489 -1.421843 0.734804 -0.380110 0.492600 0.270045
1403636707.01356 4.576929 -7.845471 -1.417491 0.732839 -0.380536 0.494527 0.271260
1403636707.06356 4.607182 -7.880059 -1.413102 0.731101 -0.380322 0.496071 0.273424
1403636707.11356 4.637790 -7.914071 -1.408685 0.729270 -0.380804 0.497595 0.274869
1403636707.16356 4.669331 -7.948750 -1.404248 0.728506 -0.381829 0.497422 0.275786
1403636707.21356 4.700205 -7.981263 -1.399535 0.728057 -0.383225 0.496495 0.276704
1403636707.26356 4.733012 -8.015963 -1.393775 0.727703 -0.384311 0.495589 0.277750
1403636707.31356 4.766630 -8.050363 -1.386100 0.727943 -0.385050 0.493908 0.279087
1403636707.36356 4.800840 -8.084189 -1.376280 0.727864 -0.386108 0.492914 0.279590
1403636707.41356 4.834882 -8.116355 -1.363920 0.727802 -0.387249 0.492138 0.279541
1403636707.46356 4.870887 -8.149773 -1.349933 0.728188 -0.387525 0.491019 0.280119
1403636707.51356 4.907525 -8.182564 -1.334191 0.727780 -0.388752 0.491121 0.279301
1403636707.56356 4.945080 -8.215244 -1.316818 0.727272 -0.389955 0.491483 0.278309
1403636707.61356 4.983115 -8.247503 -1.300524 0.727229 -0.391828 0.491221 0.276246
1403636707.66356 5.021992 -8.280317 -1.286053 0.726090 -0.395982 0.492845 0.270362
1403636707.71356 5.061031 -8.313483 -1.274319 0.725388 -0.398259 0.493953 0.266856
1403636707.76356 5.100194 -8.347304 -1.265788 0.724974 -0.400243 0.494782 0.263458
1403636707.81356 5.139761 -8.381952 -1.260050 0.724041 -0.400923 0.496168 0.262380
1403636707.86356 5.178470 -8.417360 -1.257338 0.723297 -0.400528 0.497898 0.261755
1403636707.91356 5.217677 -8.452510 -1.257533 0.722344 -0.399688 0.500040 0.261589
1403636707.96356 5.256563 -8.488076 -1.260044 0.722211 -0.397951 0.501239 0.262307
1403636708.01356 5.295626 -8.524630 -1.265135 0.722292 -0.395825 0.502241 0.263383
1403636708.06356 5.334147 -8.560440 -1.272852 0.722659 -0.393260 0.502902 0.264952
1403636708.11356 5.372778 -8.597045 -1.281365 0.722770 -0.390380 0.504063 0.266697
1403636708.16356 5.411122 -8.633565 -1.291005 0.722909 -0.387795 0.504995 0.268322
1403636708.21356 5.449276 -8.669893 -1.302373 0.722284 -0.387072 0.506918 0.267422
1403636708.26356 5.487440 -8.706956 -1.314712 0.720834 -0.387617 0.509690 0.265268
1403636708.31356 5.525079 -8.743661 -1.327944 0.717994 -0.389656 0.514208 0.261233
1403636708.36356 5.562337 -8.780584 -1.341508 0.714766 -0.393190 0.518993 0.255260
1403636708.41356 5.597975 -8.817951 -1.354054 0.712117 -0.395748 0.522813 0.250878
1403636708.46356 5.633021 -8.856398 -1.365055 0.710007 -0.397495 0.525860 0.247708
1403636708.51356 5.666885 -8.896051 -1.373655 0.708836 -0.398098 0.527416 0.246783
1403636708.56356 5.698911 -8.936446 -1.380394 0.708230 -0.397115 0.528403 0.247991
1403636708.61356 5.729160 -8.976896 -1.385480 0.708736 -0.394606 0.527504 0.252424
1403636708.66356 5.757113 -9.016905 -1.391440 0.710859 -0.391204 0.524387 0.258181
1403636708.71356 5.784255 -9.056421 -1.397790 0.711979 -0.386850 0.522335 0.265705
1403636708.76356 5.810148 -9.094823 -1.405542 0.713749 -0.382880 0.519290 0.272585
1403636708.81356 5.836011 -9.133287 -1.414553 0.714226 -0.379004 0.517753 0.279588
1403636708.86356 5.860844 -9.169374 -1.424984 0.714700 -0.378190 0.515930 0.282828
1403636708.91356 5.885146 -9.203594 -1.434717 0.713578 -0.377560 0.515961 0.286425
1403636708.96356 5.910461 -9.237545 -1.443588 0.712667 -0.377417 0.515446 0.289789
1403636709.01356 5.935475 -9.269163 -1.450196 0.710546 -0.377946 0.517081 0.291390
1403636709.06356 5.959956 -9.298843 -1.455191 0.709381 -0.377153 0.516966 0.295433
1403636709.11356 5.984559 -9.326781 -1.458596 0.707958 -0.378320 0.517480 0.296452
1403636709.16356 6.009174 -9.352921 -1.460065 0.708106 -0.379291 0.515767 0.297841
1403636709.21356 6.033884 -9.377357 -1.459659 0.708881 -0.381723 0.513404 0.296970
1403636709.26356 6.058364 -9.399227 -1.457484 0.710727 -0.383014 0.509876 0.296975
1403636709.31356 6.083288 -9.419909 -1.454331 0.712220 -0.384766 0.507198 0.295716
1403636709.36356 6.107420 -9.437776 -1.450691 0.713656 -0.386275 0.504889 0.294236
1403636709.41356 6.133194 -9.456121 -1.448699 0.714995 -0.385875 0.502527 0.295551
1403636709.46356 6.158821 -9.473094 -1.448739 0.715181 -0.386597 0.502315 0.294513
1403636709.51356 6.186047 -9.490010 -1.450834 0.716169 -0.386197 0.500793 0.295228
1403636709.56356 6.213856 -9.505816 -1.454578 0.716728 -0.386596 0.500149 0.294439
1403636709.61356 6.242645 -9.521537 -1.459836 0.717755 -0.386867 0.498758 0.293943
1403636709.66356 6.272238 -9.536718 -1.465720 0.718470 -0.386824 0.498072 0.293414
1403636709.71356 6.302332 -9.551038 -1.472398 0.719187 -0.386134 0.497619 0.293337
1403636709.76356 6.333371 -9.564545 -1.479033 0.719534 -0.386190 0.497990 0.291778
1403636709.81356 6.364900 -9.577104 -1.485044 0.719980 -0.384808 0.498104 0.292309
1403636709.86356 6.397537 -9.589262 -1.489517 0.719840 -0.384840 0.499049 0.290996
1403636709.91356 6.431028 -9.601006 -1.492273 0.720042 -0.383744 0.499312 0.291493
1403636709.96356 6.465312 -9.612420 -1.492893 0.720104 -0.382663 0.500059 0.291480
1403636710.01356 6.499099 -9.620627 -1.492429 0.720185 -0.382403 0.500762 0.290410
1403636710.06356 6.534290 -9.629601 -1.490546 0.720272 -0.381500 0.501428 0.290235
1403636710.11356 6.569774 -9.637119 -1.488925 0.720306 -0.380378 0.502381 0.289974
1403636710.16356 6.605610 -9.643686 -1.489329 0.720646 -0.379182 0.502856 0.289874
1403636710.21356 6.642248 -9.650148 -1.492023 0.720911 -0.377910 0.503632 0.289527
1403636710.26356 6.679155 -9.655246 -1.497294 0.720740 -0.377663 0.505208 0.287523
1403636710.31356 6.716398 -9.659519 -1.504818 0.719009 -0.379439 0.509215 0.282404
1403636710.36356 6.754074 -9.663012 -1.513907 0.717599 -0.382006 0.513260 0.275114
1403636710.41356 6.791977 -9.665884 -1.523864 0.716984 -0.382925 0.517241 0.267889
1403636710.46356 6.829561 -9.668328 -1.535123 0.717490 -0.382725 0.520541 0.260321
1403636710.51356 6.867523 -9.671417 -1.546870 0.718342 -0.381206 0.524167 0.252815
1403636710.56356 6.904632 -9.675528 -1.559230 0.719851 -0.378341 0.527087 0.246682
1403636710.61356 6.940206 -9.678890 -1.572695 0.721347 -0.374622 0.529912 0.241890
1403636710.66356 6.974713 -9.682537 -1.587174 0.723700 -0.369516 0.532366 0.237280
1403636710.71356 7.008061 -9.686544 -1.602293 0.726464 -0.362721 0.534604 0.234270
1403636710.76356 7.039626 -9.691971 -1.616482 0.729594 -0.355176 0.536914 0.230795
1403636710.81356 7.070715 -9.696684 -1.629527 0.733900 -0.344651 0.538047 0.230461
1403636710.86356 7.102039 -9.702692 -1.640213 0.739042 -0.333877 0.538278 0.229346
1403636710.91356 7.131355 -9.707059 -1.650318 0.744003 -0.323430 0.538486 0.227783
1403636710.96356 7.159929 -9.711531 -1.658852 0.747974 -0.313622 0.539238 0.226710
1403636711.01356 7.188363 -9.715779 -1.665979 0.753118 -0.303536 0.537545 0.227429
1403636711.06356 7.216712 -9.719601 -1.671821 0.755567 -0.297055 0.538555 0.225465
1403636711.11356 7.245107 -9.722489 -1.676571 0.758096 -0.290313 0.538530 0.225817
1403636711.16356 7.273263 -9.724336 -1.680816 0.759247 -0.285548 0.539613 0.225442
1403636711.21356 7.301660 -9.725196 -1.684442 0.760165 -0.281906 0.540404 0.225036
1403636711.26356 7.330149 -9.724510 -1.687614 0.760768 -0.279461 0.541049 0.224499
1403636711.31356 7.358625 -9.722457 -1.689489 0.760181 -0.279002 0.543193 0.221864
1403636711.36356 7.387572 -9.719348 -1.691451 0.759225 -0.279299 0.545253 0.219701
1403636711.41356 7.416453 -9.716088 -1.690380 0.755999 -0.279407 0.550136 0.218512
1403636711.46356 7.444267 -9.711143 -1.688266 0.751432 -0.279180 0.556485 0.218476
1403636711.51356 7.470572 -9.704689 -1.685641 0.747367 -0.278775 0.561737 0.219497
1403636711.56356 7.496651 -9.697344 -1.682423 0.744429 -0.277296 0.564979 0.223006
1403636711.61356 7.522102 -9.688397 -1.679230 0.742694 -0.276376 0.566559 0.225905
1403636711.66356 7.546134 -9.677816 -1.676215 0.741948 -0.275949 0.566765 0.228349
1403636711.71356 7.569040 -9.665102 -1.672871 0.742547 -0.275790 0.565050 0.230830
1403636711.76356 7.591012 -9.650517 -1.669176 0.742756 -0.276970 0.564039 0.231217
1403636711.81356 7.611484 -9.633816 -1.665636 0.743491 -0.279550 0.562529 0.229421
1403636711.86356 7.630623 -9.615389 -1.661701 0.744643 -0.283297 0.560696 0.225543
1403636711.91356 7.647967 -9.594806 -1.657412 0.745758 -0.288094 0.558927 0.220109
1403636711.96356 7.663849 -9.573526 -1.651083 0.746672 -0.292831 0.557360 0.214665
1403636712.01356 7.678124 -9.551137 -1.643558 0.746876 -0.297646 0.556722 0.208910
1403636712.06356 7.691844 -9.528431 -1.635206 0.746711 -0.301854 0.556617 0.203678
1403636712.11356 7.704238 -9.505819 -1.625127 0.745945 -0.304102 0.557431 0.200895
1403636712.16356 7.715419 -9.483345 -1.613920 0.745343 -0.304544 0.558450 0.199625
1403636712.21356 7.724329 -9.460368 -1.601658 0.746938 -0.300089 0.557995 0.201673
1403636712.26356 7.733641 -9.438093 -1.587802 0.749529 -0.293148 0.557395 0.203916
1403636712.31356 7.742829 -9.415600 -1.572424 0.751809 -0.284618 0.558103 0.205660
1403636712.36356 7.751274 -9.392498 -1.555976 0.754647 -0.275637 0.558493 0.206439
1403636712.41356 7.759152 -9.368456 -1.539151 0.756725 -0.268081 0.559461 0.206162
1403636712.46356 7.765478 -9.343422 -1.520678 0.758210 -0.260779 0.561101 0.205615
1403636712.51356 7.771005 -9.316985 -1.501484 0.759730 -0.254545 0.562580 0.203768
1403636712.56356 7.776389 -9.289754 -1.481345 0.760672 -0.249785 0.564400 0.201093
1403636712.61356 7.780502 -9.261183 -1.461840 0.760313 -0.245571 0.567837 0.197937
1403636712.66356 7.784237 -9.231752 -1.444110 0.759149 -0.242553 0.572037 0.193996
1403636712.71356 7.787205 -9.201255 -1.428036 0.758084 -0.240007 0.575645 0.190625
1403636712.76356 7.788849 -9.170020 -1.413544 0.758077 -0.237781 0.577661 0.187317
1403636712.81356 7.788546 -9.137488 -1.401025 0.758944 -0.236327 0.577993 0.184602
1403636712.86356 7.787576 -9.104619 -1.389508 0.760708 -0.235510 0.576705 0.182402
1403636712.91356 7.784968 -9.071165 -1.379204 0.762469 -0.234949 0.575139 0.180708
1403636712.96356 7.780918 -9.037226 -1.370413 0.764676 -0.234436 0.572647 0.179958
1403636713.01356 7.775839 -9.002739 -1.362747 0.766227 -0.233327 0.570714 0.180942
1403636713.06356 7.769745 -8.967399 -1.353995 0.765973 -0.233599 0.571305 0.179802
1403636713.11356 7.762654 -8.930689 -1.343864 0.765799 -0.233954 0.572103 0.177528
1403636713.16356 7.754276 -8.893203 -1.332390 0.766637 -0.234074 0.571466 0.175795
1403636713.21356 7.744348 -8.855825 -1.319059 0.767456 -0.234917 0.570513 0.174188
1403636713.26356 7.734567 -8.817946 -1.303727 0.768964 -0.235561 0.568624 0.172835
1403636713.31356 7.724297 -8.780291 -1.286539 0.769776 -0.235645 0.567446 0.172975
1403636713.36356 7.713625 -8.742529 -1.267677 0.771017 -0.236215 0.565693 0.172415
1403636713.41356 7.703389 -8.705061 -1.246856 0.770933 -0.237710 0.565719 0.170640
1403636713.46356 7.692057 -8.667713 -1.225561 0.771089 -0.239056 0.565320 0.169371
1403636713.51356 7.679362 -8.630131 -1.203231 0.771258 -0.240753 0.564928 0.167498
1403636713.56356 7.666256 -8.592417 -1.181332 0.770838 -0.242637 0.565249 0.165620
1403636713.61356 7.652123 -8.555314 -1.160370 0.771325 -0.245730 0.564102 0.162677
1403636713.66356 7.637378 -8.518471 -1.141082 0.771745 -0.248291 0.563064 0.160377
1403636713.71356 7.621967 -8.482207 -1.123129 0.771719 -0.250928 0.562613 0.157964
1403636713.76356 7.605809 -8.446750 -1.106900 0.771605 -0.253596 0.562131 0.155957
1403636713.81356 7.588402 -8.412715 -1.091541 0.771681 -0.255486 0.561558 0.154560
1403636713.86356 7.570657 -8.379297 -1.077817 0.771500 -0.256441 0.561260 0.154959
1403636713.91356 7.552062 -8.346866 -1.065340 0.771898 -0.256270 0.560203 0.157071
1403636713.96356 7.532715 -8.315324 -1.054262 0.772329 -0.255729 0.559196 0.159407
1403636714.01356 7.512628 -8.284261 -1.044884 0.772971 -0.255891 0.557726 0.161176
1403636714.06356 7.492059 -8.254167 -1.036777 0.773108 -0.253886 0.556968 0.166230
1403636714.11356 7.471697 -8.224537 -1.029701 0.773220 -0.254272 0.556163 0.167806
1403636714.16356 7.450320 -8.195090 -1.025154 0.773122 -0.254299 0.555668 0.169847
1403636714.21356 7.429084 -8.165821 -1.020195 0.771991 -0.254936 0.556648 0.170824
1403636714.26356 7.407394 -8.137073 -1.016459 0.770713 -0.256897 0.557874 0.169650
1403636714.31356 7.385450 -8.108748 -1.013811 0.769879 -0.258939 0.558454 0.168424
1403636714.36356 7.362921 -8.080923 -1.012226 0.770081 -0.260328 0.557609 0.168153
1403636714.41356 7.340522 -8.053650 -1.011257 0.771990 -0.261417 0.554475 0.168075
1403636714.46356 7.317556 -8.026852 -1.011775 0.774791 -0.261565 0.550962 0.166506
1403636714.51356 7.294728 -8.000539 -1.012790 0.777960 -0.260445 0.547718 0.164169
1403636714.56356 7.271973 -7.975007 -1.015028 0.781017 -0.258625 0.545445 0.160045
1403636714.61356 7.249665 -7.950329 -1.018101 0.784428 -0.254679 0.543606 0.155899
1403636714.66356 7.228413 -7.926996 -1.020768 0.787658 -0.248608 0.542745 0.152375
1403636714.71356 7.207468 -7.904864 -1.022618 0.790942 -0.241406 0.542552 0.147548
1403636714.76356 7.187099 -7.884599 -1.023012 0.794394 -0.232380 0.542703 0.142868
1403636714.81356 7.166948 -7.864197 -1.020963 0.797559 -0.221004 0.543854 0.138853
1403636714.86356 7.147672 -7.845111 -1.016879 0.800555 -0.208588 0.545353 0.134879
1403636714.91356 7.129244 -7.826801 -1.010966 0.803688 -0.196508 0.546500 0.129643
1403636714.96356 7.112076 -7.809251 -1.003023 0.806866 -0.185210 0.547253 0.123200
1403636715.01356 7.095919 -7.792097 -0.992778 0.809414 -0.174787 0.548096 0.117849
1403636715.06356 7.080638 -7.775748 -0.980869 0.811756 -0.165398 0.548627 0.112715
1403636715.11356 7.065812 -7.759756 -0.967460 0.814162 -0.156717 0.548266 0.109470
1403636715.16356 7.052337 -7.744555 -0.953253 0.815640 -0.150646 0.548642 0.105022
1403636715.21356 7.040109 -7.729732 -0.938977 0.816727 -0.145160 0.548970 0.102556
1403636715.26356 7.029046 -7.715319 -0.925843 0.816828 -0.141489 0.550369 0.099337
1403636715.31356 7.019121 -7.701399 -0.914393 0.816036 -0.139239 0.552692 0.096074
1403636715.36356 7.010857 -7.687332 -0.904520 0.815418 -0.137216 0.554434 0.094172
1403636715.41356 7.003012 -7.674099 -0.895994 0.813236 -0.137580 0.558183 0.090282
1403636715.46356 6.995697 -7.661402 -0.890053 0.811063 -0.138365 0.561639 0.087144
1403636715.51356 6.988597 -7.649058 -0.886268 0.808641 -0.141083 0.565236 0.081878
1403636715.56356 6.981059 -7.637384 -0.884683 0.806353 -0.145339 0.568349 0.075166
1403636715.61356 6.973668 -7.627074 -0.884822 0.805681 -0.147136 0.569177 0.072579
1403636715.66356 6.966303 -7.618284 -0.885242 0.803307 -0.146720 0.572441 0.074043
1403636715.71356 6.958752 -7.610777 -0.886037 0.800059 -0.144080 0.576961 0.079134
1403636715.76356 6.950592 -7.603947 -0.887347 0.797306 -0.141397 0.580624 0.084766
1403636715.81356 6.941172 -7.597178 -0.888469 0.794753 -0.139312 0.583861 0.089806
1403636715.86356 6.931879 -7.590962 -0.887734 0.792280 -0.137935 0.587007 0.093213
1403636715.91356 6.921132 -7.583523 -0.883909 0.789991 -0.136238 0.589764 0.097632
1403636715.96356 6.909514 -7.576721 -0.879839 0.788266 -0.136460 0.591682 0.099638
1403636716.01356 6.895676 -7.569534 -0.875420 0.787358 -0.136955 0.592588 0.100747
1403636716.06356 6.880932 -7.562061 -0.870276 0.787472 -0.137939 0.592050 0.101675
1403636716.11356 6.864625 -7.554039 -0.863933 0.787876 -0.140245 0.591152 0.100614
1403636716.16356 6.846817 -7.545589 -0.856781 0.790502 -0.142879 0.587198 0.099452
1403636716.21356 6.827523 -7.536535 -0.848602 0.793873 -0.146113 0.582105 0.097825
1403636716.26356 6.807272 -7.527383 -0.840874 0.795891 -0.148307 0.578740 0.098089
1403636716.31356 6.786367 -7.518211 -0.834660 0.797774 -0.150326 0.575594 0.098233
1403636716.36356 6.765127 -7.509372 -0.830138 0.799012 -0.152331 0.573304 0.098476
1403636716.41356 6.743829 -7.500842 -0.827085 0.799061 -0.153692 0.572757 0.099142
1403636716.46356 6.722404 -7.492581 -0.826089 0.799514 -0.154618 0.571703 0.100131
1403636716.51356 6.700210 -7.485845 -0.828143 0.799100 -0.155594 0.571859 0.101036
1403636716.56356 6.678256 -7.477435 -0.829932 0.798927 -0.154173 0.572175 0.102767
1403636716.61356 6.657253 -7.469372 -0.833039 0.799365 -0.152143 0.572075 0.102951
1403636716.66356 6.635999 -7.461013 -0.837143 0.799588 -0.149088 0.572807 0.101604
1403636716.71356 6.614505 -7.452530 -0.842465 0.800350 -0.144970 0.573192 0.099371
1403636716.76356 6.592892 -7.443846 -0.849359 0.800758 -0.140677 0.574268 0.095989
1403636716.81356 6.570876 -7.435118 -0.856756 0.801723 -0.134991 0.575002 0.091599
1403636716.86356 6.549057 -7.426200 -0.863719 0.802982 -0.128648 0.575511 0.086352
1403636716.91356 6.526816 -7.417215 -0.869313 0.804303 -0.121031 0.576201 0.080256
1403636716.96356 6.504184 -7.408004 -0.873201 0.806427 -0.111482 0.575981 0.074119
1403636717.01356 6.481079 -7.398793 -0.875098 0.807506 -0.101881 0.577054 0.067554
1403636717.06356 6.457581 -7.389595 -0.875166 0.809202 -0.091716 0.577112 0.061007
1403636717.11356 6.433996 -7.381553 -0.873132 0.810306 -0.081968 0.577658 0.054736
1403636717.16356 6.411074 -7.372988 -0.869731 0.811274 -0.073331 0.577850 0.050456
1403636717.21356 6.388241 -7.364749 -0.865905 0.812133 -0.065706 0.577888 0.046569
1403636717.26356 6.364770 -7.356756 -0.861758 0.812819 -0.058104 0.577843 0.045240
1403636717.31356 6.340914 -7.349003 -0.857365 0.813725 -0.050545 0.577212 0.046085
1403636717.36356 6.317092 -7.341294 -0.852685 0.813922 -0.042857 0.577309 0.049064
1403636717.41356 6.293254 -7.332619 -0.848015 0.814045 -0.036477 0.577345 0.051699
1403636717.46356 6.269372 -7.322952 -0.844163 0.814062 -0.032273 0.577469 0.052827
1403636717.51356 6.245642 -7.311874 -0.842322 0.814339 -0.030386 0.577224 0.052354
1403636717.56356 6.222195 -7.299293 -0.841756 0.814053 -0.030516 0.577844 0.049821
1403636717.61356 6.198920 -7.285508 -0.843365 0.814300 -0.032092 0.577713 0.046191
1403636717.66356 6.175770 -7.270823 -0.846287 0.813836 -0.032896 0.578430 0.044800
1403636717.71356 6.154019 -7.253444 -0.849710 0.813440 -0.033967 0.579017 0.043594
1403636717.76356 6.130898 -7.236621 -0.855545 0.813942 -0.031475 0.578296 0.045634
1403636717.81356 6.107812 -7.218734 -0.861126 0.814345 -0.029092 0.577879 0.045284
1403636717.86356 6.083796 -7.199129 -0.865402 0.814926 -0.024799 0.577306 0.044696
1403636717.91356 6.060674 -7.178693 -0.868009 0.815315 -0.019581 0.577096 0.042876
1403636717.96356 6.038585 -7.156856 -0.869116 0.815441 -0.013470 0.577247 0.040749
1403636718.01356 6.016508 -7.133155 -0.867977 0.815574 -0.006876 0.577464 0.036429
1403636718.06356 5.994842 -7.107875 -0.865173 0.815949 -0.000205 0.577298 0.030900
1403636718.11356 5.973264 -7.081116 -0.861072 0.815870 0.005617 0.577790 0.021980
1403636718.16356 5.952198 -7.053365 -0.857155 0.816192 0.011412 0.577526 0.012807
1403636718.21356 5.931051 -7.025347 -0.854325 0.816287 0.016633 0.577390 0.004432
1403636718.26356 5.909605 -6.996909 -0.853791 -0.816598 -0.021328 -0.576806 0.002773
1403636718.31356 5.889412 -6.968000 -0.855627 -0.816971 -0.025216 -0.576045 0.009756
1403636718.36356 5.868604 -6.938639 -0.859252 -0.816942 -0.030261 -0.575706 0.015929
1403636718.41356 5.847758 -6.909080 -0.864448 -0.817359 -0.035237 -0.574609 0.022525
1403636718.46356 5.827197 -6.878836 -0.871395 -0.817183 -0.039797 -0.574209 0.030203
1403636718.51356 5.806381 -6.848536 -0.879597 -0.816728 -0.045632 -0.574034 0.036854
1403636718.56356 5.786669 -6.818524 -0.889165 -0.816497 -0.049584 -0.573527 0.044058
1403636718.61356 5.767706 -6.788844 -0.899692 -0.816575 -0.052891 -0.572554 0.050888
1403636718.66356 5.749793 -6.759904 -0.910972 -0.816674 -0.054361 -0.571497 0.058993
1403636718.71356 5.732518 -6.731885 -0.923472 -0.817112 -0.056292 -0.569984 0.065399
1403636718.76356 5.718042 -6.706587 -0.937797 -0.816673 -0.059194 -0.569868 0.069217
1403636718.81356 5.701179 -6.682100 -0.951401 -0.816570 -0.064048 -0.569533 0.068874
1403636718.86356 5.684984 -6.658482 -0.964261 -0.816200 -0.069962 -0.569723 0.065874
1403636718.91356 5.668221 -6.637097 -0.975912 -0.815474 -0.074908 -0.570437 0.063187
1403636718.96356 5.652084 -6.615219 -0.985472 -0.814540 -0.079247 -0.571507 0.060203
1403636719.01356 5.636836 -6.593663 -0.992575 -0.813867 -0.082433 -0.572216 0.058266
1403636719.06356 5.621704 -6.572218 -0.997287 -0.812560 -0.084242 -0.573877 0.057572
1403636719.11356 5.606747 -6.550761 -0.999825 -0.810980 -0.085568 -0.575997 0.056723
1403636719.16356 5.592677 -6.529179 -1.000342 -0.808972 -0.085643 -0.578760 0.057154
1403636719.21356 5.577118 -6.507698 -0.999633 -0.807050 -0.085064 -0.581467 0.057713
1403636719.26356 5.561677 -6.486155 -0.999647 -0.805155 -0.084367 -0.584160 0.058010
1403636719.31356 5.545355 -6.464805 -1.000986 -0.803867 -0.082168 -0.586026 0.060172
1403636719.36356 5.521692 -6.441687 -1.004440 -0.802394 -0.081175 -0.588133 0.060617
1403636719.41356 5.503833 -6.420841 -1.009504 -0.801651 -0.079883 -0.589252 0.061283
1403636719.46356 5.485468 -6.400362 -1.016366 -0.801281 -0.078324 -0.589895 0.061949
1403636719.51356 5.465583 -6.380536 -1.024828 -0.801389 -0.076900 -0.589892 0.062372
1403636719.56356 5.445827 -6.360930 -1.034375 -0.803201 -0.075914 -0.587596 0.061943
1403636719.61356 5.425112 -6.341884 -1.043372 -0.804906 -0.074020 -0.585400 0.062885
1403636719.66356 5.404279 -6.323140 -1.050569 -0.807156 -0.073283 -0.582530 0.061548
1403636719.71356 5.382635 -6.304702 -1.055637 -0.809378 -0.071909 -0.579693 0.060765
1403636719.76356 5.360435 -6.286856 -1.058750 -0.810932 -0.070383 -0.577791 0.059946
1403636719.81356 5.338443 -6.269309 -1.059626 -0.812326 -0.068770 -0.576097 0.059234
1403636719.86356 5.316114 -6.252246 -1.058462 -0.812787 -0.067159 -0.575697 0.058649
1403636719.91356 5.293415 -6.235543 -1.056301 -0.813283 -0.065561 -0.575227 0.058198
1403636719.96356 5.268327 -6.219138 -1.054383 -0.814379 -0.064301 -0.573851 0.057860
1403636720.01356 5.246020 -6.202944 -1.053589 -0.814668 -0.063549 -0.573666 0.056431
1403636720.06356 5.224072 -6.187167 -1.054194 -0.815081 -0.062795 -0.573159 0.056464
1403636720.11356 5.201938 -6.171947 -1.056399 -0.815344 -0.062558 -0.572889 0.055664
1403636720.16356 5.180689 -6.157034 -1.060357 -0.816047 -0.062272 -0.571953 0.055305
1403636720.21356 5.159753 -6.142599 -1.065571 -0.816157 -0.061721 -0.571792 0.055963
1403636720.26356 5.139000 -6.128516 -1.071593 -0.816058 -0.061596 -0.571929 0.056155
1403636720.31356 5.118551 -6.114947 -1.078553 -0.816009 -0.061150 -0.571976 0.056859
1403636720.36356 5.098507 -6.101712 -1.086354 -0.815970 -0.061564 -0.571987 0.056866
1403636720.41356 5.078548 -6.088994 -1.094869 -0.815967 -0.061768 -0.571898 0.057581
1403636720.46356 5.058727 -6.076801 -1.103155 -0.816242 -0.061814 -0.571393 0.058636
1403636720.51356 5.039064 -6.065277 -1.110243 -0.816493 -0.061923 -0.570948 0.059348
1403636720.56356 5.019886 -6.053757 -1.115169 -0.816480 -0.062025 -0.570833 0.060529
1403636720.61356 5.000922 -6.043345 -1.119074 -0.816853 -0.063219 -0.570246 0.059794
1403636720.66356 4.982440 -6.033529 -1.120683 -0.816823 -0.063427 -0.570127 0.061095
1403636720.71356 4.963711 -6.024838 -1.120241 -0.816006 -0.063383 -0.571325 0.060857
1403636720.76356 4.945762 -6.016467 -1.118280 -0.816369 -0.061770 -0.571010 0.060606
1403636720.81356 4.928812 -6.008764 -1.115134 -0.816783 -0.059246 -0.570920 0.058357
1403636720.86356 4.912606 -6.002029 -1.112276 -0.817213 -0.056260 -0.570993 0.054451
1403636720.91356 4.896419 -5.995983 -1.110625 -0.817625 -0.051241 -0.571223 0.050667
1403636720.96356 4.880614 -5.990645 -1.110541 -0.817384 -0.045618 -0.572372 0.046813
1403636721.01356 4.864882 -5.985186 -1.112202 -0.816893 -0.039474 -0.573723 0.044372
1403636721.06356 4.849417 -5.980296 -1.115112 -0.816120 -0.033145 -0.575462 0.041150
1403636721.11356 4.833898 -5.976404 -1.119172 -0.815842 -0.026253 -0.576466 0.037410
1403636721.16356 4.819151 -5.971528 -1.122357 -0.814860 -0.019076 -0.578472 0.031761
1403636721.21356 4.803375 -5.968486 -1.126296 -0.814370 -0.011631 -0.579596 0.027099
1403636721.26356 4.787256 -5.965761 -1.128682 -0.812877 -0.004675 -0.581955 0.023189
1403636721.31356 4.771590 -5.963469 -1.129455 -0.812930 0.000883 -0.582052 0.018970
1403636721.36356 4.754956 -5.961716 -1.128529 -0.812841 0.005875 -0.582270 0.014708
1403636721.41356 4.738049 -5.960128 -1.125488 -0.812367 0.009584 -0.582970 0.010732
1403636721.46356 4.720776 -5.958528 -1.121535 -0.812573 0.013226 -0.582656 0.007854
1403636721.51356 4.703226 -5.957426 -1.117003 -0.813046 0.016689 -0.581949 0.003539
1403636721.56356 4.685413 -5.956638 -1.113427 0.813535 -0.021003 0.581136 0.000448
1403636721.61356 4.667582 -5.956152 -1.111299 0.814070 -0.024805 0.580212 0.005242
1403636721.66356 4.649804 -5.955680 -1.110699 0.814776 -0.028130 0.579023 0.009047
1403636721.71356 4.631915 -5.955184 -1.111135 0.814313 -0.030411 0.579497 0.012384
1403636721.76356 4.613826 -5.954870 -1.113218 0.814661 -0.031682 0.578852 0.015966
1403636721.81356 4.595785 -5.954237 -1.116721 0.814473 -0.033236 0.578988 0.017379
1403636721.86356 4.577551 -5.953752 -1.121494 0.814098 -0.034627 0.579423 0.017741
1403636721.91356 4.559616 -5.953004 -1.126781 0.814040 -0.035076 0.579453 0.018489
1403636721.96356 4.541630 -5.952445 -1.132778 0.814032 -0.033406 0.579479 0.020976
1403636722.01356 4.523533 -5.951755 -1.137576 0.814138 -0.031263 0.579337 0.023877
1403636722.06356 4.505194 -5.950814 -1.140866 0.814253 -0.029063 0.579188 0.026225
1403636722.11356 4.486687 -5.949456 -1.142325 0.814481 -0.027944 0.578924 0.026193
1403636722.16356 4.467985 -5.947460 -1.141907 0.814778 -0.028276 0.578566 0.024453
1403636722.21356 4.449231 -5.945194 -1.139509 0.814953 -0.028337 0.578384 0.022812
1403636722.26356 4.430471 -5.942443 -1.135910 0.815343 -0.028598 0.577896 0.020864
1403636722.36356 4.394614 -5.936943 -1.129907 0.815399 -0.029141 0.577888 0.017910
1403636722.41356 4.375749 -5.934232 -1.128475 0.815552 -0.030090 0.577592 0.018883
1403636722.46356 4.356471 -5.931390 -1.128733 0.815176 -0.031920 0.577971 0.020473
1403636722.51356 4.337895 -5.928527 -1.129992 0.814988 -0.034306 0.578062 0.021502
1403636722.56356 4.319271 -5.925333 -1.131915 0.815059 -0.036168 0.577793 0.022935
1403636722.61356 4.300621 -5.922018 -1.134776 0.815138 -0.036732 0.577548 0.025276
1403636722.66356 4.281940 -5.918443 -1.138434 0.815357 -0.037758 0.577103 0.026815
1403636722.71356 4.263260 -5.914596 -1.142265 0.815103 -0.038396 0.577347 0.028361
1403636722.76356 4.244674 -5.910336 -1.146332 0.815385 -0.038568 0.576841 0.030238
1403636722.81356 4.225950 -5.905709 -1.149391 0.815856 -0.038621 0.576107 0.031428
1403636722.86356 4.207018 -5.900651 -1.150079 0.815834 -0.038542 0.576073 0.032690
1403636722.91356 4.188493 -5.894106 -1.149515 0.815990 -0.039532 0.575819 0.032093
1403636722.96356 4.169549 -5.887926 -1.147320 0.816286 -0.040301 0.575401 0.031078
1403636723.01356 4.150224 -5.880770 -1.142899 0.816004 -0.041375 0.575816 0.029365
1403636723.06356 4.131746 -5.874252 -1.137177 0.815463 -0.042697 0.576583 0.027357
1403636723.11356 4.113614 -5.867743 -1.131017 0.815336 -0.043261 0.576763 0.026468
1403636723.16356 4.101167 -5.864072 -1.115856 0.815418 -0.043574 0.576634 0.026236
1403636723.21356 4.082968 -5.856976 -1.111763 0.815497 -0.044075 0.576496 0.025962
1403636723.26356 4.064808 -5.849795 -1.108633 0.816030 -0.043500 0.575733 0.027114
1403636723.31356 4.046828 -5.842690 -1.106305 0.815933 -0.042466 0.575833 0.029421
1403636723.36356 4.028800 -5.835968 -1.105352 0.815884 -0.043319 0.575737 0.031365
1403636723.41356 4.010795 -5.829325 -1.105021 0.815433 -0.044762 0.576029 0.035429
1403636723.46356 3.992953 -5.822742 -1.104755 0.814104 -0.046887 0.577394 0.040651
1403636723.51356 3.975244 -5.815903 -1.104484 0.811514 -0.051531 0.580368 0.044312
1403636723.56356 3.958618 -5.808363 -1.102248 0.807378 -0.057322 0.585439 0.046007
1403636723.61356 3.941416 -5.800954 -1.097910 0.803232 -0.062525 0.590466 0.047533
1403636723.66356 3.923335 -5.792823 -1.093340 0.802210 -0.067156 0.591204 0.049252
1403636723.71356 3.904483 -5.784085 -1.087905 0.804096 -0.070675 0.588050 0.051310
1403636723.76356 3.881093 -5.774026 -1.081211 0.806446 -0.074536 0.584183 0.053105
1403636723.81356 3.860299 -5.764164 -1.075560 0.808939 -0.078471 0.580188 0.053316
1403636723.86356 3.839180 -5.754231 -1.070604 0.810741 -0.081585 0.577175 0.053953
1403636723.91356 3.817901 -5.744109 -1.067065 0.812552 -0.084490 0.574175 0.054261
1403636723.96356 3.796425 -5.734076 -1.065245 0.814795 -0.087348 0.570544 0.054390
1403636724.01356 3.775617 -5.724702 -1.064914 0.816941 -0.090117 0.566871 0.056066
1403636724.06356 3.755236 -5.715866 -1.065473 0.818483 -0.094172 0.563751 0.058335
1403636724.11356 3.735051 -5.707744 -1.067955 0.820043 -0.099014 0.560280 0.061735
1403636724.16356 3.716257 -5.701147 -1.071359 0.819481 -0.104094 0.559622 0.066614
1403636724.21356 3.697238 -5.694559 -1.076037 0.819299 -0.111051 0.558086 0.070406
1403636724.26356 3.679266 -5.687948 -1.081031 0.818230 -0.118162 0.557482 0.075842
1403636724.31356 3.661932 -5.681557 -1.086182 0.816476 -0.125056 0.557623 0.082366
1403636724.36356 3.640474 -5.673677 -1.094573 0.813996 -0.132506 0.558574 0.088587
1403636724.41356 3.624016 -5.667430 -1.098375 0.810982 -0.139711 0.560128 0.095110
1403636724.46356 3.607864 -5.660927 -1.100812 0.808639 -0.146236 0.560994 0.100018
1403636724.51356 3.592402 -5.654269 -1.101528 0.806030 -0.150889 0.562516 0.105468
1403636724.56356 3.576756 -5.646712 -1.100973 0.803771 -0.155192 0.563846 0.109296
1403636724.61356 3.561085 -5.638998 -1.098727 0.802717 -0.158924 0.563659 0.112587
1403636724.66356 3.545798 -5.630838 -1.093807 0.801687 -0.161678 0.563851 0.115024
1403636724.71356 3.530712 -5.622029 -1.086906 0.801207 -0.164194 0.563498 0.116525
1403636724.76356 3.515892 -5.612883 -1.077900 0.801129 -0.166150 0.562825 0.117535
1403636724.81356 3.501607 -5.603039 -1.066538 0.801413 -0.167417 0.561948 0.117997
1403636724.86356 3.487691 -5.592982 -1.053734 0.801818 -0.168505 0.561158 0.117458
1403636724.91356 3.474263 -5.582757 -1.039242 0.802113 -0.169662 0.560762 0.115658
1403636724.96356 3.463926 -5.574161 -1.023037 0.802425 -0.170855 0.560479 0.113077
1403636725.01356 3.451484 -5.564319 -1.005717 0.802370 -0.171921 0.560834 0.110049
1403636725.06356 3.439079 -5.554756 -0.986257 0.801989 -0.172642 0.561624 0.107640
1403636725.11356 3.426743 -5.545720 -0.965702 0.802150 -0.173098 0.561660 0.105501
1403636725.16356 3.415273 -5.537180 -0.944205 0.802637 -0.173671 0.561177 0.103407
1403636725.21356 3.403713 -5.529142 -0.923215 0.802721 -0.172775 0.561292 0.103628
1403636725.26356 3.392270 -5.521574 -0.903531 0.803041 -0.172424 0.561102 0.102755
1403636725.31356 3.381132 -5.515379 -0.885650 0.803582 -0.171034 0.560440 0.104451
1403636725.36356 3.369856 -5.509104 -0.868764 0.803811 -0.170156 0.560238 0.105208
1403636725.41356 3.358837 -5.502608 -0.852714 0.803816 -0.168911 0.560317 0.106741
1403636725.46356 3.347723 -5.497166 -0.838925 0.803850 -0.168428 0.560289 0.107398
1403636725.51356 3.337971 -5.492722 -0.826541 0.804061 -0.167477 0.560027 0.108659
1403636725.56356 3.328043 -5.487267 -0.814423 0.804534 -0.167256 0.559257 0.109465
1403636725.61356 3.317859 -5.482340 -0.804560 0.804552 -0.166492 0.559200 0.110780
1403636725.66356 3.308202 -5.477526 -0.796094 0.803567 -0.166387 0.560569 0.111166
1403636725.71356 3.298805 -5.472568 -0.788977 0.803294 -0.166853 0.560874 0.110901
1403636725.76356 3.289780 -5.467650 -0.783342 0.803548 -0.166796 0.560542 0.110825
1403636725.81356 3.281042 -5.462790 -0.779119 0.803359 -0.166511 0.560874 0.110946
1403636725.86356 3.272603 -5.457991 -0.776489 0.804200 -0.166824 0.559766 0.109975
1403636725.91356 3.264771 -5.453400 -0.774874 0.803947 -0.167728 0.560234 0.108052
1403636725.96356 3.257297 -5.448877 -0.774498 0.804272 -0.167767 0.559929 0.107145
1403636726.01356 3.250315 -5.444646 -0.775193 0.803721 -0.167816 0.560859 0.106335
1403636726.06356 3.243893 -5.440803 -0.777152 0.803653 -0.166841 0.561176 0.106712
1403636726.11356 3.237814 -5.437187 -0.780318 0.803607 -0.165773 0.561415 0.107462
1403636726.16356 3.232410 -5.433164 -0.784809 0.802667 -0.164667 0.562961 0.108102
1403636726.21356 3.226800 -5.429698 -0.790207 0.802335 -0.163970 0.563645 0.108059
1403636726.26356 3.221208 -5.426035 -0.795796 0.802405 -0.162843 0.563775 0.108564
1403636726.31356 3.215720 -5.422238 -0.800393 0.802270 -0.162198 0.564241 0.108109
1403636726.36356 3.210927 -5.418553 -0.803409 0.801734 -0.161131 0.565217 0.108579
1403636726.41356 3.206856 -5.414871 -0.803919 0.801584 -0.160307 0.565735 0.108206
1403636726.46356 3.203311 -5.411203 -0.802518 0.801180 -0.159919 0.566599 0.107245
1403636726.51356 3.200064 -5.407452 -0.799972 0.800729 -0.160795 0.567439 0.104836
1403636726.56356 3.196922 -5.403805 -0.795527 0.799362 -0.164049 0.569514 0.098808
1403636726.61356 3.193070 -5.400249 -0.789888 0.797920 -0.168517 0.571487 0.091261
1403636726.66356 3.188799 -5.397437 -0.782958 0.795660 -0.172180 0.574512 0.084945
1403636726.71356 3.182878 -5.395675 -0.774784 0.795550 -0.172459 0.574711 0.084052
1403636726.76356 3.172283 -5.395010 -0.766455 0.795426 -0.170126 0.575129 0.087068
1403636726.81356 3.165230 -5.395439 -0.753631 0.796024 -0.166339 0.574714 0.091550
1403636726.86356 3.156675 -5.395950 -0.739234 0.796689 -0.161226 0.574623 0.095402
1403636726.91356 3.147007 -5.396383 -0.723977 0.797567 -0.156897 0.574179 0.097924
1403636726.96356 3.136454 -5.396779 -0.707513 0.798260 -0.153417 0.573930 0.099241
1403636727.01356 3.125807 -5.397338 -0.689620 0.798495 -0.151289 0.574124 0.099495
1403636727.06356 3.114559 -5.397817 -0.671495 0.798720 -0.148899 0.574218 0.100739
1403636727.11356 3.102711 -5.398179 -0.654275 0.799373 -0.146707 0.573702 0.101717
1403636727.16356 3.090246 -5.398277 -0.638375 0.800256 -0.144315 0.572744 0.103572
1403636727.21356 3.077799 -5.397356 -0.624088 0.800963 -0.142164 0.571955 0.105433
1403636727.26356 3.064986 -5.396320 -0.611090 0.801609 -0.140186 0.571190 0.107300
1403636727.31356 3.051976 -5.394530 -0.599273 0.802249 -0.138324 0.570325 0.109511
1403636727.36356 3.037987 -5.392594 -0.588067 0.803353 -0.137706 0.568831 0.109963
1403636727.41356 3.024930 -5.389137 -0.577718 0.803559 -0.136982 0.568573 0.110698
1403636727.46356 3.012086 -5.384992 -0.567933 0.803563 -0.136291 0.568551 0.111629
1403636727.51356 2.999144 -5.379905 -0.557792 0.802488 -0.137306 0.570114 0.110142
1403636727.56356 2.986345 -5.374002 -0.546693 0.801331 -0.139362 0.571796 0.107223
1403636727.61356 2.973216 -5.367322 -0.534249 0.800326 -0.139969 0.573200 0.106432
1403636727.66356 2.959916 -5.360282 -0.520417 0.799957 -0.141242 0.573746 0.104567
1403636727.71356 2.947035 -5.352944 -0.504388 0.800886 -0.141284 0.572396 0.104796
1403636727.76356 2.934353 -5.345127 -0.486341 0.801346 -0.140707 0.571742 0.105625
1403636727.81356 2.921509 -5.336463 -0.466832 0.801849 -0.139727 0.571078 0.106696
1403636727.86356 2.907922 -5.327553 -0.445691 0.802766 -0.137061 0.569597 0.111090
1403636727.91356 2.894115 -5.317618 -0.424579 0.803101 -0.134413 0.568946 0.115160
1403636727.96356 2.880639 -5.306505 -0.404337 0.803223 -0.133724 0.568725 0.116199
1403636728.01356 2.867028 -5.294461 -0.386398 0.803283 -0.134714 0.568618 0.115160
1403636728.06356 2.853660 -5.281516 -0.370007 0.803248 -0.135886 0.568687 0.113677
1403636728.11356 2.840380 -5.267821 -0.355108 0.802038 -0.137917 0.570454 0.110886
1403636728.16356 2.826996 -5.253441 -0.341667 0.801176 -0.139185 0.571551 0.109884
1403636728.21356 2.813518 -5.238230 -0.329623 0.800367 -0.140285 0.572697 0.108399
1403636728.26356 2.799895 -5.222480 -0.319163 0.799865 -0.141094 0.573355 0.107577
1403636728.31356 2.786129 -5.206087 -0.310580 0.799819 -0.142172 0.573380 0.106361
1403636728.36356 2.772233 -5.189285 -0.303551 0.800018 -0.142213 0.573018 0.106755
1403636728.41356 2.758297 -5.171809 -0.298434 0.799952 -0.144628 0.573160 0.103187
1403636728.46356 2.744553 -5.154096 -0.294698 0.799027 -0.148482 0.574362 0.098068
1403636728.51356 2.730061 -5.136470 -0.292532 0.798509 -0.153023 0.574910 0.091902
1403636728.56356 2.716928 -5.118177 -0.290607 0.798523 -0.154725 0.574980 0.088421
1403636728.61356 2.702352 -5.101571 -0.289941 0.798266 -0.154667 0.575775 0.085633
1403636728.66356 2.686995 -5.085560 -0.289141 0.799542 -0.149911 0.575069 0.086924
1403636728.71356 2.671561 -5.069855 -0.287249 0.800595 -0.143053 0.575122 0.088418
1403636728.76356 2.656431 -5.054165 -0.283488 0.802035 -0.135173 0.575023 0.088406
1403636728.81356 2.641137 -5.038385 -0.277983 0.803656 -0.126344 0.574868 0.087755
1403636728.86356 2.625410 -5.022113 -0.270695 0.804764 -0.118661 0.575238 0.085877
1403636728.91356 2.609686 -5.005641 -0.262465 0.805006 -0.111342 0.576629 0.084060
1403636728.96356 2.594242 -4.988875 -0.255319 0.805174 -0.105924 0.577798 0.081387
1403636729.01356 2.578511 -4.971864 -0.249041 0.805010 -0.100915 0.579270 0.078882
1403636729.06356 2.562572 -4.954523 -0.244208 0.804577 -0.096285 0.580885 0.077191
1403636729.11356 2.545975 -4.936916 -0.240501 0.804395 -0.092815 0.582000 0.074895
1403636729.16356 2.529353 -4.919023 -0.238339 0.804858 -0.089948 0.581987 0.073508
1403636729.21356 2.511995 -4.900752 -0.237646 0.806315 -0.088348 0.580467 0.071476
1403636729.26356 2.494791 -4.882093 -0.238319 0.806985 -0.087938 0.579979 0.068313
1403636729.31356 2.477058 -4.863305 -0.239723 0.807303 -0.086753 0.579809 0.067504
1403636729.36356 2.458693 -4.844013 -0.241935 0.807312 -0.086424 0.580013 0.066056
1403636729.41356 2.439990 -4.824779 -0.243834 0.806952 -0.085588 0.580648 0.065971
1403636729.46356 2.421492 -4.806117 -0.244932 0.806874 -0.085146 0.580848 0.065733
1403636729.51356 2.401149 -4.785935 -0.244006 0.806906 -0.084951 0.580893 0.065193
1403636729.56356 2.380559 -4.765753 -0.241577 0.807224 -0.085123 0.580505 0.064483
1403636729.61356 2.360534 -4.745324 -0.237012 0.807742 -0.085102 0.579813 0.064248
1403636729.66356 2.339968 -4.724567 -0.231168 0.808049 -0.085374 0.579375 0.063976
1403636729.71356 2.319550 -4.703700 -0.224478 0.807819 -0.086158 0.579704 0.062830
1403636729.76356 2.298292 -4.682269 -0.217076 0.808933 -0.086306 0.578071 0.063352
1403636729.81356 2.277933 -4.661602 -0.210467 0.810089 -0.087165 0.576353 0.063059
1403636729.86356 2.256401 -4.640610 -0.204999 0.811674 -0.087320 0.574043 0.063524
1403636729.91356 2.235057 -4.619275 -0.201074 0.812545 -0.088944 0.572732 0.061940
1403636729.96356 2.214112 -4.598083 -0.198334 0.813612 -0.088532 0.571190 0.062774
1403636730.01356 2.193408 -4.576736 -0.196284 0.814451 -0.089386 0.569945 0.061994
1403636730.06356 2.174943 -4.556237 -0.197927 0.814924 -0.089363 0.569301 0.061720
1403636730.11356 2.154792 -4.534817 -0.198076 0.815331 -0.089090 0.568806 0.061312
1403636730.16356 2.135071 -4.513464 -0.199376 0.815152 -0.089758 0.569050 0.060442
1403636730.21356 2.115628 -4.492234 -0.201717 0.815887 -0.089274 0.568012 0.061001
1403636730.26356 2.096619 -4.471239 -0.204913 0.815956 -0.088915 0.567979 0.060912
1403636730.31356 2.078001 -4.450447 -0.208743 0.815549 -0.089946 0.568583 0.059191
1403636730.36356 2.059019 -4.429861 -0.213293 0.815856 -0.089827 0.568203 0.058789
1403636730.41356 2.040663 -4.409410 -0.218259 0.816655 -0.089302 0.567101 0.059124
1403636730.46356 2.022724 -4.389154 -0.221693 0.818727 -0.089590 0.564160 0.058166
1403636730.51356 2.005277 -4.369164 -0.223477 0.820981 -0.089008 0.560901 0.058812
1403636730.56356 1.989982 -4.349981 -0.223413 0.823296 -0.089682 0.557515 0.057594
1403636730.61356 1.975861 -4.330786 -0.221492 0.824897 -0.090084 0.555163 0.056778
1403636730.66356 1.963942 -4.312645 -0.217340 0.825723 -0.090558 0.553917 0.056195
1403636730.71356 1.953877 -4.294525 -0.211043 0.826278 -0.090536 0.553143 0.055687
1403636730.76356 1.945251 -4.276495 -0.202905 0.826952 -0.090364 0.552107 0.056238
1403636730.81356 1.936294 -4.258705 -0.192646 0.827207 -0.089982 0.551787 0.056252
1403636730.86356 1.927761 -4.241182 -0.181236 0.827449 -0.091471 0.551355 0.054484
1403636730.91356 1.919884 -4.223876 -0.170370 0.827569 -0.093920 0.551051 0.051493
1403636730.96356 1.912747 -4.207065 -0.160569 0.826454 -0.097092 0.552541 0.047377
1403636731.01356 1.906672 -4.191076 -0.152154 0.825243 -0.100544 0.554064 0.043330
1403636731.06356 1.901982 -4.176266 -0.144734 0.821583 -0.104591 0.559106 0.038236
1403636731.11356 1.897975 -4.162927 -0.138495 0.817470 -0.107029 0.564801 0.035877
1403636731.16356 1.894148 -4.151263 -0.133823 0.814259 -0.108248 0.569254 0.034843
1403636731.21356 1.890532 -4.141175 -0.130409 0.812139 -0.107382 0.572303 0.036998
1403636731.26356 1.886913 -4.132681 -0.128057 0.810476 -0.105093 0.574807 0.041003
1403636731.31356 1.883043 -4.125351 -0.126952 0.809767 -0.102302 0.575928 0.046019
1403636731.36356 1.879188 -4.118834 -0.127003 0.809693 -0.100120 0.576100 0.049828
1403636731.41356 1.874939 -4.113078 -0.128325 0.810615 -0.097328 0.574878 0.054280
1403636731.46356 1.870728 -4.107403 -0.130213 0.810361 -0.096466 0.575242 0.055730
1403636731.51356 1.865903 -4.101748 -0.133184 0.810781 -0.097303 0.574607 0.054711
1403636731.56356 1.860714 -4.096579 -0.136883 0.810801 -0.099685 0.574520 0.050906
1403636731.61356 1.855106 -4.091821 -0.141068 0.810427 -0.101570 0.574933 0.048407
1403636731.66356 1.848794 -4.088027 -0.146333 0.810323 -0.103045 0.575005 0.046135
1403636731.71356 1.842661 -4.085002 -0.152587 0.810226 -0.102874 0.575122 0.046744
1403636731.76356 1.835978 -4.083047 -0.159678 0.810662 -0.101070 0.574609 0.049365
1403636731.81356 1.828815 -4.081428 -0.167650 0.810772 -0.099875 0.574520 0.050995
1403636731.86356 1.821157 -4.079977 -0.175873 0.811100 -0.098273 0.574155 0.052961
1403636731.91356 1.814336 -4.079394 -0.185737 0.811069 -0.096852 0.574336 0.054088
1403636731.96356 1.807568 -4.078843 -0.196444 0.810662 -0.096479 0.574956 0.054260
1403636732.01356 1.800545 -4.078517 -0.208024 0.810600 -0.095845 0.575121 0.054559
1403636732.06356 1.793185 -4.078474 -0.220267 0.809800 -0.094990 0.576324 0.055243
1403636732.11356 1.785538 -4.078420 -0.234012 0.809701 -0.095221 0.576483 0.054638
1403636732.16356 1.776717 -4.078442 -0.248379 0.809722 -0.094253 0.576558 0.055209
1403636732.21356 1.768356 -4.078732 -0.261971 0.808854 -0.093670 0.577832 0.055597
1403636732.26356 1.759750 -4.079724 -0.274316 0.808541 -0.092194 0.578372 0.056983
1403636732.31356 1.749595 -4.080481 -0.285000 0.807980 -0.092470 0.579224 0.055822
1403636732.36356 1.738907 -4.081149 -0.293953 0.808479 -0.090828 0.578582 0.057916
1403636732.41356 1.728052 -4.081827 -0.299718 0.807842 -0.088077 0.579494 0.061814
1403636732.46356 1.716957 -4.082487 -0.302876 0.806850 -0.083515 0.580853 0.068028
1403636732.51356 1.704715 -4.082149 -0.303807 0.805619 -0.078017 0.582413 0.075409
1403636732.56356 1.692137 -4.080672 -0.303518 0.804163 -0.073919 0.584245 0.080724
1403636732.61356 1.679267 -4.077744 -0.301674 0.802588 -0.070489 0.586227 0.084977
1403636732.66356 1.665985 -4.072756 -0.299075 0.801129 -0.070189 0.588328 0.084478
1403636732.71356 1.651911 -4.065970 -0.295340 0.799894 -0.072124 0.590253 0.081045
1403636732.76356 1.638933 -4.057623 -0.290541 0.799593 -0.074665 0.590921 0.076732
1403636732.81356 1.623629 -4.048060 -0.283814 0.798873 -0.077300 0.592128 0.072189
1403636732.86356 1.607260 -4.037546 -0.277751 0.798706 -0.078341 0.592431 0.070404
1403636732.91356 1.589912 -4.026000 -0.273048 0.799276 -0.078898 0.591742 0.069097
1403636732.96356 1.571572 -4.013415 -0.270182 0.800516 -0.079451 0.590140 0.067802
1403636733.01356 1.552398 -3.999988 -0.268867 0.802233 -0.079582 0.587886 0.066923
1403636733.06356 1.532822 -3.986073 -0.267812 0.803879 -0.079589 0.585672 0.066571
1403636733.11356 1.513041 -3.971461 -0.265483 0.806204 -0.079862 0.582532 0.065674
1403636733.16356 1.492682 -3.956146 -0.260340 0.806468 -0.078085 0.582129 0.068101
1403636733.21356 1.472317 -3.940008 -0.253872 0.807313 -0.077837 0.581023 0.067816
1403636733.26356 1.451517 -3.923188 -0.245727 0.807846 -0.076891 0.580364 0.068193
1403636733.31356 1.430151 -3.905772 -0.237166 0.808150 -0.077687 0.580044 0.066392
1403636733.36356 1.409880 -3.887331 -0.227598 0.809377 -0.078650 0.578431 0.064344
1403636733.41356 1.388733 -3.868549 -0.216286 0.810841 -0.079334 0.576509 0.062291
1403636733.46356 1.367754 -3.849506 -0.203198 0.811753 -0.081069 0.575229 0.059968
1403636733.51356 1.347266 -3.830198 -0.189404 0.812994 -0.081276 0.573510 0.059336
1403636733.56356 1.326846 -3.810590 -0.176436 0.813842 -0.081891 0.572311 0.058434
1403636733.61356 1.306188 -3.791161 -0.163981 0.814726 -0.081051 0.571133 0.058818
1403636733.66356 1.285497 -3.771417 -0.152922 0.815353 -0.082236 0.570224 0.057281
1403636733.71356 1.264983 -3.751752 -0.143436 0.816069 -0.082017 0.569235 0.057229
1403636733.76356 1.244931 -3.732017 -0.135263 0.816329 -0.081392 0.568896 0.057783
1403636733.81356 1.225255 -3.712090 -0.129121 0.817472 -0.081743 0.567272 0.057101
1403636733.86356 1.205525 -3.692052 -0.123870 0.818022 -0.081681 0.566504 0.056929
1403636733.91356 1.185970 -3.672104 -0.119563 0.817478 -0.080612 0.567298 0.058343
1403636733.96356 1.166893 -3.652026 -0.116053 0.816427 -0.078652 0.568775 0.061289
1403636734.01356 1.148193 -3.631753 -0.113222 0.814643 -0.077740 0.571308 0.062621
1403636734.06356 1.129629 -3.611154 -0.111410 0.813198 -0.077890 0.573276 0.063227
1403636734.11356 1.111928 -3.590560 -0.110868 0.811886 -0.079103 0.575036 0.062588
1403636734.16356 1.093311 -3.569429 -0.108813 0.811453 -0.079535 0.575592 0.062548
1403636734.21356 1.074693 -3.547720 -0.105472 0.811240 -0.080359 0.575934 0.061089
1403636734.26356 1.055350 -3.525624 -0.099718 0.810835 -0.080646 0.576619 0.059615
1403636734.31356 1.035012 -3.503282 -0.092744 0.811470 -0.081457 0.575789 0.057861
1403636734.36356 1.015033 -3.481028 -0.083908 0.812291 -0.081898 0.574696 0.056567
1403636734.41356 0.995062 -3.459721 -0.073876 0.813148 -0.082544 0.573564 0.054777
1403636734.46356 0.974920 -3.437947 -0.062623 0.814283 -0.082396 0.572039 0.054089
1403636734.51356 0.954634 -3.416470 -0.051124 0.815214 -0.082405 0.570799 0.053148
1403636734.56356 0.934826 -3.395196 -0.041254 0.816543 -0.082329 0.568971 0.052447
1403636734.61356 0.914978 -3.373946 -0.032407 0.817707 -0.082261 0.567387 0.051574
1403636734.66356 0.895427 -3.352863 -0.024753 0.818856 -0.081535 0.565801 0.051922
1403636734.71356 0.876443 -3.331900 -0.018734 0.819406 -0.080634 0.565119 0.052084
1403636734.76356 0.857831 -3.311289 -0.014373 0.819325 -0.079320 0.565366 0.052697
1403636734.81356 0.839684 -3.290719 -0.012495 0.819958 -0.079098 0.564538 0.052049
1403636734.86356 0.821988 -3.270381 -0.011000 0.820069 -0.078621 0.564496 0.051484
1403636734.91356 0.804858 -3.250373 -0.010963 0.820224 -0.078480 0.564369 0.050612
1403636734.96356 0.789192 -3.231257 -0.014857 0.820303 -0.078696 0.564286 0.049908
1403636735.01356 0.773971 -3.211898 -0.017160 0.820284 -0.077875 0.564358 0.050689
1403636735.06356 0.759177 -3.192570 -0.020047 0.819928 -0.078191 0.564890 0.050039
1403636735.11356 0.744517 -3.173277 -0.023028 0.819841 -0.078816 0.564978 0.049481
1403636735.16356 0.730299 -3.154523 -0.025387 0.819864 -0.079633 0.564921 0.048434
1403636735.21356 0.716459 -3.135880 -0.025454 0.820351 -0.080531 0.564132 0.047898
1403636735.31356 0.692711 -3.099513 -0.019944 0.821610 -0.083387 0.562030 0.046113
1403636735.36356 0.679432 -3.081907 -0.016189 0.822063 -0.084740 0.561188 0.045816
1403636735.41356 0.669577 -3.064300 -0.007346 0.821081 -0.085474 0.562421 0.046941
1403636735.46356 0.660717 -3.047496 0.005316 0.820260 -0.087398 0.563310 0.047084
1403636735.51356 0.651886 -3.030875 0.018708 0.819586 -0.088307 0.563983 0.049025
1403636735.56356 0.643130 -3.014337 0.033580 0.818621 -0.089358 0.565074 0.050668
1403636735.61356 0.633520 -2.997423 0.048920 0.817870 -0.090092 0.565882 0.052435
1403636735.66356 0.625452 -2.981583 0.063402 0.817533 -0.091114 0.566043 0.054165
1403636735.71356 0.617273 -2.965755 0.076383 0.817859 -0.092582 0.565306 0.054449
1403636735.76356 0.609568 -2.950573 0.087993 0.818082 -0.092969 0.564757 0.056106
1403636735.81356 0.601939 -2.935723 0.098389 0.817799 -0.094337 0.564952 0.055985
1403636735.86356 0.594552 -2.921366 0.107203 0.817375 -0.094580 0.565457 0.056662
1403636735.91356 0.587565 -2.907680 0.114511 0.817092 -0.094788 0.565826 0.056716
1403636735.96356 0.577697 -2.893680 0.115866 0.816932 -0.094510 0.566022 0.057522
1403636736.01356 0.571698 -2.881324 0.122238 0.816617 -0.092543 0.566809 0.057434
1403636736.06356 0.567040 -2.868767 0.129408 0.816539 -0.089410 0.567541 0.056271
1403636736.11356 0.562506 -2.855883 0.138605 0.815669 -0.085951 0.569627 0.053127
1403636736.16356 0.557876 -2.842908 0.149612 0.815029 -0.080779 0.571591 0.049872
1403636736.21356 0.552507 -2.829884 0.162609 0.814420 -0.075572 0.573502 0.045872
1403636736.26356 0.547020 -2.817127 0.176213 0.814413 -0.070320 0.574444 0.042446
1403636736.31356 0.541352 -2.804632 0.189678 0.814522 -0.065219 0.575075 0.039851
1403636736.36356 0.535791 -2.792240 0.201405 0.814740 -0.060520 0.575413 0.037900
1403636736.41356 0.530117 -2.780075 0.211797 0.815073 -0.056633 0.575459 0.036001
1403636736.46356 0.524610 -2.768277 0.221150 0.815246 -0.051464 0.575632 0.037068
1403636736.51356 0.519117 -2.756272 0.228445 0.815073 -0.046268 0.576179 0.039146
1403636736.56356 0.516939 -2.746735 0.233679 0.814997 -0.041752 0.576504 0.040987
1403636736.61356 0.512218 -2.735907 0.237344 0.814920 -0.038179 0.576736 0.042692
1403636736.66356 0.505583 -2.722488 0.240304 0.814554 -0.036287 0.577372 0.042738
1403636736.71356 0.498724 -2.708089 0.242473 0.814249 -0.034576 0.577881 0.043081
1403636736.76356 0.491595 -2.692675 0.243548 0.814768 -0.033481 0.577217 0.043047
1403636736.81356 0.484369 -2.676157 0.244398 0.814263 -0.032073 0.577994 0.043244
1403636736.86356 0.476701 -2.658822 0.244289 0.814096 -0.032227 0.578352 0.041442
1403636736.91356 0.468960 -2.640756 0.243557 0.814758 -0.031018 0.577485 0.041449
1403636736.96356 0.461156 -2.621299 0.242285 0.814792 -0.031517 0.577581 0.038996
1403636737.01356 0.452991 -2.600936 0.240459 0.814973 -0.032819 0.577499 0.035172
1403636737.06356 0.444666 -2.580311 0.237896 0.814720 -0.033627 0.578011 0.031663
1403636737.11356 0.436365 -2.559381 0.234407 0.814187 -0.035034 0.578906 0.027213
1403636737.16356 0.432028 -2.538195 0.230351 0.814398 -0.034615 0.578715 0.025428
1403636737.21356 0.424666 -2.518087 0.224457 0.814499 -0.034321 0.578672 0.023494
1403636737.26356 0.415201 -2.497456 0.217688 0.814883 -0.034843 0.578215 0.020456
1403636737.31356 0.405984 -2.476877 0.210337 0.816226 -0.033585 0.576405 0.020122
1403636737.36356 0.396720 -2.456339 0.204049 0.817318 -0.033417 0.574926 0.018284
1403636737.41356 0.386686 -2.435757 0.199674 0.818660 -0.032327 0.573097 0.017619
1403636737.46356 0.376680 -2.415616 0.197164 0.820072 -0.031561 0.571144 0.016736
1403636737.51356 0.367812 -2.395963 0.197063 0.821186 -0.030207 0.569606 0.017027
1403636737.56356 0.359515 -2.376447 0.198378 0.821709 -0.030715 0.568877 0.015142
1403636737.61356 0.351600 -2.357418 0.201152 0.822283 -0.031690 0.568048 0.012939
1403636737.66356 0.343964 -2.339150 0.205481 0.822954 -0.033491 0.567041 0.009481
1403636737.71356 0.336917 -2.321660 0.211266 0.823737 -0.035371 0.565828 0.006693
1403636737.76356 0.337208 -2.306144 0.218880 0.824016 -0.036685 0.565358 0.004667
1403636737.81356 0.333882 -2.292372 0.227761 0.824282 -0.038463 0.564866 0.002549
1403636737.86356 0.328586 -2.278394 0.239405 0.824266 -0.039622 0.564814 0.001479
1403636737.91356 0.324209 -2.265478 0.252844 0.824279 -0.040067 0.564762 0.001232
1403636737.96356 0.320864 -2.254099 0.268872 0.824047 -0.040701 0.565056 0.001026
1403636738.01356 0.318252 -2.243490 0.286799 0.823771 -0.041125 0.565426 0.001781
1403636738.06356 0.315566 -2.234058 0.306119 0.823942 -0.041267 0.565161 0.002986
1403636738.11356 0.313592 -2.225665 0.325781 0.823271 -0.039805 0.566217 0.006217
1403636738.16356 0.311784 -2.217185 0.344233 0.822562 -0.039705 0.567234 0.007766
1403636738.21356 0.309916 -2.209008 0.361010 0.821908 -0.039339 0.568175 0.009853
1403636738.26356 0.308523 -2.201133 0.375739 0.821782 -0.039958 0.568300 0.010637
1403636738.31356 0.307812 -2.193732 0.388818 0.821837 -0.040094 0.568188 0.011789
1403636738.36356 0.308951 -2.186089 0.399319 0.821952 -0.041074 0.567938 0.012392
1403636738.41356 0.310633 -2.181430 0.407739 0.822106 -0.041705 0.567658 0.012893
1403636738.46356 0.311144 -2.176587 0.416107 0.822274 -0.042954 0.567285 0.014460
1403636738.51356 0.312195 -2.172513 0.422570 0.822714 -0.046224 0.566342 0.016187
1403636738.56356 0.313826 -2.169282 0.426990 0.823417 -0.050750 0.564848 0.018834
1403636738.61356 0.315964 -2.167210 0.429525 0.824008 -0.056916 0.563302 0.021480
1403636738.66356 0.318620 -2.166256 0.430513 0.823705 -0.063933 0.562816 0.025691
1403636738.71356 0.321683 -2.166313 0.430160 0.822704 -0.072452 0.563038 0.029954
1403636738.76356 0.324927 -2.167279 0.428031 0.820265 -0.081650 0.565033 0.035157
1403636738.81356 0.328294 -2.169143 0.424242 0.817688 -0.092184 0.566811 0.040165
1403636738.86356 0.331909 -2.172378 0.418683 0.814506 -0.103484 0.569069 0.045073
1403636738.91356 0.335298 -2.176490 0.411411 0.812051 -0.115001 0.569877 0.050876
1403636738.96356 0.338578 -2.181520 0.403017 0.809497 -0.127664 0.570352 0.055816
1403636739.01356 0.341941 -2.187886 0.392938 0.806596 -0.140914 0.570813 0.060981
1403636739.06356 0.344622 -2.195417 0.381843 0.804130 -0.154202 0.570194 0.066900
1403636739.11356 0.346613 -2.204832 0.369891 0.801743 -0.165556 0.569219 0.076093
1403636739.16356 0.348193 -2.215703 0.356674 0.800147 -0.175356 0.566911 0.087335
1403636739.21356 0.348965 -2.227805 0.342513 0.797589 -0.185380 0.565448 0.098761
1403636739.26356 0.348581 -2.240851 0.327841 0.795486 -0.194673 0.562960 0.111269
1403636739.31356 0.347775 -2.254206 0.312054 0.793001 -0.203357 0.560701 0.124138
1403636739.36356 0.346362 -2.268296 0.296100 0.790702 -0.211536 0.557815 0.137424
1403636739.41356 0.344927 -2.282148 0.281453 0.788353 -0.220331 0.554898 0.148469
1403636739.46356 0.343322 -2.295703 0.268884 0.785617 -0.229402 0.552269 0.158681
1403636739.51356 0.342060 -2.308393 0.258697 0.782820 -0.239661 0.549663 0.166208
1403636739.56356 0.341188 -2.319565 0.251851 0.779105 -0.249597 0.548895 0.171495
1403636739.61356 0.340400 -2.330093 0.246918 0.776233 -0.258285 0.547778 0.175189
1403636739.66356 0.339737 -2.340589 0.243628 0.774785 -0.264531 0.545420 0.179580
1403636739.71356 0.339041 -2.350783 0.241350 0.772716 -0.269421 0.544904 0.182762
1403636739.76356 0.339359 -2.361183 0.238279 0.770951 -0.274924 0.544609 0.182899
1403636739.81356 0.339384 -2.371447 0.234044 0.769644 -0.278444 0.544439 0.183583
1403636739.86356 0.339572 -2.381374 0.228332 0.769046 -0.280941 0.543740 0.184356
1403636739.91356 0.339972 -2.391580 0.221205 0.768662 -0.282109 0.543394 0.185194
1403636739.96356 0.340160 -2.401711 0.212499 0.768411 -0.282379 0.543244 0.186260
1403636740.01356 0.339971 -2.411805 0.202816 0.768918 -0.282001 0.542409 0.187170
1403636740.06356 0.339360 -2.421771 0.191648 0.769604 -0.280624 0.541747 0.188335
1403636740.11356 0.338357 -2.431545 0.179341 0.769999 -0.278153 0.541639 0.190684
1403636740.16356 0.336933 -2.441456 0.166147 0.770945 -0.275133 0.540842 0.193485
1403636740.21356 0.335472 -2.451197 0.151950 0.771514 -0.271546 0.540766 0.196472
1403636740.26356 0.334670 -2.460264 0.137484 0.772338 -0.268612 0.540265 0.198633
1403636740.31356 0.333416 -2.468784 0.121547 0.771547 -0.267878 0.542089 0.197727
1403636740.36356 0.332182 -2.477180 0.103886 0.771220 -0.267653 0.543538 0.195314
1403636740.41356 0.331290 -2.485005 0.085278 0.770465 -0.268685 0.545266 0.192032
1403636740.46356 0.330074 -2.492748 0.065569 0.770663 -0.269218 0.545659 0.189359
1403636740.51356 0.328713 -2.500348 0.046027 0.769379 -0.269273 0.548242 0.187029
1403636740.56356 0.326763 -2.508033 0.027819 0.769299 -0.268391 0.548991 0.186426
1403636740.61356 0.324775 -2.515468 0.011213 0.769368 -0.267433 0.549626 0.185646
1403636740.66356 0.322276 -2.522865 -0.004063 0.769952 -0.267870 0.549340 0.183427
1403636740.71356 0.319272 -2.530095 -0.017626 0.771187 -0.268227 0.548057 0.181544
1403636740.76356 0.315514 -2.537707 -0.030048 0.773036 -0.267289 0.546046 0.181123
1403636740.81356 0.311438 -2.545371 -0.041844 0.773462 -0.266988 0.545923 0.180114
1403636740.86356 0.307028 -2.552943 -0.054138 0.773115 -0.266417 0.546797 0.179802
1403636740.91356 0.302293 -2.560713 -0.067991 0.773045 -0.263824 0.547369 0.182168
1403636740.96356 0.297108 -2.568580 -0.082811 0.772754 -0.260467 0.548026 0.186217
1403636741.01356 0.291697 -2.575926 -0.099101 0.773440 -0.255698 0.547220 0.192248
1403636741.06356 0.286122 -2.582556 -0.116826 0.773228 -0.252151 0.546862 0.198698
1403636741.11356 0.280446 -2.588311 -0.136533 0.772027 -0.252235 0.547265 0.202122
1403636741.16356 0.274166 -2.592841 -0.157889 0.769918 -0.255195 0.548070 0.204256
1403636741.21356 0.268194 -2.596943 -0.180889 0.767340 -0.260555 0.549293 0.203906
1403636741.26356 0.262429 -2.599866 -0.205520 0.765088 -0.266811 0.550264 0.201647
1403636741.31356 0.256963 -2.602394 -0.231232 0.763978 -0.272084 0.550131 0.199159
1403636741.36356 0.250259 -2.603684 -0.256992 0.764670 -0.277871 0.547390 0.196038
1403636741.41356 0.243265 -2.604905 -0.281458 0.765638 -0.282269 0.544341 0.194464
1403636741.46356 0.236169 -2.606071 -0.304354 0.767221 -0.285627 0.540668 0.193563
1403636741.51356 0.229249 -2.607627 -0.325840 0.770614 -0.288755 0.534587 0.192332
1403636741.56356 0.223027 -2.609180 -0.345637 0.771627 -0.293132 0.532110 0.188480
1403636741.61356 0.216714 -2.611495 -0.363143 0.773871 -0.292985 0.528218 0.190445
1403636741.66356 0.211010 -2.614561 -0.378947 0.774752 -0.293508 0.526600 0.190537
1403636741.71356 0.206318 -2.618680 -0.392052 0.774598 -0.293065 0.526736 0.191468
1403636741.76356 0.202543 -2.623918 -0.403112 0.773635 -0.291526 0.528377 0.193184
1403636741.81356 0.199536 -2.629817 -0.413591 0.772821 -0.289369 0.530045 0.195105
1403636741.86356 0.196702 -2.636272 -0.424629 0.771995 -0.286353 0.531901 0.197756
1403636741.91356 0.194233 -2.642798 -0.437656 0.772035 -0.283163 0.532617 0.200251
1403636741.96356 0.192148 -2.649366 -0.452584 0.772493 -0.278804 0.532904 0.203803
1403636742.01356 0.190613 -2.655672 -0.469522 0.774200 -0.275398 0.531281 0.206181
1403636742.06356 0.189070 -2.661718 -0.486997 0.776416 -0.273624 0.529148 0.205697
1403636742.11356 0.188300 -2.667286 -0.504001 0.779397 -0.273832 0.525880 0.202503
1403636742.16356 0.188473 -2.672553 -0.519658 0.781133 -0.275007 0.524265 0.198367
1403636742.21356 0.189837 -2.677974 -0.533981 0.781954 -0.275485 0.523991 0.195165
1403636742.26356 0.192262 -2.683578 -0.546148 0.782028 -0.276878 0.524821 0.190614
1403636742.31356 0.195110 -2.689602 -0.555956 0.781050 -0.276024 0.527398 0.188740
1403636742.36356 0.198543 -2.695711 -0.563809 0.778878 -0.275728 0.531168 0.187573
1403636742.41356 0.203512 -2.702606 -0.569464 0.776833 -0.274135 0.535060 0.187328
1403636742.46356 0.208745 -2.709910 -0.573388 0.775459 -0.273344 0.537630 0.186818
1403636742.51356 0.214269 -2.717278 -0.576740 0.774627 -0.272125 0.539455 0.186784
1403636742.56356 0.220658 -2.725283 -0.579200 0.774298 -0.271311 0.540516 0.186266
1403636742.61356 0.227306 -2.733290 -0.581071 0.773392 -0.270055 0.542270 0.186759
1403636742.66356 0.233828 -2.741112 -0.583952 0.772035 -0.269121 0.544521 0.187169
1403636742.71356 0.241163 -2.749437 -0.588337 0.770816 -0.268097 0.546817 0.186970
1403636742.76356 0.247211 -2.756976 -0.595758 0.769899 -0.267029 0.548607 0.187033
1403636742.81356 0.252841 -2.763892 -0.604888 0.769247 -0.266418 0.549818 0.187033
1403636742.86356 0.257852 -2.770493 -0.615628 0.768640 -0.266095 0.551168 0.186012
1403636742.91356 0.261823 -2.776723 -0.627958 0.768386 -0.265973 0.551869 0.185152
1403636742.96356 0.264893 -2.782747 -0.641983 0.768073 -0.267002 0.551814 0.185138
1403636743.01356 0.267580 -2.788771 -0.658063 0.768726 -0.268938 0.549673 0.185991
1403636743.06356 0.269555 -2.794745 -0.676154 0.770807 -0.272995 0.544833 0.185707
1403636743.11356 0.271236 -2.800581 -0.694459 0.774386 -0.278262 0.537482 0.184415
1403636743.16356 0.272991 -2.806907 -0.712284 0.779412 -0.283446 0.528070 0.182533
1403636743.21356 0.275486 -2.814375 -0.728962 0.782987 -0.287197 0.520991 0.181709
1403636743.26356 0.278802 -2.822565 -0.744499 0.787019 -0.289975 0.513189 0.182077
1403636743.31356 0.280605 -2.832004 -0.756275 0.788075 -0.292948 0.510194 0.181165
1403636743.36356 0.286762 -2.842901 -0.766731 0.788379 -0.295432 0.508666 0.180105
1403636743.41356 0.294467 -2.855646 -0.774522 0.787809 -0.296985 0.508678 0.180009
1403636743.46356 0.304089 -2.869959 -0.780921 0.785606 -0.297061 0.511563 0.181335
1403636743.51356 0.314313 -2.885155 -0.787763 0.783548 -0.296736 0.514264 0.183121
1403636743.56356 0.325241 -2.901388 -0.796013 0.780745 -0.295919 0.518228 0.185227
1403636743.61356 0.337279 -2.918689 -0.806042 0.778474 -0.293417 0.521757 0.188824
1403636743.66356 0.350256 -2.936838 -0.817779 0.776925 -0.291527 0.524115 0.191579
1403636743.71356 0.363866 -2.955561 -0.831070 0.774484 -0.289511 0.527611 0.194894
1403636743.76356 0.378236 -2.975184 -0.846000 0.771330 -0.288734 0.531122 0.198976
1403636743.81356 0.392943 -2.995067 -0.862787 0.768746 -0.290735 0.532911 0.201267
1403636743.86356 0.408222 -3.014866 -0.881096 0.765373 -0.294383 0.535591 0.201707
1403636743.91356 0.423346 -3.034271 -0.901965 0.762950 -0.295241 0.537129 0.205506
1403636743.96356 0.439151 -3.053997 -0.923003 0.760749 -0.296068 0.538666 0.208431
1403636744.01356 0.455273 -3.073968 -0.945902 0.759203 -0.297718 0.539454 0.209677
1403636744.06356 0.471477 -3.093829 -0.969983 0.757705 -0.298867 0.539336 0.213725
1403636744.11356 0.487465 -3.113166 -0.995661 0.756021 -0.301920 0.538897 0.216486
1403636744.16356 0.503207 -3.131967 -1.022291 0.754002 -0.305136 0.538847 0.219129
1403636744.21356 0.518105 -3.149747 -1.050631 0.751707 -0.308716 0.539633 0.220062
1403636744.26356 0.532552 -3.166832 -1.079952 0.749062 -0.312314 0.541221 0.220107
1403636744.31356 0.545939 -3.183033 -1.110276 0.747728 -0.315035 0.541319 0.220522
1403636744.36356 0.559587 -3.199238 -1.142056 0.746306 -0.318404 0.541832 0.219237
1403636744.41356 0.572721 -3.214904 -1.174972 0.745021 -0.321185 0.542782 0.217190
1403636744.51356 0.597452 -3.244825 -1.244219 0.742220 -0.327106 0.545897 0.210017
1403636744.56356 0.607010 -3.260095 -1.280322 0.740963 -0.327383 0.547772 0.209139
1403636744.61356 0.616871 -3.276091 -1.317695 0.739620 -0.328461 0.549843 0.206753
1403636744.66356 0.625377 -3.292281 -1.355742 0.738652 -0.328184 0.551443 0.206396
1403636744.71356 0.632516 -3.308728 -1.394433 0.738173 -0.326061 0.552393 0.208921
1403636744.76356 0.637831 -3.324224 -1.433162 0.738958 -0.322856 0.551479 0.213484
1403636744.81356 0.641692 -3.339462 -1.470431 0.740089 -0.320666 0.549988 0.216690
1403636744.86356 0.643788 -3.353667 -1.506222 0.741984 -0.318839 0.547521 0.219140
1403636744.91356 0.645333 -3.367474 -1.540238 0.745029 -0.317491 0.543501 0.220765
1403636744.96356 0.646580 -3.380051 -1.572144 0.747174 -0.316707 0.541107 0.220523
1403636745.01356 0.647187 -3.392190 -1.601819 0.750004 -0.316747 0.537829 0.218871
1403636745.06356 0.648428 -3.404818 -1.629272 0.752678 -0.315957 0.535056 0.217628
1403636745.11356 0.649642 -3.417254 -1.655386 0.755847 -0.315676 0.531771 0.215090
1403636745.16356 0.650943 -3.430484 -1.679060 0.756977 -0.316003 0.531398 0.211527
1403636745.21356 0.652854 -3.444203 -1.701202 0.758423 -0.313590 0.530905 0.211178
1403636745.26356 0.654976 -3.458256 -1.722778 0.759835 -0.311641 0.530560 0.209849
1403636745.31356 0.657861 -3.473158 -1.742505 0.760421 -0.308947 0.531390 0.209612
1403636745.36356 0.661271 -3.488396 -1.759196 0.759144 -0.305298 0.534987 0.210435
1403636745.41356 0.664481 -3.503598 -1.772385 0.757129 -0.302346 0.539027 0.211641
1403636745.46356 0.667583 -3.518452 -1.782841 0.755549 -0.299698 0.541931 0.213632
1403636745.51356 0.670873 -3.532905 -1.791570 0.753767 -0.299366 0.544483 0.213900
1403636745.56356 0.673720 -3.546678 -1.798843 0.752676 -0.299719 0.545573 0.214470
1403636745.61356 0.676568 -3.559615 -1.804656 0.751441 -0.300884 0.546164 0.215661
1403636745.66356 0.679116 -3.572138 -1.808077 0.750412 -0.302404 0.546115 0.217238
1403636745.71356 0.682397 -3.583848 -1.809414 0.749447 -0.303717 0.545774 0.219582
1403636745.76356 0.685727 -3.594950 -1.809103 0.748952 -0.305066 0.544390 0.222814
1403636745.81356 0.688397 -3.605228 -1.807480 0.748939 -0.306937 0.542373 0.225191
1403636745.86356 0.692602 -3.615514 -1.804160 0.748618 -0.308287 0.540524 0.228833
1403636745.91356 0.694923 -3.623930 -1.799613 0.747719 -0.310075 0.539297 0.232225
1403636745.96356 0.697428 -3.631174 -1.793115 0.747530 -0.310770 0.537086 0.236981
1403636746.01356 0.700494 -3.637450 -1.784837 0.747287 -0.311909 0.535098 0.240717
1403636746.06356 0.703265 -3.642206 -1.775234 0.747127 -0.312854 0.533178 0.244222
1403636746.11356 0.706412 -3.645586 -1.764130 0.747581 -0.313596 0.530532 0.247620
1403636746.16356 0.709920 -3.647409 -1.751394 0.746681 -0.314483 0.530242 0.249823
1403636746.21356 0.713507 -3.647482 -1.736874 0.745267 -0.314845 0.531046 0.251872
1403636746.26356 0.717986 -3.646199 -1.720849 0.742211 -0.315263 0.534222 0.253651
1403636746.31356 0.723037 -3.643856 -1.704708 0.737216 -0.313938 0.540357 0.256845
1403636746.36356 0.728281 -3.639760 -1.690990 0.733370 -0.313974 0.545175 0.257630
1403636746.41356 0.733438 -3.633844 -1.679362 0.731524 -0.313787 0.547448 0.258283
1403636746.46356 0.740006 -3.626591 -1.671943 0.732355 -0.315965 0.546612 0.255024
1403636746.51356 0.744887 -3.616995 -1.666047 0.735105 -0.318215 0.543431 0.251083
1403636746.56356 0.749699 -3.606178 -1.662575 0.739843 -0.321576 0.537882 0.244755
1403636746.61356 0.754668 -3.594612 -1.661533 0.745923 -0.324953 0.530464 0.237935
1403636746.66356 0.760069 -3.582775 -1.661794 0.751917 -0.328772 0.523244 0.229667
1403636746.71356 0.766158 -3.571160 -1.663183 0.756895 -0.333218 0.517177 0.220461
1403636746.81356 0.780754 -3.550461 -1.666910 0.760357 -0.338852 0.514063 0.206825
1403636746.86356 0.788519 -3.542862 -1.669247 0.760099 -0.340277 0.515234 0.202473
1403636746.91356 0.796836 -3.537055 -1.671472 0.759416 -0.340191 0.517172 0.200226
1403636746.96356 0.804932 -3.532596 -1.672609 0.759191 -0.338714 0.518498 0.200156
1403636747.01356 0.813342 -3.530018 -1.671350 0.758288 -0.337304 0.520612 0.200470
1403636747.06356 0.822105 -3.528927 -1.666670 0.757663 -0.332736 0.522468 0.205574
1403636747.11356 0.831095 -3.528633 -1.659516 0.756812 -0.328248 0.524137 0.211589
1403636747.16356 0.841021 -3.529455 -1.650646 0.755120 -0.325290 0.526734 0.215710
1403636747.21356 0.851854 -3.530977 -1.639926 0.754400 -0.321320 0.527779 0.221547
1403636747.26356 0.863444 -3.532744 -1.627029 0.753443 -0.318918 0.528897 0.225572
1403636747.31356 0.874912 -3.533335 -1.612449 0.753283 -0.317529 0.528755 0.228382
1403636747.36356 0.886459 -3.533666 -1.597096 0.752761 -0.317179 0.529078 0.229839
1403636747.41356 0.898982 -3.534134 -1.582517 0.752091 -0.317303 0.529330 0.231273
1403636747.46356 0.911828 -3.534339 -1.569953 0.751709 -0.317708 0.529006 0.232699
1403636747.51356 0.925090 -3.533400 -1.559260 0.751715 -0.319675 0.528031 0.232198
1403636747.56356 0.938461 -3.531882 -1.549938 0.752016 -0.320913 0.526910 0.232060
1403636747.61356 0.951825 -3.529010 -1.541859 0.751858 -0.322780 0.526255 0.231470
1403636747.66356 0.965307 -3.526053 -1.532514 0.751880 -0.323867 0.525394 0.231838
1403636747.71356 0.977980 -3.521318 -1.522172 0.751423 -0.325217 0.525044 0.232219
1403636747.76356 0.991474 -3.517194 -1.509494 0.751429 -0.326327 0.524036 0.232920
1403636747.81356 1.005551 -3.512804 -1.494654 0.751027 -0.327595 0.523736 0.233112
1403636747.86356 1.020711 -3.508591 -1.476955 0.749807 -0.329233 0.524565 0.232867
1403636747.91356 1.036297 -3.504086 -1.457774 0.747485 -0.334043 0.526906 0.228146
1403636747.96356 1.052208 -3.500053 -1.437812 0.743559 -0.339112 0.531401 0.223016
1403636748.01356 1.067582 -3.496384 -1.418989 0.740782 -0.344205 0.534221 0.217654
1403636748.06356 1.081948 -3.493043 -1.401641 0.738686 -0.348164 0.535988 0.214107
1403636748.11356 1.095855 -3.490326 -1.386394 0.738004 -0.350201 0.536148 0.212731
1403636748.16356 1.108835 -3.488814 -1.372734 0.737301 -0.352913 0.536230 0.210470
1403636748.21356 1.120967 -3.488804 -1.360937 0.737840 -0.352790 0.534955 0.212026
1403636748.26356 1.132021 -3.489367 -1.350636 0.739765 -0.349895 0.532361 0.216594
1403636748.31356 1.141952 -3.490782 -1.341484 0.741790 -0.346062 0.529546 0.222641
1403636748.36356 1.152370 -3.492765 -1.333475 0.743933 -0.341492 0.526719 0.229161
1403636748.41356 1.162959 -3.495230 -1.326060 0.745571 -0.337203 0.524768 0.234600
1403636748.46356 1.173888 -3.497605 -1.317645 0.745746 -0.335343 0.524627 0.237011
1403636748.51356 1.184904 -3.500398 -1.308204 0.745963 -0.333088 0.524567 0.239625
1403636748.56356 1.196034 -3.502182 -1.297144 0.745760 -0.333026 0.524773 0.239893
1403636748.61356 1.207238 -3.503725 -1.284370 0.744230 -0.335180 0.526833 0.237116
1403636748.66356 1.218591 -3.505300 -1.270240 0.742747 -0.337344 0.528746 0.234422
1403636748.71356 1.229791 -3.507005 -1.255622 0.740850 -0.340483 0.531049 0.230650
1403636748.76356 1.240508 -3.508698 -1.241859 0.739348 -0.343405 0.532728 0.227241
1403636748.81356 1.251057 -3.510601 -1.229129 0.738122 -0.346091 0.533790 0.224645
1403636748.86356 1.261012 -3.513043 -1.217675 0.736864 -0.348008 0.534745 0.223539
1403636748.91356 1.270306 -3.516134 -1.207338 0.735381 -0.350363 0.535654 0.222568
1403636748.96356 1.279013 -3.519591 -1.198153 0.734305 -0.352152 0.535849 0.222826
1403636749.06356 1.293575 -3.527360 -1.182605 0.731675 -0.356656 0.537057 0.221401
1403636749.11356 1.300281 -3.532896 -1.175309 0.729675 -0.359701 0.538709 0.219048
1403636749.16356 1.308730 -3.541204 -1.169896 0.728533 -0.361216 0.539426 0.218593
1403636749.21356 1.312514 -3.547920 -1.163127 0.728387 -0.361217 0.538820 0.220561
1403636749.26356 1.314776 -3.555126 -1.154374 0.729246 -0.358537 0.536959 0.226555
1403636749.31356 1.316317 -3.562735 -1.144007 0.729926 -0.355884 0.535505 0.231926
1403636749.36356 1.317192 -3.570507 -1.131844 0.731141 -0.353625 0.533400 0.236361
1403636749.41356 1.317495 -3.578040 -1.117977 0.732075 -0.351377 0.531841 0.240305
1403636749.46356 1.317764 -3.585428 -1.102979 0.732955 -0.348810 0.530450 0.244400
1403636749.51356 1.317335 -3.592465 -1.087336 0.734203 -0.346511 0.528702 0.247691
1403636749.56356 1.317028 -3.599421 -1.071151 0.735880 -0.343676 0.526524 0.251276
1403636749.61356 1.316856 -3.606164 -1.055607 0.736497 -0.340805 0.525839 0.254790
1403636749.66356 1.317000 -3.612109 -1.041784 0.737016 -0.339660 0.525504 0.255508
1403636749.71356 1.317836 -3.617385 -1.029375 0.736527 -0.339261 0.526742 0.254899
1403636749.76356 1.320590 -3.623211 -1.018852 0.735010 -0.338580 0.529525 0.254414
1403636749.81356 1.321392 -3.627117 -1.009277 0.732729 -0.337561 0.533451 0.254148
1403636749.86356 1.322644 -3.630479 -1.001257 0.730077 -0.336873 0.537894 0.253325
1403636749.91356 1.323669 -3.633024 -0.994881 0.728611 -0.335606 0.540885 0.252860
1403636749.96356 1.324304 -3.634428 -0.989771 0.727318 -0.334121 0.543812 0.252268
1403636750.01356 1.324460 -3.634684 -0.985997 0.726957 -0.332802 0.545584 0.251225
1403636750.06356 1.324152 -3.633684 -0.982866 0.727063 -0.331911 0.546564 0.249965
1403636750.11356 1.323105 -3.631516 -0.980358 0.728416 -0.331403 0.545916 0.248109
1403636750.16356 1.321449 -3.628163 -0.976937 0.730053 -0.330998 0.544669 0.246576
1403636750.21356 1.319078 -3.623612 -0.971993 0.731358 -0.330842 0.543953 0.244489
1403636750.26356 1.316598 -3.618529 -0.965473 0.733846 -0.330289 0.541526 0.243166
1403636750.31356 1.314306 -3.613092 -0.956606 0.735526 -0.330184 0.540361 0.240810
1403636750.36356 1.311516 -3.606981 -0.945115 0.737949 -0.329031 0.538136 0.239956
1403636750.41356 1.308748 -3.600194 -0.931278 0.738907 -0.329481 0.537754 0.237232
1403636750.46356 1.305541 -3.593000 -0.914938 0.740420 -0.327890 0.536976 0.236479
1403636750.51356 1.301632 -3.584928 -0.895885 0.740941 -0.326327 0.537664 0.235445
1403636750.56356 1.297682 -3.576784 -0.874525 0.742142 -0.324731 0.537351 0.234582
1403636750.61356 1.293347 -3.568071 -0.851852 0.743182 -0.323588 0.537195 0.233222
1403636750.66356 1.288453 -3.559242 -0.828015 0.744059 -0.321540 0.536924 0.233882
1403636750.71356 1.283982 -3.550180 -0.802430 0.745082 -0.320624 0.536445 0.232981
1403636750.76356 1.279096 -3.540255 -0.776230 0.746209 -0.319852 0.535745 0.232043
1403636750.81356 1.274268 -3.530553 -0.748424 0.747130 -0.318850 0.535040 0.232086
1403636750.86356 1.269058 -3.519803 -0.718963 0.747849 -0.318202 0.534632 0.231600
1403636750.91356 1.263444 -3.508076 -0.688084 0.749442 -0.317249 0.532674 0.232266
1403636750.96356 1.256224 -3.495383 -0.658380 0.750494 -0.316170 0.531410 0.233236
1403636751.01356 1.251385 -3.483037 -0.628660 0.751432 -0.315867 0.529973 0.233896
1403636751.06356 1.247066 -3.470347 -0.600119 0.751602 -0.315870 0.529577 0.234241
1403636751.11356 1.243263 -3.457080 -0.573639 0.751539 -0.316446 0.529480 0.233884
1403636751.16356 1.239895 -3.443612 -0.549321 0.752435 -0.318231 0.527781 0.232418
1403636751.21356 1.237272 -3.430482 -0.526594 0.754936 -0.319119 0.523759 0.232187
1403636751.26356 1.235411 -3.416839 -0.504430 0.757010 -0.321501 0.520321 0.229868
1403636751.36356 1.233049 -3.390859 -0.459661 0.756704 -0.326619 0.519745 0.224908
1403636751.41356 1.233204 -3.378415 -0.437039 0.754374 -0.329090 0.522549 0.222625
1403636751.46356 1.233712 -3.366654 -0.414570 0.751323 -0.332127 0.526341 0.219478
1403636751.51356 1.234475 -3.355885 -0.391854 0.748699 -0.333567 0.530193 0.216975
1403636751.56356 1.235086 -3.345276 -0.369643 0.746570 -0.333050 0.534464 0.214615
1403636751.61356 1.236637 -3.336191 -0.348310 0.746119 -0.332551 0.536870 0.210918
1403636751.66356 1.236309 -3.327364 -0.327919 0.746614 -0.331697 0.538014 0.207570
1403636751.71356 1.235362 -3.319359 -0.308711 0.748934 -0.331022 0.536612 0.203884
1403636751.76356 1.233597 -3.312264 -0.290439 0.751892 -0.330541 0.534072 0.200417
1403636751.81356 1.231262 -3.306620 -0.272721 0.755043 -0.330164 0.531108 0.197042
1403636751.86356 1.228716 -3.302563 -0.254952 0.759037 -0.328088 0.526665 0.197090
1403636751.91356 1.226130 -3.299912 -0.236445 0.762087 -0.324555 0.523696 0.199071
1403636751.96356 1.223809 -3.298569 -0.218224 0.764642 -0.320899 0.521190 0.201759
1403636752.01356 1.222130 -3.298626 -0.200107 0.766510 -0.317739 0.519305 0.204515
1403636752.06356 1.221131 -3.299655 -0.182219 0.766851 -0.315520 0.519389 0.206451
1403636752.11356 1.221049 -3.301619 -0.164654 0.766213 -0.313738 0.520818 0.207928
1403636752.16356 1.221893 -3.304387 -0.147216 0.764461 -0.310859 0.524596 0.209204
1403636752.21356 1.224309 -3.308014 -0.131233 0.762697 -0.307135 0.529107 0.209779
1403636752.26356 1.226168 -3.311227 -0.114598 0.761538 -0.302824 0.533700 0.208620
1403636752.31356 1.228733 -3.314590 -0.096701 0.760138 -0.297500 0.539316 0.206936
1403636752.36356 1.231558 -3.317776 -0.077604 0.759625 -0.291288 0.544427 0.204255
1403636752.41356 1.234310 -3.320801 -0.057415 0.760561 -0.284588 0.548102 0.200351
1403636752.46356 1.236816 -3.323651 -0.035978 0.762994 -0.277482 0.550279 0.195032
1403636752.51356 1.239269 -3.326425 -0.013224 0.765916 -0.269129 0.552075 0.190148
1403636752.56356 1.241504 -3.329018 0.008151 0.769702 -0.260814 0.552733 0.184447
1403636752.61356 1.243654 -3.331605 0.028191 0.773428 -0.251931 0.553547 0.178676
1403636752.66356 1.245543 -3.334083 0.046496 0.777876 -0.243201 0.553203 0.172420
1403636752.71356 1.246735 -3.336465 0.063638 0.780827 -0.234434 0.554833 0.165863
1403636752.76356 1.248336 -3.339063 0.078883 0.784134 -0.225321 0.555912 0.159144
1403636752.81356 1.249808 -3.341633 0.092449 0.787546 -0.214958 0.556615 0.154091
1403636752.86356 1.251233 -3.343175 0.103892 0.791167 -0.204949 0.556955 0.147824
1403636752.91356 1.252310 -3.344501 0.114475 0.793588 -0.193145 0.558754 0.143898
1403636752.96356 1.252106 -3.344131 0.123900 0.796592 -0.181243 0.559573 0.139533
1403636753.01356 1.253431 -3.344676 0.130609 0.799601 -0.169498 0.560158 0.134652
1403636753.06356 1.254535 -3.344622 0.135845 0.802479 -0.157687 0.560747 0.129321
1403636753.11356 1.255915 -3.343572 0.140067 0.805016 -0.146048 0.561628 0.123261
1403636753.16356 1.258041 -3.341904 0.141659 0.807367 -0.134549 0.562534 0.116668
1403636753.21356 1.260665 -3.339411 0.141910 0.809544 -0.122856 0.563403 0.110099
1403636753.26356 1.263773 -3.336072 0.140593 0.811597 -0.110467 0.564071 0.104557
1403636753.31356 1.267623 -3.331477 0.137744 0.813254 -0.097246 0.564911 0.100183
1403636753.36356 1.271158 -3.326247 0.134073 0.813762 -0.086958 0.566935 0.093884
1403636753.41356 1.274686 -3.320074 0.130897 0.814028 -0.079393 0.568774 0.086897
1403636753.46356 1.278798 -3.312933 0.128315 0.814162 -0.074813 0.570372 0.078853
1403636753.51356 1.282547 -3.304800 0.127221 0.814275 -0.071636 0.571509 0.072120
1403636753.56356 1.284773 -3.295008 0.127812 0.814231 -0.069626 0.572578 0.065839
1403636753.61356 1.286874 -3.285790 0.130695 0.813425 -0.067900 0.574388 0.061710
1403636753.66356 1.287780 -3.276152 0.135075 0.813240 -0.067149 0.575067 0.058569
1403636753.71356 1.289050 -3.266131 0.138627 0.813216 -0.067046 0.575337 0.056328
1403636753.76356 1.290175 -3.255997 0.141768 0.812604 -0.066276 0.576299 0.056227
1403636753.81356 1.290964 -3.245577 0.143896 0.812285 -0.065729 0.576760 0.056757
1403636753.86356 1.291283 -3.234599 0.144216 0.811875 -0.066006 0.577242 0.057392
1403636753.91356 1.291719 -3.222912 0.142569 0.811936 -0.067413 0.577036 0.056974
1403636753.96356 1.291549 -3.210885 0.140009 0.811586 -0.067999 0.577361 0.057950
1403636754.01356 1.290760 -3.198838 0.138233 0.811135 -0.068658 0.577764 0.059456
1403636754.06356 1.290210 -3.186393 0.138128 0.809121 -0.069907 0.580359 0.060172
1403636754.11356 1.289701 -3.173519 0.139604 0.806933 -0.070920 0.583197 0.060911
1403636754.16356 1.285727 -3.158117 0.141006 0.805227 -0.071691 0.585306 0.062341
1403636754.21356 1.284032 -3.143950 0.144665 0.803734 -0.071745 0.587067 0.064941
1403636754.26356 1.280882 -3.128992 0.149699 0.803027 -0.072138 0.587757 0.066967
1403636754.31356 1.277696 -3.113258 0.156106 0.802889 -0.072698 0.587690 0.068586
1403636754.36356 1.274142 -3.096956 0.163788 0.802877 -0.072228 0.587553 0.070374
1403636754.41356 1.269416 -3.079329 0.172949 0.803030 -0.071935 0.587453 0.069760
1403636754.46356 1.263246 -3.060781 0.182982 0.803451 -0.070546 0.587226 0.068228
1403636754.51356 1.255807 -3.041610 0.192507 0.804200 -0.067975 0.586671 0.066774
1403636754.56356 1.248156 -3.021242 0.200185 0.805692 -0.063683 0.585272 0.065283
1403636754.61356 1.240245 -2.999776 0.206082 0.807166 -0.058652 0.584058 0.062605
1403636754.66356 1.231616 -2.977470 0.210855 0.807857 -0.053056 0.584062 0.058509
1403636754.71356 1.222895 -2.954625 0.214754 0.808924 -0.047299 0.583588 0.053193
1403636754.76356 1.212324 -2.930480 0.217751 0.809133 -0.040523 0.584295 0.047561
1403636754.81356 1.202056 -2.906622 0.219526 0.809664 -0.033595 0.584358 0.042905
1403636754.86356 1.191525 -2.882337 0.219710 0.809999 -0.028297 0.584557 0.037340
1403636754.91356 1.180564 -2.857755 0.218793 0.809918 -0.022702 0.585104 0.034221
1403636754.96356 1.169400 -2.832547 0.216511 0.810295 -0.018613 0.584963 0.029891
1403636755.01356 1.157765 -2.806872 0.213538 0.810718 -0.013531 0.584587 0.028481
1403636755.06356 1.145592 -2.780636 0.210116 0.810624 -0.011286 0.584914 0.025257
1403636755.11356 1.132243 -2.754002 0.207620 0.810904 -0.008519 0.584649 0.023404
1403636755.16356 1.117526 -2.726447 0.206198 0.811365 -0.007188 0.584125 0.020803
1403636755.21356 1.101931 -2.698470 0.206430 0.811499 -0.005926 0.584017 0.018935
1403636755.26356 1.086038 -2.670314 0.208972 0.813087 -0.005147 0.581844 0.017924
1403636755.31356 1.064583 -2.639676 0.217333 0.816037 -0.004780 0.577741 0.016616
1403636755.36356 1.047827 -2.611019 0.223008 0.819628 -0.004867 0.572664 0.015545
1403636755.41356 1.032382 -2.582208 0.230132 0.822676 -0.004419 0.568271 0.015872
1403636755.46356 1.018029 -2.553238 0.238509 0.824648 -0.004927 0.565414 0.015468
1403636755.51356 1.004530 -2.524450 0.247083 0.825216 -0.004894 0.564555 0.016491
1403636755.56356 0.991891 -2.495501 0.254761 0.825325 -0.004454 0.564344 0.018281
1403636755.61356 0.979808 -2.465932 0.260915 0.824348 -0.004277 0.565726 0.019642
1403636755.66356 0.968283 -2.435767 0.265267 0.823491 -0.005863 0.566986 0.018862
1403636755.71356 0.956894 -2.405261 0.268019 0.822985 -0.006719 0.567709 0.018895
1403636755.76356 0.945663 -2.374529 0.269710 0.821998 -0.008136 0.569144 0.018114
1403636755.81356 0.935073 -2.343358 0.270356 0.820286 -0.009141 0.571605 0.017755
1403636755.86356 0.924248 -2.311937 0.269625 0.819233 -0.009930 0.573115 0.017235
1403636755.91356 0.910872 -2.278729 0.268233 0.817627 -0.010120 0.575399 0.017341
1403636755.96356 0.899749 -2.246786 0.267420 0.817077 -0.010994 0.576193 0.016318
1403636756.01356 0.889351 -2.214968 0.268060 0.816321 -0.011411 0.577269 0.015821
1403636756.06356 0.879423 -2.183010 0.270069 0.815745 -0.011763 0.578088 0.015368
1403636756.11356 0.869856 -2.151128 0.273993 0.815291 -0.010955 0.578712 0.016529
1403636756.16356 0.860347 -2.119070 0.279788 0.814619 -0.010513 0.579655 0.016881
1403636756.21356 0.850150 -2.087022 0.286904 0.813889 -0.010670 0.580688 0.016522
1403636756.26356 0.839475 -2.054557 0.294324 0.813729 -0.010749 0.580926 0.015946
1403636756.31356 0.828309 -2.021904 0.301008 0.813656 -0.010605 0.581041 0.015590
1403636756.36356 0.816861 -1.989236 0.306718 0.813298 -0.009925 0.581554 0.015596
1403636756.41356 0.804717 -1.956595 0.310958 0.812969 -0.009137 0.582013 0.016109
1403636756.46356 0.791927 -1.923909 0.313282 0.812759 -0.009015 0.582326 0.015427
1403636756.51356 0.772724 -1.889414 0.311954 0.812637 -0.008878 0.582520 0.014564
1403636756.56356 0.758121 -1.856414 0.311387 0.812526 -0.008277 0.582684 0.014546
1403636756.61356 0.744479 -1.823300 0.309674 0.812147 -0.008196 0.583227 0.014015
1403636756.66356 0.730106 -1.790011 0.308004 0.812014 -0.008037 0.583433 0.013208
1403636756.71356 0.714690 -1.756756 0.307392 0.811275 -0.007597 0.584475 0.012805
1403636756.76356 0.698572 -1.723378 0.308188 0.810865 -0.007256 0.585057 0.012433
1403636756.81356 0.681242 -1.689656 0.309754 0.810518 -0.007194 0.585556 0.011528
1403636756.86356 0.663220 -1.655731 0.312815 0.810629 -0.007007 0.585418 0.010830
1403636756.91356 0.644697 -1.621550 0.317998 0.810791 -0.006588 0.585196 0.010949
1403636756.96356 0.625389 -1.587211 0.325350 0.810963 -0.006713 0.584975 0.009875
1403636757.01356 0.605486 -1.552952 0.333181 0.810888 -0.006088 0.585084 0.010036
1403636757.06356 0.584834 -1.518605 0.340432 0.811135 -0.007095 0.584762 0.007901
1403636757.11356 0.564817 -1.481900 0.350375 0.810887 -0.006805 0.585109 0.007948
1403636757.16356 0.543763 -1.447550 0.355242 0.811398 -0.006877 0.584404 0.007680
1403636757.21356 0.521981 -1.413445 0.358553 0.811120 -0.007031 0.584791 0.007388
1403636757.26356 0.499782 -1.379421 0.360446 0.811329 -0.006348 0.584503 0.007819
1403636757.31356 0.477278 -1.345631 0.360789 0.811859 -0.004723 0.583751 0.009895
1403636757.36356 0.454379 -1.311345 0.359857 0.812493 -0.004759 0.582876 0.009371
1403636757.41356 0.431076 -1.277042 0.357446 0.813569 -0.003550 0.581361 0.010572
1403636757.46356 0.408238 -1.242279 0.354552 0.814857 -0.002254 0.579532 0.012061
1403636757.51356 0.385388 -1.207163 0.352800 0.816351 0.000243 0.577422 0.012442
1403636757.56356 0.362100 -1.171204 0.352509 0.818741 0.002947 0.574045 0.011244
1403636757.61356 0.338930 -1.134895 0.353090 0.822136 0.006306 0.569180 0.009283
1403636757.66356 0.316161 -1.098323 0.355790 0.825731 0.009375 0.563939 0.007291
1403636757.71356 0.295214 -1.061951 0.359819 0.829185 0.012187 0.558823 0.004516
1403636757.76356 0.274664 -1.024350 0.366380 0.831958 0.014493 0.554647 0.001620
1403636757.81356 0.255911 -0.986502 0.375144 -0.834098 -0.016935 -0.551355 0.000863
1403636757.86356 0.239646 -0.948759 0.386542 -0.835247 -0.018310 -0.549555 0.004037
1403636757.91356 0.224601 -0.910951 0.400522 -0.835217 -0.019776 -0.549527 0.006425
1403636757.96356 0.209527 -0.872361 0.415694 -0.833609 -0.020355 -0.551894 0.009709
1403636758.01356 0.197063 -0.834139 0.431888 -0.829047 -0.021717 -0.558652 0.010842
1403636758.06356 0.186013 -0.796207 0.446563 -0.824970 -0.022591 -0.564583 0.012658
1403636758.11356 0.174200 -0.760098 0.458565 -0.821121 -0.022666 -0.570113 0.014760
1403636758.16356 0.164090 -0.722542 0.469814 -0.817923 -0.022988 -0.574648 0.015935
1403636758.26356 0.140969 -0.648697 0.487837 -0.813820 -0.022950 -0.580375 0.018291
1403636758.31356 0.128372 -0.612526 0.492856 -0.812599 -0.022217 -0.582064 0.019793
1403636758.36356 0.123851 -0.581682 0.491876 -0.813498 -0.021625 -0.580789 0.020925
1403636758.41356 0.112485 -0.546200 0.491946 -0.817188 -0.020018 -0.575552 0.023302
1403636758.46356 0.101650 -0.511344 0.489667 -0.822327 -0.017676 -0.568120 0.026542
1403636758.51356 0.091643 -0.477163 0.486010 -0.828514 -0.014021 -0.558901 0.031601
1403636758.56356 0.082825 -0.443875 0.481582 -0.834356 -0.009734 -0.549862 0.037496
1403636758.61356 0.074503 -0.411568 0.477364 -0.838887 -0.006135 -0.542613 0.042452
1403636758.66356 0.068402 -0.381050 0.474275 -0.839841 -0.004949 -0.541074 0.043380
1403636758.71356 0.065215 -0.352305 0.472139 -0.836391 -0.005044 -0.546474 0.042316
1403636758.76356 0.064659 -0.325546 0.469720 -0.831652 -0.006732 -0.553926 0.038429
1403636758.81356 0.065045 -0.299877 0.466436 -0.827040 -0.007184 -0.560849 0.037445
1403636758.86356 0.066066 -0.276088 0.462681 -0.822292 -0.009303 -0.567953 0.034338
1403636758.91356 0.066980 -0.253235 0.457811 -0.819299 -0.012654 -0.572490 0.029060
1403636758.96356 0.073046 -0.236919 0.447702 -0.816699 -0.014182 -0.576272 0.026694
1403636759.01356 0.073423 -0.215313 0.440760 -0.815471 -0.015490 -0.578057 0.024854
1403636759.06356 0.073454 -0.193870 0.433241 -0.813963 -0.014323 -0.580120 0.026835
1403636759.11356 0.073241 -0.173042 0.424830 -0.813064 -0.010064 -0.581150 0.033014
1403636759.16356 0.072751 -0.152750 0.415977 -0.812426 -0.003774 -0.581498 0.042538
1403636759.21356 0.071241 -0.134213 0.406263 -0.811893 0.002303 -0.581509 0.051687
1403636759.26356 0.069573 -0.117989 0.396190 -0.811431 0.007446 -0.581377 0.059371
1403636759.31356 0.067822 -0.104819 0.385454 -0.811307 0.008521 -0.581320 0.061443
1403636759.36356 0.065105 -0.094191 0.373775 -0.811014 0.004239 -0.582342 0.055816
1403636759.41356 0.062760 -0.084569 0.360580 -0.811478 -0.000888 -0.582343 0.048784
1403636759.46356 0.060104 -0.077956 0.346796 -0.811081 -0.005926 -0.583385 0.042131
1403636759.51356 0.056694 -0.071664 0.331849 -0.811253 -0.010857 -0.583530 0.035271
1403636759.56356 0.054739 -0.070479 0.317147 -0.810979 -0.014655 -0.584059 0.031201
1403636759.61356 0.050539 -0.067390 0.303200 -0.810860 -0.018813 -0.584348 0.026258
1403636759.66356 0.044936 -0.064771 0.291699 -0.811013 -0.021333 -0.584165 0.023534
1403636759.71356 0.039428 -0.062320 0.282888 -0.811370 -0.023068 -0.583667 0.021881
1403636759.76356 0.033763 -0.060021 0.276858 -0.810977 -0.023104 -0.584176 0.022836
1403636759.81356 0.028455 -0.057971 0.273458 -0.810364 -0.024255 -0.585033 0.021414
1403636759.86356 0.022756 -0.055896 0.270786 -0.810938 -0.023819 -0.584238 0.021873
1403636759.91356 0.018331 -0.054387 0.268607 -0.813987 -0.023937 -0.579978 0.021843
1403636759.96356 0.016678 -0.053687 0.267673 -0.817353 -0.024079 -0.575237 0.021368
1403636760.01356 0.009362 -0.051710 0.262906 -0.820020 -0.023574 -0.571437 0.021710
1403636760.06356 0.002159 -0.049739 0.257828 -0.822414 -0.022218 -0.567985 0.023134
1403636760.11356 -0.004724 -0.047895 0.252311 -0.825084 -0.022400 -0.564125 0.022301
1403636760.16356 -0.010980 -0.045731 0.246891 -0.827135 -0.022343 -0.561127 0.022010
1403636760.21356 -0.015736 -0.043808 0.242183 -0.824743 -0.021700 -0.564632 0.022777
1403636760.26356 -0.019895 -0.042365 0.237515 -0.820541 -0.021268 -0.570735 0.022846
1403636760.31356 -0.023807 -0.041122 0.232289 -0.816425 -0.020345 -0.576585 0.024217
1403636760.36356 -0.027794 -0.040404 0.226023 -0.814034 -0.021070 -0.579979 0.022995
1403636760.41356 -0.032064 -0.039921 0.219043 -0.811755 -0.022253 -0.583175 0.021586
1403636760.46356 -0.036880 -0.039590 0.211228 -0.811035 -0.023192 -0.584189 0.020203
1403636760.51356 -0.042495 -0.039227 0.203131 -0.812034 -0.024268 -0.582807 0.018681
1403636760.56356 -0.050341 -0.040111 0.193104 -0.814962 -0.025025 -0.578688 0.018228
1403636760.61356 -0.056417 -0.039559 0.184797 -0.818182 -0.025772 -0.574116 0.017449
1403636760.66356 -0.062377 -0.038860 0.177009 -0.820529 -0.027315 -0.570738 0.015634
1403636760.71356 -0.068232 -0.037786 0.169734 -0.822493 -0.028668 -0.567871 0.014353
1403636760.76356 -0.073736 -0.036220 0.163371 -0.822388 -0.030126 -0.567986 0.012745
1403636760.81356 -0.078762 -0.034044 0.157303 -0.820915 -0.030912 -0.570083 0.012146
1403636760.86356 -0.083722 -0.031315 0.151512 -0.818785 -0.032242 -0.573094 0.010676
1403636760.91356 -0.088986 -0.028088 0.145643 -0.816947 -0.033462 -0.575657 0.009861
1403636760.96356 -0.094437 -0.024194 0.139287 -0.817099 -0.033580 -0.575433 0.009945
1403636761.01356 -0.100221 -0.019490 0.132471 -0.819179 -0.032665 -0.572486 0.011741
1403636761.06356 -0.105994 -0.014324 0.125566 -0.821927 -0.031325 -0.568565 0.013715
1403636761.11356 -0.111309 -0.008667 0.118484 -0.825619 -0.030093 -0.563200 0.015915
1403636761.16356 -0.117570 -0.002593 0.110286 -0.829914 -0.029438 -0.556853 0.017036
1403636761.21356 -0.120307 0.004022 0.103763 -0.833759 -0.030272 -0.551049 0.016554
1403636761.26356 -0.121948 0.010236 0.097274 -0.836277 -0.029455 -0.547226 0.017791
1403636761.31356 -0.122496 0.017387 0.092619 -0.836956 -0.029879 -0.546182 0.017238
1403636761.36356 -0.121295 0.024815 0.089233 -0.835388 -0.029754 -0.548567 0.017780
1403636761.41356 -0.119151 0.032426 0.087104 -0.831425 -0.029769 -0.554555 0.017739
1403636761.46356 -0.115736 0.039857 0.085399 -0.826934 -0.030055 -0.561235 0.017073
1403636761.51356 -0.111701 0.047789 0.085182 -0.822760 -0.029564 -0.567351 0.017448
1403636761.56356 -0.107430 0.055867 0.085523 -0.819197 -0.029126 -0.572508 0.017383
1403636761.61356 -0.103396 0.064111 0.086336 -0.816428 -0.028294 -0.576476 0.017886
1403636761.66356 -0.099663 0.072376 0.087034 -0.815125 -0.025538 -0.578335 0.021177
1403636761.71356 -0.096070 0.080602 0.088300 -0.814112 -0.021238 -0.579713 0.026536
1403636761.76356 -0.092707 0.088281 0.089868 -0.813853 -0.017500 -0.579952 0.031509
1403636761.81356 -0.089594 0.095228 0.092180 -0.813674 -0.014207 -0.580058 0.035569
1403636761.86356 -0.086966 0.101039 0.094865 -0.813667 -0.012294 -0.579955 0.038048
1403636761.91356 -0.084524 0.105946 0.097656 -0.814190 -0.012796 -0.579287 0.036842
1403636761.96356 -0.082501 0.109075 0.101121 -0.814605 -0.014726 -0.578860 0.033501
1403636762.01356 -0.080317 0.111400 0.105260 -0.814301 -0.020040 -0.579536 0.025514
1403636762.06356 -0.078497 0.114012 0.109522 -0.813966 -0.025240 -0.580111 0.017131
1403636762.11356 -0.077207 0.116214 0.114327 -0.813681 -0.032449 -0.580371 0.006373
1403636762.16356 -0.076508 0.119172 0.118955 0.814356 0.037354 0.579161 0.001257
1403636762.21356 -0.076322 0.123317 0.122902 0.817235 0.038877 0.574977 0.004281
1403636762.26356 -0.076451 0.128793 0.125780 0.821710 0.037955 0.568630 0.003584
1403636762.31356 -0.075697 0.135435 0.127123 0.826324 0.035914 0.562048 0.001370
1403636762.36356 -0.074831 0.142963 0.126396 -0.830352 -0.033638 -0.556221 0.001444
1403636762.41356 -0.072461 0.151450 0.123692 -0.832455 -0.030783 -0.553214 0.005124
1403636762.46356 -0.069156 0.160612 0.118956 -0.833224 -0.025791 -0.552201 0.012091
1403636762.51356 -0.064852 0.170599 0.112857 -0.830744 -0.017057 -0.555859 0.024376
1403636762.56356 -0.059580 0.180021 0.104699 -0.827256 -0.008841 -0.560610 0.035853
1403636762.61356 -0.053505 0.188472 0.094464 -0.823436 -0.000977 -0.565461 0.046962
1403636762.66356 -0.047838 0.194925 0.081563 -0.819427 0.003366 -0.570689 0.053310
1403636762.71356 -0.041357 0.199464 0.067160 -0.816809 0.000892 -0.574717 0.050223
1403636762.76356 -0.034804 0.202294 0.050927 -0.815451 -0.003282 -0.577093 0.044633
1403636762.81356 -0.028677 0.203820 0.032883 -0.814954 -0.009323 -0.578288 0.036692
1403636762.86356 -0.028657 0.201646 0.031136 -0.795685 -0.005530 -0.604139 0.043252
1403636762.91356 -0.035359 0.196559 0.032951 -0.789251 -0.007833 -0.612920 0.036744
1403636762.96356 -0.044570 0.190879 0.026625 -0.807245 -0.011859 -0.589635 0.023343
1403636763.01356 -0.053815 0.183632 0.022794 -0.812775 -0.000045 -0.582245 0.019691
1403636763.06356 -0.063081 0.176078 0.014671 -0.812810 0.015072 -0.581960 0.020853
1403636763.11356 -0.070716 0.171189 0.011261 -0.805863 0.024136 -0.591308 0.018900
1403636763.16356 -0.075688 0.169120 0.011906 -0.797457 0.030927 -0.602377 0.015749
1403636763.21356 -0.079498 0.168644 0.004736 -0.802176 0.035158 -0.595817 0.016714
1403636763.26356 -0.079454 0.167819 -0.002092 -0.807094 0.036414 -0.589007 0.018574
1403636763.31356 -0.081367 0.167819 -0.005781 -0.805096 0.036807 -0.591705 0.018752
1403636763.36356 -0.085639 0.168239 -0.009840 -0.805241 0.036430 -0.591530 0.018753
1403636763.41356 -0.088794 0.168748 -0.014551 -0.805971 0.037191 -0.590464 0.019498
1403636763.46356 -0.092646 0.168901 -0.019029 -0.805881 0.036839 -0.590629 0.018863
1403636763.51356 -0.096705 0.169507 -0.023736 -0.805868 0.037208 -0.590607 0.019374
1403636763.56356 -0.100799 0.169880 -0.028488 -0.805900 0.037070 -0.590580 0.019116
1403636763.61356 -0.105415 0.170277 -0.033276 -0.805928 0.037268 -0.590524 0.019315
1403636763.66356 -0.109957 0.170680 -0.038049 -0.805843 0.037103 -0.590655 0.019183
1403636763.71356 -0.114803 0.171169 -0.042961 -0.805913 0.037412 -0.590529 0.019471
1403636763.76356 -0.119807 0.171444 -0.047694 -0.805967 0.037174 -0.590487 0.019014
